group,victim,country,sector,discovered,post_url,status,delisted_date,first_party
emperador,Judicial Branch of the Province of Jujuy,AR,Government & Defense,2026-09-05,/post/judicial-branch-of-the-province-of-jujuy/,listed,,yes
spacebears,Sports Endeavors,US,Retail & E-Commerce,2026-09-04,http://5butbkrljkaorg5maepuca25oma7eiwo6a2rlhvkblb4v6mf3ki2ovid.onion/companies/75/sports-endeavors,listed,,yes
qilin,AP CAPITAL PARTNERS LIMITED,,Financial Services,2026-09-04,http://ijzn3sicrcy7guixkzjkib4ukbiilwc3xhnmby4mcbccnsd7j2rekvqd.onion/site/blog?uuid=1494ea59-5072-4eaa-a7ec-92aa902485ad,listed,,yes
tridentlocker,SouthernCarlson,,,2026-09-04,http://tridentfrdy6jydwywfx4vx422vnto7pktao2gyx2qdcwjanogq454ad.onion/article/5589e436-5387-4f33-99da-6c76ecf35856,listed,,yes
qilin,Commission de la construction du Quebec (CCQ),CA,Government & Defense,2026-09-04,http://ijzn3sicrcy7guixkzjkib4ukbiilwc3xhnmby4mcbccnsd7j2rekvqd.onion/site/blog?uuid=a2710463-aa0e-4555-be9c-57188ff6434c,listed,,yes
auditteam,mansurovogroup,RU,Other,2026-09-04,http://6tdqqaxftvradka5d2frzgwixis7fmro7rfh4ettzcx7jfapkebe6jad.onion/entity/17E19C9B6B41D33F,listed,,yes
auditteam,PIT.local,CO,,2026-09-04,http://6tdqqaxftvradka5d2frzgwixis7fmro7rfh4ettzcx7jfapkebe6jad.onion/entity/6B55D91EA16DCB48,listed,,yes
qilin,Complete Packaging Solutions,,Manufacturing,2026-09-04,http://ijzn3sicrcy7guixkzjkib4ukbiilwc3xhnmby4mcbccnsd7j2rekvqd.onion/site/blog?uuid=adec1c55-2d8f-4001-b107-5bc6e3433690,listed,,yes
qilin,Tanner,CL,Other,2026-09-04,http://ijzn3sicrcy7guixkzjkib4ukbiilwc3xhnmby4mcbccnsd7j2rekvqd.onion/site/blog?uuid=285a4356-5f48-45b3-b1ce-a250aab638a8,listed,,yes
spacebears,"Schwartz, Giannini, Lantsberger & Adamson (SGLA)",US,Professional Services,2026-09-04,http://5butbkrljkaorg5maepuca25oma7eiwo6a2rlhvkblb4v6mf3ki2ovid.onion/companies/74/schwartz-giannini-lantsberger-adamson-sgla,listed,,yes
spacebears,Studio Oculistico Ciraci,IT,Healthcare,2026-09-03,http://5butbkrljkaorg5maepuca25oma7eiwo6a2rlhvkblb4v6mf3ki2ovid.onion/companies/73/studio-oculistico-ciraci,listed,,yes
insomnia,"Maglin, Miskiv & Associates",US,Professional Services,2026-09-03,http://i62huw7ve22rpyw6lnq3kmfump2dmsg4xpveec3ere73njwatrz74gad.onion/Company/MnM/,listed,,yes
kairos,Ville de Libercourt,FR,Government & Defense,2026-09-02,http://nerqnacjmdy3obvevyol7qhazkwkv57dwqvye5v46k5bcujtfa6sduad.onion,listed,,yes
insomnia,N***************,US,,2026-09-02,http://i62huw7ve22rpyw6lnq3kmfump2dmsg4xpveec3ere73njwatrz74gad.onion/Company/Announce/,listed,,yes
eclipse,part1.simplexengg.in,IN,Technology,2026-09-02,http://yecdjimqiaekprxza6wkqecma4bwt757qiyfjngsaxg7rkjv4xukpwad.onion/data/part1.simplexengg.in/,listed,,yes
qilin,Uak University,TR,Education,2026-09-02,http://ijzn3sicrcy7guixkzjkib4ukbiilwc3xhnmby4mcbccnsd7j2rekvqd.onion/site/blog?uuid=759965bf-44b5-4772-93e8-cbd8e8be702b,listed,,yes
qilin,Grayson Rural Electric Cooperative,US,Energy & Utilities,2026-09-02,http://ijzn3sicrcy7guixkzjkib4ukbiilwc3xhnmby4mcbccnsd7j2rekvqd.onion/site/blog?uuid=678d1dd9-022a-4521-8317-67e56329d10e,listed,,yes
anubis,Marlborough Partners,GB,Financial Services,2026-09-02,http://om6q4a6cyipxvt7ioudxt24cw4oqu4yodmqzl25mqd2hgllymrgu4aqd.onion/r/5VYRngWB4RHGrQhum0wZh8OC72oO1g3GU++a70ZsZ6tkH4WMROBRx4tJXAXmdwAp3e0NJ5M+6ftohrSE8ypGt5MGR0ZWd4,listed,,yes
global secret group,Quality Resource Pvt,US,Other,2026-09-01,http://o5lsqyar7ox25z734k6zaxt2vf7bsyi4q5rturi5iyxzqo3ica7bjsad.onion/project/8tEkAvb4TaoYSH37/,listed,,yes
qilin,Commission de la construction du Quebec,CA,Government & Defense,2026-09-01,http://ijzn3sicrcy7guixkzjkib4ukbiilwc3xhnmby4mcbccnsd7j2rekvqd.onion/site/blog?uuid=bb124a20-c23d-4d26-a952-fefc3b6d6fc2,listed,,yes
braincipher,icot.es,ES,Technology,2026-08-31,http://vkvsgl7lhipjirmz6j5ubp3w3bwvxgcdbpi3fsbqngfynetqtw4w5hyd.onion/n/icot-es,listed,,yes
braincipher,aeiconsultants.com,US,Professional Services,2026-08-31,http://vkvsgl7lhipjirmz6j5ubp3w3bwvxgcdbpi3fsbqngfynetqtw4w5hyd.onion/n/aeiconsultants-com,listed,,yes
braincipher,syc.es,ES,Technology,2026-08-31,http://vkvsgl7lhipjirmz6j5ubp3w3bwvxgcdbpi3fsbqngfynetqtw4w5hyd.onion/n/syc-es,listed,,yes
braincipher,Adviesbureau De Beuckelaer BV,NL,Professional Services,2026-08-31,http://vkvsgl7lhipjirmz6j5ubp3w3bwvxgcdbpi3fsbqngfynetqtw4w5hyd.onion/n/adviesbureau-de-beuckelaer-BV,listed,,yes
braincipher,ahadandco.com,AE,Other,2026-08-31,http://vkvsgl7lhipjirmz6j5ubp3w3bwvxgcdbpi3fsbqngfynetqtw4w5hyd.onion/n/ahadandco-com,listed,,yes
braincipher,sago.com,,Technology,2026-08-31,http://vkvsgl7lhipjirmz6j5ubp3w3bwvxgcdbpi3fsbqngfynetqtw4w5hyd.onion/n/sago-com,listed,,yes
braincipher,crmeyer.com,DE,Professional Services,2026-08-31,http://vkvsgl7lhipjirmz6j5ubp3w3bwvxgcdbpi3fsbqngfynetqtw4w5hyd.onion/n/crmeyer-com,listed,,yes
braincipher,ccsperfusion.com,US,Healthcare,2026-08-31,http://vkvsgl7lhipjirmz6j5ubp3w3bwvxgcdbpi3fsbqngfynetqtw4w5hyd.onion/n/ccsperfusion-com,listed,,yes
qilin,Inmac,AR,Retail & E-Commerce,2026-08-31,http://ijzn3sicrcy7guixkzjkib4ukbiilwc3xhnmby4mcbccnsd7j2rekvqd.onion/site/blog?uuid=e4d6313d-31ac-4c53-a057-78763996a847,listed,,yes
global secret group,R L Fine Chem Pvt. Ltd.,IN,Manufacturing,2026-08-31,http://o5lsqyar7ox25z734k6zaxt2vf7bsyi4q5rturi5iyxzqo3ica7bjsad.onion/project/b6CUZMNZV4BJUiGi/,listed,,yes
interlock,Super Systems Inc,US,Technology,2026-08-31,http://2nv4huuzjbsqncvuepdmwneo6l4ocgtxzcgdau7obcvaqebkssfpz2ad.onion/index.php?p=,listed,,yes
falcon,Hayward Holdings,US,Manufacturing,2026-08-31,http://i7loab6thvz4lb7jdr3qoeumbvilwhbgnwsctnlfmvsv7g5s3vsiw6yd.onion/downloads/Hayward.7z,listed,,yes
qilin,Allied Recycling,IE,Manufacturing,2026-08-31,http://ijzn3sicrcy7guixkzjkib4ukbiilwc3xhnmby4mcbccnsd7j2rekvqd.onion/site/blog?uuid=e7223d63-284f-41ed-92ad-ff78a88d557a,listed,,yes
insomnia,Metro Tulsa Foot,US,Healthcare,2026-08-31,http://i62huw7ve22rpyw6lnq3kmfump2dmsg4xpveec3ere73njwatrz74gad.onion/Company/MTFAS/,listed,,yes
qilin,AFSARD,MK,,2026-08-30,http://ijzn3sicrcy7guixkzjkib4ukbiilwc3xhnmby4mcbccnsd7j2rekvqd.onion/site/blog?uuid=9136a394-e1a1-47ce-8fe6-16ed813a5d23,listed,,yes
direwolf,THQ Nordic,SE,Technology,2026-08-30,http://direwolfcdkv5whaz2spehizdg22jsuf5aeje4asmetpbt6ri4jnd4qd.onion/api/public/articles/113,listed,,yes
direwolf,Erdem Hospital,TR,Healthcare,2026-08-30,http://direwolfcdkv5whaz2spehizdg22jsuf5aeje4asmetpbt6ri4jnd4qd.onion/api/public/articles/114,listed,,yes
direwolf,Hospital Clnico Universidad de Chile,CL,Healthcare,2026-08-30,http://direwolfcdkv5whaz2spehizdg22jsuf5aeje4asmetpbt6ri4jnd4qd.onion/api/public/articles/115,listed,,yes
falcon,Globus Medical,US,Healthcare,2026-08-30,http://i7loab6thvz4lb7jdr3qoeumbvilwhbgnwsctnlfmvsv7g5s3vsiw6yd.onion/#GlobusMedical,listed,,yes
qilin,Crystalpharmatech,,Healthcare,2026-08-30,http://ijzn3sicrcy7guixkzjkib4ukbiilwc3xhnmby4mcbccnsd7j2rekvqd.onion/site/blog?uuid=9cc2365a-5fb6-4668-a614-7e65684bb18b,listed,,yes
qilin,Absolute Consultancy Services,GB,Professional Services,2026-08-30,http://ijzn3sicrcy7guixkzjkib4ukbiilwc3xhnmby4mcbccnsd7j2rekvqd.onion/site/blog?uuid=633d975c-e73f-462e-95fb-a372b53b600a,listed,,yes
qilin,Black Cat Engineering Construction Wll,QA,Manufacturing,2026-08-30,http://ijzn3sicrcy7guixkzjkib4ukbiilwc3xhnmby4mcbccnsd7j2rekvqd.onion/site/blog?uuid=9b7d483d-aaa7-4da7-8724-a96e7005d141,listed,,yes
qilin,Bandit Industries,US,Other,2026-08-29,http://ijzn3sicrcy7guixkzjkib4ukbiilwc3xhnmby4mcbccnsd7j2rekvqd.onion/site/blog?uuid=f366be31-dcd5-4b96-809c-197c9ba6999c,listed,,yes
qilin,LAPoco Architects,US,Professional Services,2026-08-29,http://ijzn3sicrcy7guixkzjkib4ukbiilwc3xhnmby4mcbccnsd7j2rekvqd.onion/site/blog?uuid=2affb033-7e6a-48cc-be6d-8b0bcb395750,listed,,yes
emperador,Uniguacu,BR,Other,2026-08-29,/post/uniguacu/,listed,,yes
qilin,Neumaticos Corral S.A.,AR,Manufacturing,2026-08-29,http://ijzn3sicrcy7guixkzjkib4ukbiilwc3xhnmby4mcbccnsd7j2rekvqd.onion/site/blog?uuid=5396431c-0700-4548-bcec-1ec417e29773,listed,,yes
qilin,The Frame Group,AU,Retail & E-Commerce,2026-08-29,http://ijzn3sicrcy7guixkzjkib4ukbiilwc3xhnmby4mcbccnsd7j2rekvqd.onion/site/blog?uuid=0b334ebb-408d-4b05-ba69-806e10a05580,listed,,yes
qilin,La Maison Des Travaux,FR,Retail & E-Commerce,2026-08-29,http://ijzn3sicrcy7guixkzjkib4ukbiilwc3xhnmby4mcbccnsd7j2rekvqd.onion/site/blog?uuid=fcb05123-2685-418f-8dd5-4c29a26ce6cb,listed,,yes
qilin,BLISS 1041,MT,,2026-08-29,http://ijzn3sicrcy7guixkzjkib4ukbiilwc3xhnmby4mcbccnsd7j2rekvqd.onion/site/blog?uuid=b03ebcee-148c-41f8-ba2e-30817cb3b4bb,listed,,yes
qilin,CareClinics,MY,Healthcare,2026-08-29,http://ijzn3sicrcy7guixkzjkib4ukbiilwc3xhnmby4mcbccnsd7j2rekvqd.onion/site/blog?uuid=d1947ee4-7210-4bf1-8c59-28faa9ac8495,listed,,yes
m3rx,lindner-group.com,AT,Manufacturing,2026-08-29,http://4k6plf4h2cm2nco6ae3inrsxnmqgl6lllmwefydhnlcq4tuhwbj4qpad.onion#lindner-group.com,listed,,yes
qilin,AUM Construction,US,Manufacturing,2026-08-29,http://ijzn3sicrcy7guixkzjkib4ukbiilwc3xhnmby4mcbccnsd7j2rekvqd.onion/site/blog?uuid=8124695c-39b4-49fa-9835-d01eb7aa9cbb,listed,,yes
iah6477,swagelok,US,Manufacturing,2026-08-29,http://iah6477wcvisc45wl54u524fbrh4dnmtcctpg2fpe5epf3jbpkiwu4qd.onion/a/swagelok/,listed,,yes
iah6477,trc-companies,US,Professional Services,2026-08-29,http://iah6477wcvisc45wl54u524fbrh4dnmtcctpg2fpe5epf3jbpkiwu4qd.onion/a/trc-companies/,delisted,2026-08-31,yes
doommageddon,SITTNAK Lojistik A.Ş.,TR,Transportation,2026-08-28,http://iacjvmxjb2ivqkxxzmde4w6g53gn6ym7c3g6mfifvejyhqtp4wrkypyd.onion/victim/sittnak-lojistik-a-ş-,listed,,yes
doommageddon,Akpera Gayrimenkul Yatırım A.Ş.,TR,Other,2026-08-28,http://iacjvmxjb2ivqkxxzmde4w6g53gn6ym7c3g6mfifvejyhqtp4wrkypyd.onion/victim/akpera-gayrimenkul-yatırım-a-ş-,listed,,yes
qilin,Alter Consultores Legales,ES,Professional Services,2026-08-28,http://ijzn3sicrcy7guixkzjkib4ukbiilwc3xhnmby4mcbccnsd7j2rekvqd.onion/site/blog?uuid=f1ab8b65-49c7-48f8-896a-75042a82c095,listed,,yes
qilin,Newton County School System,US,Education,2026-08-28,http://ijzn3sicrcy7guixkzjkib4ukbiilwc3xhnmby4mcbccnsd7j2rekvqd.onion/site/blog?uuid=d30bf640-c3c0-4fd8-a03f-1f4a9daf7726,listed,,yes
global,Vigilia,UY,Technology,2026-08-28,http://globalrbweyhxxa5b65bjjsm5bfuqfs5ydizefupqcminoedzn6o2sqd.onion,listed,,yes
global,"Hangzhou Qihan Biotech Co., Ltd.",CN,Healthcare,2026-08-28,http://globalrbweyhxxa5b65bjjsm5bfuqfs5ydizefupqcminoedzn6o2sqd.onion,listed,,yes
global,Shanghai Tunnel Engineering Co Ltd,SG,Transportation,2026-08-28,http://globalrbweyhxxa5b65bjjsm5bfuqfs5ydizefupqcminoedzn6o2sqd.onion,listed,,yes
global,Atcomm,CN,Technology,2026-08-28,http://globalrbweyhxxa5b65bjjsm5bfuqfs5ydizefupqcminoedzn6o2sqd.onion,listed,,yes
qilin,DigiGround,AU,Technology,2026-08-28,http://ijzn3sicrcy7guixkzjkib4ukbiilwc3xhnmby4mcbccnsd7j2rekvqd.onion/site/blog?uuid=0cbc2586-f3cd-44fb-9de7-8867f181aac0,listed,,yes
qilin,Tramigo,FI,Transportation,2026-08-28,http://ijzn3sicrcy7guixkzjkib4ukbiilwc3xhnmby4mcbccnsd7j2rekvqd.onion/site/blog?uuid=8d83fa74-d33c-47dc-a5a6-c95d5fbabcd5,listed,,yes
qilin,Cosmocolor SA de CV,MX,Manufacturing,2026-08-28,http://ijzn3sicrcy7guixkzjkib4ukbiilwc3xhnmby4mcbccnsd7j2rekvqd.onion/site/blog?uuid=920d72a2-e450-4ab2-9540-9fef193bf438,listed,,yes
emperador,Hanwha Renewables,KR,Energy & Utilities,2026-08-28,/post/hanwha-renewables/,listed,,yes
unsafe,amzur.com,BR,,2026-08-28,http://unsafeipw6wbkzzmj7yqp7bz6j7ivzynggmwxsm6u2wwfmfqrxqrrhyd.onion/reel/6a916155102e2455604e860b?page=1,listed,,yes
qilin,Infinnium,,Technology,2026-08-28,http://ijzn3sicrcy7guixkzjkib4ukbiilwc3xhnmby4mcbccnsd7j2rekvqd.onion/site/blog?uuid=3cdde6d5-319e-44d3-b122-150e36bab273,listed,,yes
qilin,Whitehouse,GB,Government & Defense,2026-08-28,http://ijzn3sicrcy7guixkzjkib4ukbiilwc3xhnmby4mcbccnsd7j2rekvqd.onion/site/blog?uuid=f570d277-341f-44c6-b130-aa34613d0869,listed,,yes
anubis,Caduceus Medical Group,,Healthcare,2026-08-28,http://anubisyfkh5rixydjpoo3jqucauajz2juybrbtuglcppjj2y3eg3y6ad.onion/r/IjxbBv9ng0ONhhEWp4t0SnWyMOYqB8Fibcy2BXplLorjkHn4JlUs4WNKov3nOe9b9oDDGhPqlOAQcBfxvQR0HgwNG5OVU1u,listed,,yes
qilin,Globalport Terminals,PH,Transportation,2026-08-27,http://ijzn3sicrcy7guixkzjkib4ukbiilwc3xhnmby4mcbccnsd7j2rekvqd.onion/site/blog?uuid=c7669cd1-2ccb-423c-b143-1cde8f5b9ebf,listed,,yes
qilin,Kling Automaten,DE,Retail & E-Commerce,2026-08-27,http://ijzn3sicrcy7guixkzjkib4ukbiilwc3xhnmby4mcbccnsd7j2rekvqd.onion/site/blog?uuid=53842717-9218-4879-bfe2-2a902c5969d6,listed,,yes
qilin,Dotlines,SG,Technology,2026-08-27,http://ijzn3sicrcy7guixkzjkib4ukbiilwc3xhnmby4mcbccnsd7j2rekvqd.onion/site/blog?uuid=87f7f4ad-285e-46b8-9a42-afc956fccac7,listed,,yes
emperador,Ipro.com(revealdata.com) customer DB + full database backup,,Technology,2026-08-27,/post/iprocomrevealdatacom-customer-db-full-database-backup/,listed,,yes
qilin,GPS Grothkopp und Partner,DE,Professional Services,2026-08-27,http://ijzn3sicrcy7guixkzjkib4ukbiilwc3xhnmby4mcbccnsd7j2rekvqd.onion/site/blog?uuid=c7521025-9199-4fb7-90ee-525c06e05792,listed,,yes
qilin,Providence Investments,US,Financial Services,2026-08-27,http://ijzn3sicrcy7guixkzjkib4ukbiilwc3xhnmby4mcbccnsd7j2rekvqd.onion/site/blog?uuid=dd0f8be9-ac24-420c-80ec-d928241b7a66,listed,,yes
qilin,LGG Advisors,GB,Professional Services,2026-08-27,http://ijzn3sicrcy7guixkzjkib4ukbiilwc3xhnmby4mcbccnsd7j2rekvqd.onion/site/blog?uuid=d741e592-139a-4048-95c3-ad4498fc54a2,listed,,yes
qilin,Open Sports,AR,Retail & E-Commerce,2026-08-27,http://ijzn3sicrcy7guixkzjkib4ukbiilwc3xhnmby4mcbccnsd7j2rekvqd.onion/site/blog?uuid=f47c0dbd-4012-4282-905e-bd9ed4427463,listed,,yes
auditteam,PI***al,CO,Financial Services,2026-08-27,http://6tdqqaxftvradka5d2frzgwixis7fmro7rfh4ettzcx7jfapkebe6jad.onion/entity/6B55D91EA16DCB48,listed,,yes
qilin,DAB Investments,GB,Financial Services,2026-08-27,http://ijzn3sicrcy7guixkzjkib4ukbiilwc3xhnmby4mcbccnsd7j2rekvqd.onion/site/blog?uuid=bbfd0a40-ca67-4852-9ba4-4857e21402ff,listed,,yes
qilin,Displaydata,GB,Technology,2026-08-27,http://ijzn3sicrcy7guixkzjkib4ukbiilwc3xhnmby4mcbccnsd7j2rekvqd.onion/site/blog?uuid=b023a9b8-01ac-4305-8c15-a37fe44350ab,listed,,yes
emperador,Capitol Mechanics,US,Transportation,2026-08-27,/post/capitol-mechanics/,listed,,yes
pear,"NEXT LEVEL MEDICAL, LLC",US,Healthcare,2026-08-26,http://pearsmob5sn44ismokiusuld34pnfwi6ctgin3qbvonpoob4lh3rmtqd.onion/Companies/nextlevelurgentcare,listed,,yes
iah6477,proampac,US,Manufacturing,2026-08-26,http://iah6477wcvisc45wl54u524fbrh4dnmtcctpg2fpe5epf3jbpkiwu4qd.onion/a/proampac/,listed,,yes
iah6477,mat-holdings-inc,US,Manufacturing,2026-08-26,http://iah6477wcvisc45wl54u524fbrh4dnmtcctpg2fpe5epf3jbpkiwu4qd.onion/a/mat-holdings-inc/,listed,,yes
qilin,Sanatorio Modelo de Caseros,AR,Healthcare,2026-08-26,http://ijzn3sicrcy7guixkzjkib4ukbiilwc3xhnmby4mcbccnsd7j2rekvqd.onion/site/blog?uuid=a367490f-d9fa-4df8-b65e-4eac8955ed12,listed,,yes
qilin,KenEp Resources,MY,Energy & Utilities,2026-08-26,http://ijzn3sicrcy7guixkzjkib4ukbiilwc3xhnmby4mcbccnsd7j2rekvqd.onion/site/blog?uuid=6c38b5e8-23c9-4fe7-973c-fb814e146598,listed,,yes
auditteam,Demidov Steel Group,RU,Manufacturing,2026-08-26,http://6tdqqaxftvradka5d2frzgwixis7fmro7rfh4ettzcx7jfapkebe6jad.onion/entity/C1C23C2621D1D387,listed,,yes
abyss,MEMSIC,US,Manufacturing,2026-08-26,http://3ev4metjirohtdpshsqlkrqcmxq6zu3d7obrdhglpy5jpbr7whmlfgqd.onion,listed,,yes
ailock,Morgan Services,GB,Professional Services,2026-08-26,http://dhnsppqjaaa22lsqxl2tfhji4ca43743kubltnodvsft3hkvai77p6ad.onion,listed,,yes
ailock,Hamilton,US,Other,2026-08-26,http://dhnsppqjaaa22lsqxl2tfhji4ca43743kubltnodvsft3hkvai77p6ad.onion,listed,,yes
auditteam,ma***up,RU,,2026-08-25,http://6tdqqaxftvradka5d2frzgwixis7fmro7rfh4ettzcx7jfapkebe6jad.onion/entity/17E19C9B6B41D33F,listed,,yes
direwolf,Studio Legale ESE,IT,Professional Services,2026-08-25,http://direwolfcdkv5whaz2spehizdg22jsuf5aeje4asmetpbt6ri4jnd4qd.onion/api/public/articles/112,listed,,yes
global secret group,Tiseo Paving,US,Transportation,2026-08-25,http://o5lsqyar7ox25z734k6zaxt2vf7bsyi4q5rturi5iyxzqo3ica7bjsad.onion/project/Rb2qPykYvPvurucj/,listed,,yes
global secret group,Johnson City Honda,US,Retail & E-Commerce,2026-08-25,http://o5lsqyar7ox25z734k6zaxt2vf7bsyi4q5rturi5iyxzqo3ica7bjsad.onion/project/AUm9jjHmLf3JmpdJ/,listed,,yes
global secret group,"Lockheed Architectural Solutions, Inc.",US,Government & Defense,2026-08-25,http://o5lsqyar7ox25z734k6zaxt2vf7bsyi4q5rturi5iyxzqo3ica7bjsad.onion/project/GjZTZjKjC69Si2Bp/,listed,,yes
genesis,S*******,,,2026-08-25,http://genesis6ixpb5mcy4kudybtw5op2wqlrkocfogbnenz3c647ibqixiad.onion/44dfaf172b7515dc1e80/,listed,,yes
beast,Cosmon,US,Technology,2026-08-25,http://beast6azu4f7fxjakiayhnssybibsgjnmy77a6duufqw5afjzfjhzuqd.onion/card/cosmon,listed,,yes
deadlock,FBC,ZA,,2026-08-24,,listed,,yes
safepay,lagegepesca.it,IT,Agriculture and Food Production,2026-08-24,http://safepaypfxntwixwjrlcscft433ggemlhgkkdupi2ynhtcmvdgubmoyd.onion/blog/post/lagegepescait/,listed,,yes
arcusmedia,ManagementPro,,Professional Services,2026-08-24,http://arcuufpr5xxbbkin4mlidt7itmr6znlppk63jbtkeguuhszmc5g7qdyd.onion/?p=793,listed,,yes
arcusmedia,Mark’Techno,,Technology,2026-08-24,http://arcuufpr5xxbbkin4mlidt7itmr6znlppk63jbtkeguuhszmc5g7qdyd.onion/?p=792,listed,,yes
blackwater,www.ptesm.com,PT,,2026-08-24,http://ejzl7cjxmkx7lzhiqwidmrwtfjv45pkczbc4fnyaut3t7gll3yaiq5id.onion/blog?uuid=340ec8c9-e611-3e1f-a055-94c473d09c50,listed,,yes
genesis,Hospitality Health ER (Longview),US,Healthcare,2026-08-23,http://genesis6ixpb5mcy4kudybtw5op2wqlrkocfogbnenz3c647ibqixiad.onion/9e19757b54df85888c12/,listed,,yes
killsec,Global Go,PE,Transportation,2026-08-23,http://ks5424y3wpr5zlug5c7i6svvxweinhbdcqcfnptkfcutrncfazzgz5id.onion/?view=75f4198ee48a,listed,,yes
emperador,FRUCASTRO SL,ES,Agriculture and Food Production,2026-08-23,/post/frucastro-sl/,listed,,yes
metaencryptor,Woodlore International Inc.,CA,Other,2026-08-23,https://metacrpttdfpbm4qoxzcrqqgr6e6zafpazgxm72knmujw2mwvi34rwad.onion/0AFC:644c53bedb78989e0beea79eb1af1ff3a6b9c8b7f1830f7d6ac6f327e88ded25/0AFC:30ac6375426b74221904bfbd548b5ce687b16a10752cc712c923986980550a61729386c25785e967d285b5403543b621,listed,,yes
metaencryptor,Trailer Transit Inc,US,Transportation,2026-08-23,https://metacrpttdfpbm4qoxzcrqqgr6e6zafpazgxm72knmujw2mwvi34rwad.onion/0AFC:d767a9ce15f9543dc24fa118136ffcf487e61f367fcf608aa0a18a42fd58dc67/0AFC:f77109731b04e722189f6db5a9f8f826f5b84af4608d19bdf8565ceed22bd92959918e5c9fb4143402db5d545ee7ba48,listed,,yes
metaencryptor,Weber Water Resources,US,Energy & Utilities,2026-08-23,https://metacrpttdfpbm4qoxzcrqqgr6e6zafpazgxm72knmujw2mwvi34rwad.onion/0AFC:3c23cfc8a16ad3c98f0d14eb26ac68e7075cd4b84f3a87f649e441954b5d7b8b/0AFC:ff69a89f01ca638c160b25a8f27f8c2fd334048e1ac77088f7a63630204fe11becb07b43124d47b5c171440da2b3bc93,listed,,yes
metaencryptor,MPA Pharma GmbH,DE,Healthcare,2026-08-23,https://metacrpttdfpbm4qoxzcrqqgr6e6zafpazgxm72knmujw2mwvi34rwad.onion/0AFC:a84a63e32fcda270b5ffc2ff794708035c3da8e950597ea08b71c87be2694436/0AFC:5d163147e4a9f437182691d51c7a38d17e30878fa36213c6facd0e05d898afb8,listed,,yes
metaencryptor,Aquamar Inc,US,Agriculture and Food Production,2026-08-23,https://metacrpttdfpbm4qoxzcrqqgr6e6zafpazgxm72knmujw2mwvi34rwad.onion/0AFC:c589737b6ac7c97092ef61865d5d322877ed7b9d8092c74585ac90b46ad06a2d/0AFC:b2bb7035af4c4ca15bd96981b733feb0acecc8301a9ae0d39337c91223270f1c,listed,,yes
metaencryptor,Corona Corporation,JP,Other,2026-08-23,https://metacrpttdfpbm4qoxzcrqqgr6e6zafpazgxm72knmujw2mwvi34rwad.onion/0AFC:09dc4c91d8121c0f6a44fd584b4a7a1f/0AFC:e23244d5ca0b6e2c3d7701ad03eb144f9b5be7f720368862a2992c0e4fe2392a,listed,,yes
helix,AmSpec,US,Energy & Utilities,2026-08-22,http://helixr2sncrd3ndsz5oho6mzqw3x5u7mvox5zcsngc5wm7v4l5k7oryd.onion/p/05d7e14bd3e7d7efce2406aad744dc6daa15edfbca7d38cb8ced622125d3c989,listed,,yes
emperador,Vietnam Electricity(EVNHANOI),VN,Energy & Utilities,2026-08-22,/post/vietnam-electricityevnhanoi/,listed,,yes
spacebears,holzmarkt chemnitz,DE,Retail & E-Commerce,2026-08-22,http://5butbkrljkaorg5maepuca25oma7eiwo6a2rlhvkblb4v6mf3ki2ovid.onion/companies/71/holzmarkt-chemnitz,listed,,yes
spacebears,Freelom,CZ,,2026-08-22,http://5butbkrljkaorg5maepuca25oma7eiwo6a2rlhvkblb4v6mf3ki2ovid.onion/companies/72/freelom,listed,,yes
pear,Island Networks,JM,Technology,2026-08-22,http://pearsmob5sn44ismokiusuld34pnfwi6ctgin3qbvonpoob4lh3rmtqd.onion/Companies/islandnetjm,listed,,yes
pear,"Mogren, Glessner & Ahrens, P.S.",US,Professional Services,2026-08-22,http://pearsmob5sn44ismokiusuld34pnfwi6ctgin3qbvonpoob4lh3rmtqd.onion/Companies/mgrlaw,listed,,yes
termite,Everglades Boats,US,Manufacturing,2026-08-22,http://termiteuslbumdge2zmfmfcsrvmvsfe4gvyudc5j6cdnisnhtftvokid.onion/post/6a7cf68efbf635b18142e1d4,listed,,yes
pear,Clifton Architectural Glass & Metal,US,Manufacturing,2026-08-21,http://pearsmob5sn44ismokiusuld34pnfwi6ctgin3qbvonpoob4lh3rmtqd.onion/Companies/cliftonglass,listed,,yes
pear,First Commerce LLC,US,Financial Services,2026-08-21,http://pearsmob5sn44ismokiusuld34pnfwi6ctgin3qbvonpoob4lh3rmtqd.onion/Companies/firstcommercellc,listed,,yes
anubis,Interim HealthCare [Head office],US,Healthcare,2026-08-21,http://om6q4a6cyipxvt7ioudxt24cw4oqu4yodmqzl25mqd2hgllymrgu4aqd.onion/r/qSyLjdjTxND8z6QcanI76118t3safzffkx25VyrsP8pRisU9uC3yns7FVVZTZ2KwlAv3deD5VCYDtdSoeUz2NJc1JRNFJi,listed,,yes
direwolf,NorthStar,CA,,2026-08-21,http://direwolfcdkv5whaz2spehizdg22jsuf5aeje4asmetpbt6ri4jnd4qd.onion/api/public/articles/97,listed,,yes
direwolf,The Revel Collective,US,Other,2026-08-21,http://direwolfcdkv5whaz2spehizdg22jsuf5aeje4asmetpbt6ri4jnd4qd.onion/api/public/articles/99,listed,,yes
direwolf,ProSim Aviation Research,NL,Technology,2026-08-21,http://direwolfcdkv5whaz2spehizdg22jsuf5aeje4asmetpbt6ri4jnd4qd.onion/api/public/articles/100,listed,,yes
direwolf,Authenticate Information Systems,US,Technology,2026-08-21,http://direwolfcdkv5whaz2spehizdg22jsuf5aeje4asmetpbt6ri4jnd4qd.onion/api/public/articles/101,listed,,yes
direwolf,Diaco Global,,Other,2026-08-21,http://direwolfcdkv5whaz2spehizdg22jsuf5aeje4asmetpbt6ri4jnd4qd.onion/api/public/articles/102,listed,,yes
direwolf,iSON XPERIENCES,MX,Hospitality,2026-08-21,http://direwolfcdkv5whaz2spehizdg22jsuf5aeje4asmetpbt6ri4jnd4qd.onion/api/public/articles/103,listed,,yes
direwolf,Deer Creek-Mackinaw CUSD,US,Education,2026-08-21,http://direwolfcdkv5whaz2spehizdg22jsuf5aeje4asmetpbt6ri4jnd4qd.onion/api/public/articles/105,listed,,yes
direwolf,Allstar Industries,US,Manufacturing,2026-08-21,http://direwolfcdkv5whaz2spehizdg22jsuf5aeje4asmetpbt6ri4jnd4qd.onion/api/public/articles/106,listed,,yes
direwolf,HP Carriers,US,Transportation,2026-08-21,http://direwolfcdkv5whaz2spehizdg22jsuf5aeje4asmetpbt6ri4jnd4qd.onion/api/public/articles/107,listed,,yes
direwolf,MCT Group of Companies,AE,Other,2026-08-21,http://direwolfcdkv5whaz2spehizdg22jsuf5aeje4asmetpbt6ri4jnd4qd.onion/api/public/articles/108,listed,,yes
direwolf,Reviso Cloud Accounting Limited,DK,Financial Services,2026-08-21,http://direwolfcdkv5whaz2spehizdg22jsuf5aeje4asmetpbt6ri4jnd4qd.onion/api/public/articles/109,listed,,yes
direwolf,Studee,,Education,2026-08-21,http://direwolfcdkv5whaz2spehizdg22jsuf5aeje4asmetpbt6ri4jnd4qd.onion/api/public/articles/110,listed,,yes
kairos,Ayuntamiento de Velilla de San Antonio,ES,Government & Defense,2026-08-20,http://kairosgeuzkzz3ajntqcyxl3ib36szz3mg62mb3zbui33pbk3uzo4qqd.onion,listed,,yes
iah6477,regencycenters,US,Retail & E-Commerce,2026-08-20,http://iah6477wcvisc45wl54u524fbrh4dnmtcctpg2fpe5epf3jbpkiwu4qd.onion/a/regencycenters/,listed,,yes
iah6477,acima,US,Financial Services,2026-08-20,http://iah6477wcvisc45wl54u524fbrh4dnmtcctpg2fpe5epf3jbpkiwu4qd.onion/a/acima/,listed,,yes
iah6477,marvin,,Technology,2026-08-20,http://iah6477wcvisc45wl54u524fbrh4dnmtcctpg2fpe5epf3jbpkiwu4qd.onion/a/marvin/,listed,,yes
emperador,NetExam,,Technology,2026-08-20,/post/netexam/,listed,,yes
everest,CCA Bank,,Financial Services,2026-08-20,http://everestndkvzcibcje2cqxhre2hmmybl3rn2gwzwsblz7gx6uryn5rad.onion/news/cca-bank,listed,,yes
pear,Medical Arts Chemists and Surgicals,US,Healthcare,2026-08-20,http://pearsmob5sn44ismokiusuld34pnfwi6ctgin3qbvonpoob4lh3rmtqd.onion/Companies/medarts,listed,,yes
pear,Club One Casino,US,Hospitality,2026-08-20,http://pearsmob5sn44ismokiusuld34pnfwi6ctgin3qbvonpoob4lh3rmtqd.onion/Companies/clubonecasino,listed,,yes
pear,Practi-Cal,US,Other,2026-08-20,http://pearsmob5sn44ismokiusuld34pnfwi6ctgin3qbvonpoob4lh3rmtqd.onion/Companies/practi-cal,listed,,yes
pear,Austin Plastic Surgery Institute,US,Healthcare,2026-08-20,http://pearsmob5sn44ismokiusuld34pnfwi6ctgin3qbvonpoob4lh3rmtqd.onion/Companies/austinpsi,listed,,yes
deadlock,JP Molyneux Studio,GB,Other,2026-08-20,,listed,,yes
everest,Experts Entreprendre,FR,Professional Services,2026-08-20,http://everestndkvzcibcje2cqxhre2hmmybl3rn2gwzwsblz7gx6uryn5rad.onion/news/experts-entreprendre,listed,,yes
everest,Grupo DT,ES,Other,2026-08-20,http://everestndkvzcibcje2cqxhre2hmmybl3rn2gwzwsblz7gx6uryn5rad.onion/news/grupo-dt,listed,,yes
everest,Capgemini Engineering,FR,Professional Services,2026-08-20,http://everestndkvzcibcje2cqxhre2hmmybl3rn2gwzwsblz7gx6uryn5rad.onion/news/capgemini-engineering,listed,,yes
helix,Delek US,US,Energy & Utilities,2026-08-19,http://helixr2sncrd3ndsz5oho6mzqw3x5u7mvox5zcsngc5wm7v4l5k7oryd.onion/p/169f107db2a3ef002d03c665c3adf1f71560d1c5463ef35f720a9d5062f80d4b,listed,,yes
deadlock,UFOC,TW,,2026-08-19,,listed,,yes
deadlock,Global Terminal Services,TR,Transportation,2026-08-19,,listed,,yes
insomnia,Aurora Health Management,US,Healthcare,2026-08-19,http://i62huw7ve22rpyw6lnq3kmfump2dmsg4xpveec3ere73njwatrz74gad.onion/Company/Aurora/,listed,,yes
interlock,Southeastern Oklahoma State University,US,Education,2026-08-19,http://mfrgymzi6w34lmxojf7hgteoskqo6j5zelunqh3dwxcmz7bbacqzwcad.onion/index.php?p=,listed,,yes
direwolf,InfoFlo CRM,US,Technology,2026-08-19,http://direwolfcdkv5whaz2spehizdg22jsuf5aeje4asmetpbt6ri4jnd4qd.onion/api/public/articles/93,listed,,yes
direwolf,PayUp,,Financial Services,2026-08-19,http://direwolfcdkv5whaz2spehizdg22jsuf5aeje4asmetpbt6ri4jnd4qd.onion/api/public/articles/95,listed,,yes
direwolf,Lifesum,SE,Healthcare,2026-08-19,http://direwolfcdkv5whaz2spehizdg22jsuf5aeje4asmetpbt6ri4jnd4qd.onion/api/public/articles/96,listed,,yes
securotrop,ADL Embedded Solutions,US,Manufacturing,2026-08-18,http://securo45z554mw7rgrt7wcgv5eenj2xmxyrsdj3fcjsvindu63s4bsid.onion,listed,,yes
emperador,Prefeitura Municipal de Arcos,BR,Government & Defense,2026-08-18,/post/prefeitura-municipal-de-arcos/,listed,,yes
anubis,Scholle IPN / SIG,DE,Manufacturing,2026-08-18,http://om6q4a6cyipxvt7ioudxt24cw4oqu4yodmqzl25mqd2hgllymrgu4aqd.onion/r/Dj8yoB2WXxWnsaz7rWtbtYu4vlkCxVt24eIEwa4Rut9nKfSy2ZsAzadrZvrQraO+LEngQYNc7SPDzMAN5mMTlDa1l5QjRT,listed,,yes
insomnia,Codinter,US,Technology,2026-08-17,http://i62huw7ve22rpyw6lnq3kmfump2dmsg4xpveec3ere73njwatrz74gad.onion/Company/Codinter/,listed,,yes
global secret group,The Rubber Group,US,Manufacturing,2026-08-17,http://o5lsqyar7ox25z734k6zaxt2vf7bsyi4q5rturi5iyxzqo3ica7bjsad.onion/project/42/,listed,,yes
global secret group,4M REALTY COMPANY,US,Retail & E-Commerce,2026-08-17,http://o5lsqyar7ox25z734k6zaxt2vf7bsyi4q5rturi5iyxzqo3ica7bjsad.onion/project/41/,listed,,yes
direwolf,Arizona State University (ASU),US,Education,2026-08-17,http://direwolfcdkv5whaz2spehizdg22jsuf5aeje4asmetpbt6ri4jnd4qd.onion/api/public/articles/91,listed,,yes
direwolf,Wishfully Studios,SE,Technology,2026-08-17,http://direwolfcdkv5whaz2spehizdg22jsuf5aeje4asmetpbt6ri4jnd4qd.onion/api/public/articles/90,listed,,yes
direwolf,Mighty Kingdom,AU,Technology,2026-08-17,http://direwolfcdkv5whaz2spehizdg22jsuf5aeje4asmetpbt6ri4jnd4qd.onion/api/public/articles/89,listed,,yes
direwolf,Eva AI Limited,GB,Technology,2026-08-17,http://direwolfcdkv5whaz2spehizdg22jsuf5aeje4asmetpbt6ri4jnd4qd.onion/api/public/articles/92,listed,,yes
emperador,Albania's Official National Teacher Training Portal,AL,Education,2026-08-17,/post/albanias-official-national-teacher-training-portal/,listed,,yes
helix,Kennedy Jenks,US,Professional Services,2026-08-16,http://helixr2sncrd3ndsz5oho6mzqw3x5u7mvox5zcsngc5wm7v4l5k7oryd.onion/p/1ba8b0df41a617631d09ae43a2bb4a5748b5b3f2b1cd007251bb3598a5ddcf44,listed,,yes
direwolf,DodoPayments,IN,Financial Services,2026-08-15,http://direwolfcdkv5whaz2spehizdg22jsuf5aeje4asmetpbt6ri4jnd4qd.onion/article/82,listed,,yes
direwolf,AAM:HOA Management,US,Professional Services,2026-08-15,http://direwolfcdkv5whaz2spehizdg22jsuf5aeje4asmetpbt6ri4jnd4qd.onion/article/83,listed,,yes
direwolf,TOTVS,BR,Technology,2026-08-15,http://direwolfcdkv5whaz2spehizdg22jsuf5aeje4asmetpbt6ri4jnd4qd.onion/article/84,listed,,yes
direwolf,Colla Health,US,Healthcare,2026-08-15,http://direwolfcdkv5whaz2spehizdg22jsuf5aeje4asmetpbt6ri4jnd4qd.onion/article/85,listed,,yes
direwolf,DXS International,GB,Technology,2026-08-15,http://direwolfcdkv5whaz2spehizdg22jsuf5aeje4asmetpbt6ri4jnd4qd.onion/article/87,listed,,yes
ms13089,servmarmg.cl,CL,Other,2026-08-15,http://msleakjir7pxbe6onlqe5uwgvdmy6nq4mnwfy7ojswbhnleenm77vgad.onion/MGS/index.html,listed,,yes
spacebears,SEARS (Grupo Sanborns),MX,Retail & E-Commerce,2026-08-15,http://5butbkrljkaorg5maepuca25oma7eiwo6a2rlhvkblb4v6mf3ki2ovid.onion/companies/70/sears-grupo-sanborns,listed,,yes
securotrop,Lepi Enterprises,US,,2026-08-15,http://securo45z554mw7rgrt7wcgv5eenj2xmxyrsdj3fcjsvindu63s4bsid.onion,listed,,yes
blackwater,www.amca.org.ar,AR,Professional Services,2026-08-15,http://ejzl7cjxmkx7lzhiqwidmrwtfjv45pkczbc4fnyaut3t7gll3yaiq5id.onion/blog?uuid=b4bdc6d3-3c1e-349b-821f-543ab3a4c7fa,listed,,yes
blackwater,www.shalina.com,IN,,2026-08-15,http://ejzl7cjxmkx7lzhiqwidmrwtfjv45pkczbc4fnyaut3t7gll3yaiq5id.onion/blog?uuid=67ef1aa3-bfe3-35fa-8712-c3b6977bc7be,listed,,yes
anubis,Interim HealthCare,US,Healthcare,2026-08-15,http://om6q4a6cyipxvt7ioudxt24cw4oqu4yodmqzl25mqd2hgllymrgu4aqd.onion/r/xjzBCfUkCOzKIJhTh9nwY7NPbaLxJGgene7s3HohBcLhET3VwjRQ5Za64O19nnRB2nOWIYc0F5Y5ccdhMpg7XJLRVdOcTdh,listed,,yes
safepay,granjarinya.com,ES,Agriculture and Food Production,2026-08-14,http://safepaypfxntwixwjrlcscft433ggemlhgkkdupi2ynhtcmvdgubmoyd.onion/blog/post/granjarinyacom/,listed,,yes
global secret group,Columbia University Information (Dental),US,Healthcare,2026-08-14,http://o5lsqyar7ox25z734k6zaxt2vf7bsyi4q5rturi5iyxzqo3ica7bjsad.onion/project/40/,listed,,yes
m3rx,tecnoabi.com,BR,Technology,2026-08-14,http://4k6plf4h2cm2nco6ae3inrsxnmqgl6lllmwefydhnlcq4tuhwbj4qpad.onion#tecnoabi.com,listed,,yes
payload,Zara Investment Holding,JO,Financial Services,2026-08-13,http://payloadrz5yw227brtbvdqpnlhq3rdcdekdnn3rgucbcdeawq2v6vuyd.onion/posts/d137bbd6-880d-4822-9520-80f60c037465,listed,,yes
ailock,DAISEN,JP,Technology,2026-08-13,http://dhnsppqjaaa22lsqxl2tfhji4ca43743kubltnodvsft3hkvai77p6ad.onion,listed,,yes
ailock,Yaomasa,JP,,2026-08-13,http://dhnsppqjaaa22lsqxl2tfhji4ca43743kubltnodvsft3hkvai77p6ad.onion,listed,,yes
kairos,Hightech Signs,US,Manufacturing,2026-08-12,http://erqnacjmdy3obvevyol7qhazkwkv57dwqvye5v46k5bcujtfa6sduad.onion,listed,,yes
emperador,City Government of Baguio,PH,Government & Defense,2026-08-12,http://emprdr4p7iwlhpky33tswt3k2qdeljyjcdpoysabudmmrz4z32laexad.onion/post/city-government-of-baguio/,listed,,yes
spacebears,Basso Fedele & Figli S.r.l. (Olio Basso) / Villa Raiano,IT,Agriculture and Food Production,2026-08-12,http://5butbkrljkaorg5maepuca25oma7eiwo6a2rlhvkblb4v6mf3ki2ovid.onion/companies/68/basso-fedele-figli-srl-olio-basso-villa-raiano,listed,,yes
interlock,AngMar Companies,,,2026-08-11,http://xkqqpb46vk7appesxtmotbrweogkux6gheyonqpk2dxbuqetgt3cvrad.onion/index.php?p=,listed,,yes
payload,B&B Hydraulik,DE,Manufacturing,2026-08-11,http://payloadrz5yw227brtbvdqpnlhq3rdcdekdnn3rgucbcdeawq2v6vuyd.onion/posts/aea6bcf8-61d1-4eae-a870-f7c7367b2d34,listed,,yes
payload,Stücheli Architekten,CH,Professional Services,2026-08-11,http://payloadrz5yw227brtbvdqpnlhq3rdcdekdnn3rgucbcdeawq2v6vuyd.onion/posts/4669b9bc-d2ca-4dbd-915c-3602406b8132,listed,,yes
payload,Baya Technologies,,Technology,2026-08-11,http://payloadrz5yw227brtbvdqpnlhq3rdcdekdnn3rgucbcdeawq2v6vuyd.onion/posts/72905d59-7eea-4b01-9739-e2eec504e371,listed,,yes
direwolf,Leafwell,US,Healthcare,2026-08-11,http://direwolfcdkv5whaz2spehizdg22jsuf5aeje4asmetpbt6ri4jnd4qd.onion/api/public/articles/81,listed,,yes
genesis,Interim HealthCare,US,Healthcare,2026-08-11,http://genesis6ixpb5mcy4kudybtw5op2wqlrkocfogbnenz3c647ibqixiad.onion/7f2a0a2775f800d932ea/,listed,,yes
direwolf,BigSpark,AI,,2026-08-10,http://direwolfcdkv5whaz2spehizdg22jsuf5aeje4asmetpbt6ri4jnd4qd.onion/api/public/articles/80,listed,,yes
anubis,Cleaver-Brooks,US,Manufacturing,2026-08-10,http://om6q4a6cyipxvt7ioudxt24cw4oqu4yodmqzl25mqd2hgllymrgu4aqd.onion/r/dYhaxPlEm+MM1HGZrdjsCQ2zwR+TdXRV5fWA04IB7AJL7GAC53hyLGgzLN25Kh6uDrrSTzDBmSVEqH1eIJWIHM0WUtyWlU5,listed,,yes
deadlock,LT Group / Fortune Tobacco Corp,PH,Manufacturing,2026-08-10,,listed,,yes
genesis,Consolidated Medical Practices of Memphis,US,Healthcare,2026-08-10,http://genesis6ixpb5mcy4kudybtw5op2wqlrkocfogbnenz3c647ibqixiad.onion/8134b54f8d2622fd7303/,listed,,yes
global secret group,Coggins Insurance Agency,US,Financial Services,2026-08-10,http://o5lsqyar7ox25z734k6zaxt2vf7bsyi4q5rturi5iyxzqo3ica7bjsad.onion/project/18/,listed,,yes
unsafe,Presentations.AI,US,Technology,2026-08-10,http://unsafeipw6wbkzzmj7yqp7bz6j7ivzynggmwxsm6u2wwfmfqrxqrrhyd.onion/reel/6a79814c8b907544821fbbb6?page=1,listed,,yes
global secret group,MACOFIN HELLAS S.A.,GR,Financial Services,2026-08-10,http://o5lsqyar7ox25z734k6zaxt2vf7bsyi4q5rturi5iyxzqo3ica7bjsad.onion/project/38/,listed,,yes
global secret group,Cook Remodeling,US,Other,2026-08-10,http://o5lsqyar7ox25z734k6zaxt2vf7bsyi4q5rturi5iyxzqo3ica7bjsad.onion/project/37/,listed,,yes
spacebears,Elixi International SA,CH,Healthcare,2026-08-10,http://5butbkrljkaorg5maepuca25oma7eiwo6a2rlhvkblb4v6mf3ki2ovid.onion/companies/67/elixi-international-sa,listed,,yes
unsafe,Constellation HomeBuilder Systems,US,Manufacturing,2026-08-09,http://unsafeipw6wbkzzmj7yqp7bz6j7ivzynggmwxsm6u2wwfmfqrxqrrhyd.onion/reel/6a788dc78b907544821fb857?page=1,listed,,yes
everest,Ingersoll Rand,US,Manufacturing,2026-08-08,http://everestndkvzcibcje2cqxhre2hmmybl3rn2gwzwsblz7gx6uryn5rad.onion/news/ingersoll-rand,listed,,yes
spacebears,Hitech Distribuzione Informatica S.r.l. (HTDI),IT,Technology,2026-08-07,http://5butbkrljkaorg5maepuca25oma7eiwo6a2rlhvkblb4v6mf3ki2ovid.onion/companies/66/hitech-distribuzione-informatica-srl-htdi,listed,,yes
helix,Venture Logistics,,Transportation,2026-08-07,http://helix2kvkqjzrkh3ospyukij7uemxwvbdmqberjmrudjmqy4hspwzzqd.onion/p/f2cb1153792fbedb831aa6280d414b35473e8e3a297904b810003b04d8eca445,listed,,yes
helix,Uber,US,Transportation,2026-08-07,http://helix2kvkqjzrkh3ospyukij7uemxwvbdmqberjmrudjmqy4hspwzzqd.onion/p/98709deba70bbdf82c24ed60e779c06c8cf8fec574c10403a9c0caff8e5b84df,listed,,yes
helix,Highwoods Properties,US,Other,2026-08-07,http://helix2kvkqjzrkh3ospyukij7uemxwvbdmqberjmrudjmqy4hspwzzqd.onion/p/0194658fe7e20d85cecdfb41e2e7545b5d60ac3a53314ecc52c0e239ac6e912c,listed,,yes
helix,Morguard,US,,2026-08-07,http://helix2kvkqjzrkh3ospyukij7uemxwvbdmqberjmrudjmqy4hspwzzqd.onion/p/c986586defd4792920f696b167ebdef91eca624746fe6cb5c6a06a0661e43d09,listed,,yes
helix,Westland Insurance,CA,Financial Services,2026-08-07,http://helix2kvkqjzrkh3ospyukij7uemxwvbdmqberjmrudjmqy4hspwzzqd.onion/p/380506d310d5417b836512938f95a302a7fb021fbe54b9f392da079aaf9ade1e,listed,,yes
qilin,Crystal Pharmatech,US,Healthcare,2026-08-06,http://ijzn3sicrcy7guixkzjkib4ukbiilwc3xhnmby4mcbccnsd7j2rekvqd.onion/site/blog?uuid=7bd8601b-91ae-4038-beed-c1874f4bbf01,listed,,yes
gammax,King International LLC,US,Other,2026-08-06,http://gammax6w3dkfdjfrjthtmqzsioue52vzy6lz54qy6jcvmogfpubutjyd.onion/post/AFBmWr4p81arGYJQASFrgaRwBcLLK1Ta,listed,,yes
insomnia,Park Place Behavioral Health Care,US,Healthcare,2026-08-06,http://i62huw7ve22rpyw6lnq3kmfump2dmsg4xpveec3ere73njwatrz74gad.onion/Company/PPBH/,listed,,yes
orion,ipsenlogistics.com,,Transportation,2026-08-05,http://cjfntkj5qeizxowuy3srceg7zo6namc3kfeor7pfn6bpdkl3w265ooid.onion/news/article?id=22,listed,,yes
orion,hetero.com,,Healthcare,2026-08-05,http://cjfntkj5qeizxowuy3srceg7zo6namc3kfeor7pfn6bpdkl3w265ooid.onion/news/article?id=23,listed,,yes
orion,sitrack.com,DE,Transportation,2026-08-05,http://cjfntkj5qeizxowuy3srceg7zo6namc3kfeor7pfn6bpdkl3w265ooid.onion/news/article?id=24,listed,,yes
orion,kioti.com,US,Agriculture and Food Production,2026-08-05,http://cjfntkj5qeizxowuy3srceg7zo6namc3kfeor7pfn6bpdkl3w265ooid.onion/news/article?id=25,listed,,yes
orion,udhaiyamdhall.com,IN,Retail & E-Commerce,2026-08-05,http://cjfntkj5qeizxowuy3srceg7zo6namc3kfeor7pfn6bpdkl3w265ooid.onion/news/article?id=26,listed,,yes
orion,emanic.net,DE,Technology,2026-08-05,http://cjfntkj5qeizxowuy3srceg7zo6namc3kfeor7pfn6bpdkl3w265ooid.onion/news/article?id=27,listed,,yes
orion,daubertchemical.com,US,Manufacturing,2026-08-05,http://cjfntkj5qeizxowuy3srceg7zo6namc3kfeor7pfn6bpdkl3w265ooid.onion/news/article?id=28,listed,,yes
orion,morrisgroupint.com,GB,Professional Services,2026-08-05,http://cjfntkj5qeizxowuy3srceg7zo6namc3kfeor7pfn6bpdkl3w265ooid.onion/news/article?id=29,listed,,yes
orion,pricemodern.com,,Retail & E-Commerce,2026-08-05,http://cjfntkj5qeizxowuy3srceg7zo6namc3kfeor7pfn6bpdkl3w265ooid.onion/news/article?id=30,listed,,yes
orion,Nitrex Chemicals India,IN,Manufacturing,2026-08-05,http://cjfntkj5qeizxowuy3srceg7zo6namc3kfeor7pfn6bpdkl3w265ooid.onion/news/article?id=37,listed,,yes
global secret group,Pavillon,US,Other,2026-08-05,http://o5lsqyar7ox25z734k6zaxt2vf7bsyi4q5rturi5iyxzqo3ica7bjsad.onion/project/36/,listed,,yes
everest,EPM,CO,Energy & Utilities,2026-08-05,http://everestndkvzcibcje2cqxhre2hmmybl3rn2gwzwsblz7gx6uryn5rad.onion/news/epm,listed,,yes
everest,AKM Enterprises INC,US,Other,2026-08-05,http://everestndkvzcibcje2cqxhre2hmmybl3rn2gwzwsblz7gx6uryn5rad.onion/news/akm-enterprises-inc,listed,,yes
everest,Formulatrix,US,Technology,2026-08-05,http://everestndkvzcibcje2cqxhre2hmmybl3rn2gwzwsblz7gx6uryn5rad.onion/news/formulatrix,listed,,yes
everest,Oasis Legal Group,US,Professional Services,2026-08-05,http://everestndkvzcibcje2cqxhre2hmmybl3rn2gwzwsblz7gx6uryn5rad.onion/news/oasis-legal-group,listed,,yes
everest,Conway Analytics,US,Technology,2026-08-05,http://everestndkvzcibcje2cqxhre2hmmybl3rn2gwzwsblz7gx6uryn5rad.onion/news/conway-analytics,listed,,yes
everest,Greenbotz,IN,Technology,2026-08-05,http://everestndkvzcibcje2cqxhre2hmmybl3rn2gwzwsblz7gx6uryn5rad.onion/news/greenbotz,listed,,yes
everest,NIMR Oil,AE,Energy & Utilities,2026-08-05,http://everestndkvzcibcje2cqxhre2hmmybl3rn2gwzwsblz7gx6uryn5rad.onion/news/nimr-oil,listed,,yes
everest,TechCorr,,Technology,2026-08-05,http://everestndkvzcibcje2cqxhre2hmmybl3rn2gwzwsblz7gx6uryn5rad.onion/news/techcorr,listed,,yes
everest,Rodschinson Investment,BE,Financial Services,2026-08-05,http://everestndkvzcibcje2cqxhre2hmmybl3rn2gwzwsblz7gx6uryn5rad.onion/news/rodschinson-investment,listed,,yes
everest,Allied Telesis,JP,Technology,2026-08-05,http://everestndkvzcibcje2cqxhre2hmmybl3rn2gwzwsblz7gx6uryn5rad.onion/news/allied-telesis,listed,,yes
everest,Dharma Group,IT,Other,2026-08-05,http://everestndkvzcibcje2cqxhre2hmmybl3rn2gwzwsblz7gx6uryn5rad.onion/news/dharma-group,listed,,yes
everest,Emirates Flight Catering,AE,Hospitality,2026-08-05,http://everestndkvzcibcje2cqxhre2hmmybl3rn2gwzwsblz7gx6uryn5rad.onion/news/emirates-flight-catering,listed,,yes
everest,Alzone Software,,Technology,2026-08-05,http://everestndkvzcibcje2cqxhre2hmmybl3rn2gwzwsblz7gx6uryn5rad.onion/news/alzone-software,listed,,yes
everest,Al-Futtaim Group,AE,Retail & E-Commerce,2026-08-05,http://everestndkvzcibcje2cqxhre2hmmybl3rn2gwzwsblz7gx6uryn5rad.onion/news/al-futtaim-group,listed,,yes
everest,Aptara,IN,Professional Services,2026-08-05,http://everestndkvzcibcje2cqxhre2hmmybl3rn2gwzwsblz7gx6uryn5rad.onion/news/aptara,listed,,yes
everest,Powerweave,IN,Manufacturing,2026-08-05,http://everestndkvzcibcje2cqxhre2hmmybl3rn2gwzwsblz7gx6uryn5rad.onion/news/powerweave,listed,,yes
everest,Mansfield Family Dentistry,US,Healthcare,2026-08-05,http://everestndkvzcibcje2cqxhre2hmmybl3rn2gwzwsblz7gx6uryn5rad.onion/news/mansfield-family-dentistry,listed,,yes
everest,Stadler Rail,CH,Transportation,2026-08-05,http://everestndkvzcibcje2cqxhre2hmmybl3rn2gwzwsblz7gx6uryn5rad.onion/news/stadler-rail,listed,,yes
everest,Keysight,US,Technology,2026-08-05,http://everestndkvzcibcje2cqxhre2hmmybl3rn2gwzwsblz7gx6uryn5rad.onion/news/keysight,listed,,yes
spacebears,PontoBR Sistemas,BR,Technology,2026-08-05,http://5butbkrljkaorg5maepuca25oma7eiwo6a2rlhvkblb4v6mf3ki2ovid.onion/companies/65/pontobr-sistemas,listed,,yes
safepay,pradotuylaw.com,US,Professional Services,2026-08-03,http://safepaypfxntwixwjrlcscft433ggemlhgkkdupi2ynhtcmvdgubmoyd.onion/blog/post/pradotuylawcom/,listed,,yes
safepay,naskdoorinc.com,US,Manufacturing,2026-08-03,http://safepaypfxntwixwjrlcscft433ggemlhgkkdupi2ynhtcmvdgubmoyd.onion/blog/post/naskdoorinccom/,listed,,yes
safepay,new-point.it,IT,Technology,2026-08-03,http://safepaypfxntwixwjrlcscft433ggemlhgkkdupi2ynhtcmvdgubmoyd.onion/blog/post/new-pointit/,listed,,yes
safepay,simonrack.com,ES,Manufacturing,2026-08-03,http://safepaypfxntwixwjrlcscft433ggemlhgkkdupi2ynhtcmvdgubmoyd.onion/blog/post/simonrackcom/,listed,,yes
anubis,BLACKBURN'S,US,Healthcare,2026-08-03,http://om6q4a6cyipxvt7ioudxt24cw4oqu4yodmqzl25mqd2hgllymrgu4aqd.onion/r/hfDLeO6xZ4jmk5AWhpsnRrMuiPkYcZKs4htoe6Ho8pfKEQbLmAaM4ovMYFKh7sVffACO4H02oyhVuDd2sEGViM2dCSUx1,listed,,yes
anubis,Cameron Regional Medical Center,US,Healthcare,2026-08-03,http://om6q4a6cyipxvt7ioudxt24cw4oqu4yodmqzl25mqd2hgllymrgu4aqd.onion/r/usUR8TUlfLeHFYPPN5JwVWTYmPzxSTnEcXbNRRhwUUEirKTfvCinYbJW32928eNb6n7YzOIQ3b4KNa1+yq7dEVrcXFBcmox,listed,,yes
safepay,cpu-ag.com,DE,Manufacturing,2026-08-03,http://safepaypfxntwixwjrlcscft433ggemlhgkkdupi2ynhtcmvdgubmoyd.onion/blog/post/cpu-agcom/,listed,,yes
safepay,multiaqua.com,US,Agriculture and Food Production,2026-08-03,http://safepaypfxntwixwjrlcscft433ggemlhgkkdupi2ynhtcmvdgubmoyd.onion/blog/post/multiaquacom/,listed,,yes
anubis,Winn-Dixie,US,Retail & E-Commerce,2026-08-03,http://om6q4a6cyipxvt7ioudxt24cw4oqu4yodmqzl25mqd2hgllymrgu4aqd.onion/r/wvOEih7m+Tf599zsStaXU1yRskZw5HT6zjXXAUGJMYq20GkboGqr4On4jOxutE4Z8dg8RAN5Fhf2Mj1PdUTWRJRnJuYjJH,listed,,yes
payload,Hans & Jos. Kronenberg GmbH,DE,Manufacturing,2026-08-03,http://payloadrz5yw227brtbvdqpnlhq3rdcdekdnn3rgucbcdeawq2v6vuyd.onion/posts/ba238823-d8b5-4d91-bd34-c03591a95a1c,listed,,yes
global secret group,Vernon & Waldrep,US,Professional Services,2026-08-01,http://o5lsqyar7ox25z734k6zaxt2vf7bsyi4q5rturi5iyxzqo3ica7bjsad.onion/project/34/,listed,,yes
gammax,MTCO (Mahmoud Altaheni & Partners Trading Co),SA,Professional Services,2026-08-01,http://gammax6w3dkfdjfrjthtmqzsioue52vzy6lz54qy6jcvmogfpubutjyd.onion/post/B7FLS1KVkQLdkKEZEkRYn82W3bQNht1v,listed,,yes
insomnia,Merritt Woodwork,US,Manufacturing,2026-07-31,http://i62huw7ve22rpyw6lnq3kmfump2dmsg4xpveec3ere73njwatrz74gad.onion/Company/Merrit/,listed,,yes
insomnia,Laempe Reich,US,,2026-07-31,http://i62huw7ve22rpyw6lnq3kmfump2dmsg4xpveec3ere73njwatrz74gad.onion/Company/Laempereich/,listed,,yes
interlock,Gardiner Family Chiropractic,US,Healthcare,2026-07-31,http://5igtvs225ikh2svqvf7zkanyica5jz5p5db44fg2rwj7ifyjipvyimid.onion/index.php?p=,listed,,yes
cmdorganization,Stewart Belland & Associates Inc.,CA,Professional Services,2026-07-31,http://cmdnkiqjije2tllr3biee2sjgj3i4robg2cbtilbnytdhh2wy3syrlyd.onion,listed,,yes
genesis,Boyum IT Solutions (HOT!),DK,Technology,2026-07-30,http://genesis6ixpb5mcy4kudybtw5op2wqlrkocfogbnenz3c647ibqixiad.onion/79f095d5b182ce93bae4/,listed,,yes
genesis,C.A. Walker Construction,US,Manufacturing,2026-07-30,http://genesis6ixpb5mcy4kudybtw5op2wqlrkocfogbnenz3c647ibqixiad.onion/55f3f0d90d424055e955/,listed,,yes
gammax,RE/MAX 1st Choice,CA,Retail & E-Commerce,2026-07-30,http://gammax6w3dkfdjfrjthtmqzsioue52vzy6lz54qy6jcvmogfpubutjyd.onion/post/6lBQz0om6pTjMwwBoHhr0dOwOiPY4Rtv,listed,,yes
gammax,AguAseo,CO,Energy & Utilities,2026-07-30,http://gammax6w3dkfdjfrjthtmqzsioue52vzy6lz54qy6jcvmogfpubutjyd.onion/post/B48A6eknv0j8w2yJQLVCr3C4GH8DJF6x,listed,,yes
securotrop,MAG USA Inc,US,Manufacturing,2026-07-30,http://securo45z554mw7rgrt7wcgv5eenj2xmxyrsdj3fcjsvindu63s4bsid.onion,listed,,yes
cmdorganization,Contact Group,AU,Professional Services,2026-07-30,http://cmdnkiqjije2tllr3biee2sjgj3i4robg2cbtilbnytdhh2wy3syrlyd.onion,listed,,yes
pear,Sonitor Technologies,US,Healthcare,2026-07-30,http://pearsmob5sn44ismokiusuld34pnfwi6ctgin3qbvonpoob4lh3rmtqd.onion/Companies/sonitor,listed,,yes
kairos,Warwick Fabrics,NZ,Manufacturing,2026-07-30,http://nerqnacjmdy3obvevyol7qhazkwkv57dwqvye5v46k5bcujtfa6sduad.onion,listed,,yes
insomnia,Sky Solutions,PA,Technology,2026-07-29,http://i62huw7ve22rpyw6lnq3kmfump2dmsg4xpveec3ere73njwatrz74gad.onion/Company/SkySolutions/,listed,,yes
deadlock,AHENK lab,TR,Technology,2026-07-28,,listed,,yes
deadlock,DIATER,ES,Manufacturing,2026-07-28,,listed,,yes
deadlock,Pasello,IT,Technology,2026-07-28,,listed,,yes
deadlock,Takis srl,IT,Healthcare,2026-07-28,,listed,,yes
termite,Affinia Healthcare,US,Healthcare,2026-07-28,http://termiteuslbumdge2zmfmfcsrvmvsfe4gvyudc5j6cdnisnhtftvokid.onion/post/6a67df3dfbf635b18142d5aa,listed,,yes
anubis,Prelys Courtage,FR,Financial Services,2026-07-28,http://om6q4a6cyipxvt7ioudxt24cw4oqu4yodmqzl25mqd2hgllymrgu4aqd.onion/r/BOGek03huSzlB0TMCY82I66nKD5dRABnYIv5H36irQvLQZUKM0W2IQJ4ou2wlY3mgLTSOyJCbAVk4dtnUT6skHlmZThTSTNE,listed,,yes
termite,JD Young,CN,,2026-07-27,http://termiteuslbumdge2zmfmfcsrvmvsfe4gvyudc5j6cdnisnhtftvokid.onion/post/6a67df16fbf635b18142d544,listed,,yes
anubis,Coca-Cola / Fairlife,US,Agriculture and Food Production,2026-07-27,http://anubisyfkh5rixydjpoo3jqucauajz2juybrbtuglcppjj2y3eg3y6ad.onion/r/x7DNhT0kG8Z2ElnASoBnUa6rQFDRfZY+9fQnDAj5hl81pP0y31BKlZ59ZhogDQmjybVZnkYgmubSZs2FNfuTd6TTVRZmtB,listed,,yes
global secret group,Louisiana Coalition Against | Domestic Violence,US,Other,2026-07-27,http://o5lsqyar7ox25z734k6zaxt2vf7bsyi4q5rturi5iyxzqo3ica7bjsad.onion/project/33/,listed,,yes
global secret group,Park Manufacturing Corp.,US,Manufacturing,2026-07-27,http://o5lsqyar7ox25z734k6zaxt2vf7bsyi4q5rturi5iyxzqo3ica7bjsad.onion/project/32/,listed,,yes
exfilsquad,Wesco International,US,Manufacturing,2026-07-26,,listed,,yes
genesis,Williams Accounting Professional,CA,Professional Services,2026-07-26,http://genesis6ixpb5mcy4kudybtw5op2wqlrkocfogbnenz3c647ibqixiad.onion/e1ce50a6e22290f40df6/,listed,,yes
genesis,JJP Slip Forming Inc.,US,Manufacturing,2026-07-26,http://genesis6ixpb5mcy4kudybtw5op2wqlrkocfogbnenz3c647ibqixiad.onion/c69e194c2dc7ab12ef4e/,listed,,yes
genesis,Building Envelope Systems,US,Manufacturing,2026-07-26,http://genesis6ixpb5mcy4kudybtw5op2wqlrkocfogbnenz3c647ibqixiad.onion/960b5c42eb664129c99d/,listed,,yes
genesis,"Westlake Realty Group, Inc.",US,Retail & E-Commerce,2026-07-26,http://genesis6ixpb5mcy4kudybtw5op2wqlrkocfogbnenz3c647ibqixiad.onion/8bac6cf38a5a125166bd/,listed,,yes
genesis,Servonix Technologies,US,,2026-07-26,http://genesis6ixpb5mcy4kudybtw5op2wqlrkocfogbnenz3c647ibqixiad.onion/326fec030728fd03a27f/,listed,,yes
genesis,"Infinity Pipeline,Inc.",US,Energy & Utilities,2026-07-26,http://genesis6ixpb5mcy4kudybtw5op2wqlrkocfogbnenz3c647ibqixiad.onion/30e4ada54a4c7c042993/,listed,,yes
global secret group,Pro-Tuff | Decals,US,Retail & E-Commerce,2026-07-26,http://o5lsqyar7ox25z734k6zaxt2vf7bsyi4q5rturi5iyxzqo3ica7bjsad.onion/project/30/,listed,,yes
anubis,Eagle Crest Communities,US,Hospitality,2026-07-26,http://anubisyfkh5rixydjpoo3jqucauajz2juybrbtuglcppjj2y3eg3y6ad.onion/r/pd6fbi+hxlHWHT9iyJvkoMfFPlamNFsA7TdiiwblLx1OL3o6UBAFJAoglUrOMSY3s2hiFkcQYnjcbuo6SgpBHFBN2l1aU96,listed,,yes
global secret group,Spergel,CA,Professional Services,2026-07-26,http://o5lsqyar7ox25z734k6zaxt2vf7bsyi4q5rturi5iyxzqo3ica7bjsad.onion/project/29/,listed,,yes
global secret group,Prism Telecom,FI,Technology,2026-07-26,,listed,,yes
global secret group,Cipher Dynamics,IN,Technology,2026-07-26,,listed,,yes
global secret group,Stratos Network,AE,Technology,2026-07-26,,listed,,yes
global secret group,OmniLink AG,DE,Technology,2026-07-26,,listed,,yes
global secret group,Vertex Systems,US,Technology,2026-07-26,,listed,,yes
global secret group,Nexon Corp.,KR,Technology,2026-07-26,,listed,,yes
global secret group,Farmers Mutual Fire Insurance,US,Financial Services,2026-07-26,http://o5lsqyar7ox25z734k6zaxt2vf7bsyi4q5rturi5iyxzqo3ica7bjsad.onion/project/1/,listed,,yes
global secret group,West Sixth Law,US,Professional Services,2026-07-26,http://o5lsqyar7ox25z734k6zaxt2vf7bsyi4q5rturi5iyxzqo3ica7bjsad.onion/project/2/,listed,,yes
global secret group,Baker Business & Tax Solutions,US,Professional Services,2026-07-26,http://o5lsqyar7ox25z734k6zaxt2vf7bsyi4q5rturi5iyxzqo3ica7bjsad.onion/project/5/,listed,,yes
global secret group,Carpets Direct,US,Retail & E-Commerce,2026-07-26,http://o5lsqyar7ox25z734k6zaxt2vf7bsyi4q5rturi5iyxzqo3ica7bjsad.onion/project/6/,listed,,yes
global secret group,AnyWeather,US,Technology,2026-07-26,http://o5lsqyar7ox25z734k6zaxt2vf7bsyi4q5rturi5iyxzqo3ica7bjsad.onion/project/7/,listed,,yes
global secret group,Middendorf Animal Hospital & Laser Centre,US,Healthcare,2026-07-26,http://o5lsqyar7ox25z734k6zaxt2vf7bsyi4q5rturi5iyxzqo3ica7bjsad.onion/project/9/,listed,,yes
global secret group,Chappell Supply & Equipment,US,Manufacturing,2026-07-26,http://o5lsqyar7ox25z734k6zaxt2vf7bsyi4q5rturi5iyxzqo3ica7bjsad.onion/project/10/,listed,,yes
global secret group,La Sevillanita,AR,Hospitality,2026-07-26,http://o5lsqyar7ox25z734k6zaxt2vf7bsyi4q5rturi5iyxzqo3ica7bjsad.onion/project/11/,listed,,yes
global secret group,One Plus Capital,CY,Financial Services,2026-07-26,http://o5lsqyar7ox25z734k6zaxt2vf7bsyi4q5rturi5iyxzqo3ica7bjsad.onion/project/12/,listed,,yes
global secret group,Acens | Cloud & Backup,ES,Technology,2026-07-26,http://o5lsqyar7ox25z734k6zaxt2vf7bsyi4q5rturi5iyxzqo3ica7bjsad.onion/project/15/,listed,,yes
global secret group,West Nova Fuels & Superline Fuels,CA,Energy & Utilities,2026-07-26,http://o5lsqyar7ox25z734k6zaxt2vf7bsyi4q5rturi5iyxzqo3ica7bjsad.onion/project/20/,listed,,yes
global secret group,Sinop Energia,BR,Energy & Utilities,2026-07-26,http://o5lsqyar7ox25z734k6zaxt2vf7bsyi4q5rturi5iyxzqo3ica7bjsad.onion/project/23/,listed,,yes
global secret group,Al Hayat | Pepsi,IQ,Retail & E-Commerce,2026-07-26,http://o5lsqyar7ox25z734k6zaxt2vf7bsyi4q5rturi5iyxzqo3ica7bjsad.onion/project/25/,listed,,yes
global secret group,SPDM,BR,Healthcare,2026-07-26,http://o5lsqyar7ox25z734k6zaxt2vf7bsyi4q5rturi5iyxzqo3ica7bjsad.onion/project/26/,listed,,yes
global secret group,Nourison | Home,US,Retail & E-Commerce,2026-07-26,http://o5lsqyar7ox25z734k6zaxt2vf7bsyi4q5rturi5iyxzqo3ica7bjsad.onion/project/27/,listed,,yes
global secret group,Cold Front Distribution,US,Retail & E-Commerce,2026-07-26,http://o5lsqyar7ox25z734k6zaxt2vf7bsyi4q5rturi5iyxzqo3ica7bjsad.onion/project/3/,listed,,yes
global secret group,Portman Finance Group,GB,Financial Services,2026-07-26,http://o5lsqyar7ox25z734k6zaxt2vf7bsyi4q5rturi5iyxzqo3ica7bjsad.onion/project/4/,listed,,yes
global secret group,OFS,US,Manufacturing,2026-07-26,http://o5lsqyar7ox25z734k6zaxt2vf7bsyi4q5rturi5iyxzqo3ica7bjsad.onion/project/17/,listed,,yes
global secret group,Uniview Technologies,CN,Technology,2026-07-26,http://o5lsqyar7ox25z734k6zaxt2vf7bsyi4q5rturi5iyxzqo3ica7bjsad.onion/project/8/,listed,,yes
global secret group,Novum Energy,US,Energy & Utilities,2026-07-26,http://o5lsqyar7ox25z734k6zaxt2vf7bsyi4q5rturi5iyxzqo3ica7bjsad.onion/project/14/,listed,,yes
m3rx,hydraulic-components.net,DE,Manufacturing,2026-07-26,http://4k6plf4h2cm2nco6ae3inrsxnmqgl6lllmwefydhnlcq4tuhwbj4qpad.onion#hydraulic-components.net,listed,,yes
m3rx,createinfor.pt,PT,Professional Services,2026-07-26,http://4k6plf4h2cm2nco6ae3inrsxnmqgl6lllmwefydhnlcq4tuhwbj4qpad.onion#createinfor.pt,listed,,yes
m3rx,servicebypremier.com,US,Professional Services,2026-07-26,http://4k6plf4h2cm2nco6ae3inrsxnmqgl6lllmwefydhnlcq4tuhwbj4qpad.onion#servicebypremier.com,listed,,yes
exfilsquad,Bonava,SE,Manufacturing,2026-07-26,,listed,,yes
exfilsquad,City of Atlanta,US,Government & Defense,2026-07-26,,listed,,yes
exfilsquad,City of Houston,US,Government & Defense,2026-07-26,,listed,,yes
exfilsquad,Viavi Solutions,US,Technology,2026-07-26,,listed,,yes
exfilsquad,Newcastle University,GB,Education,2026-07-26,,listed,,yes
exfilsquad,District of Columbia Public Schools,US,Education,2026-07-26,,listed,,yes
exfilsquad,Frontier Airlines,US,Transportation,2026-07-26,,listed,,yes
exfilsquad,TaylorMade & Sun Day Red golf,US,Retail & E-Commerce,2026-07-26,,listed,,yes
exfilsquad,Allstate,US,Financial Services,2026-07-26,,listed,,yes
exfilsquad,Microsoft,US,Technology,2026-07-26,,listed,,yes
exfilsquad,Police National Legal Database,GB,Government & Defense,2026-07-26,,listed,,yes
exfilsquad,UK Department for Education,GB,Government & Defense,2026-07-26,,listed,,yes
arcusmedia,Brazer Ingenierie,MA,Manufacturing,2026-07-26,http://arcuufpr5xxbbkin4mlidt7itmr6znlppk63jbtkeguuhszmc5g7qdyd.onion/?p=784,listed,,yes
arcusmedia,Power Moendas,BR,Other,2026-07-26,http://arcuufpr5xxbbkin4mlidt7itmr6znlppk63jbtkeguuhszmc5g7qdyd.onion/?p=786,listed,,yes
doommageddon,iw steelTEC Makine San. ve Tic. A.Ş.,TR,Manufacturing,2026-07-26,http://iacjvmxjb2ivqkxxzmde4w6g53gn6ym7c3g6mfifvejyhqtp4wrkypyd.onion/victim/iw-steeltec-makine-san--ve-tic--a-ş-,listed,,yes
kairos,Thermalex Inc,US,Manufacturing,2026-07-25,http://erqnacjmdy3obvevyol7qhazkwkv57dwqvye5v46k5bcujtfa6sduad.onion,listed,,yes
blackwater,msgas.com.br,BR,Energy & Utilities,2026-07-25,http://ejzl7cjxmkx7lzhiqwidmrwtfjv45pkczbc4fnyaut3t7gll3yaiq5id.onion/blog?uuid=ee9130c7-6a54-352e-8fbe-6d1b882dc7d1,listed,,yes
securotrop,Advantage Sintered Metals,US,Manufacturing,2026-07-25,http://securo45z554mw7rgrt7wcgv5eenj2xmxyrsdj3fcjsvindu63s4bsid.onion,listed,,yes
unsafe,Jiva Health,IN,Healthcare,2026-07-24,http://unsafeipw6wbkzzmj7yqp7bz6j7ivzynggmwxsm6u2wwfmfqrxqrrhyd.onion/reel/6a63d73e8b37a93648b56ecc?page=1,listed,,yes
m3rx,ausproof.com.au,AU,Professional Services,2026-07-24,http://4k6plf4h2cm2nco6ae3inrsxnmqgl6lllmwefydhnlcq4tuhwbj4qpad.onion#ausproof.com.au,listed,,yes
pear,Metropolitan Construction Systems,US,Manufacturing,2026-07-24,http://peargxn3oki34c4savcbcfqofjjwjnnyrlrbszfv6ujlx36mhrh57did.onion/Companies/metropolitanroof,listed,,yes
qilin,Stryker,US,Healthcare,2026-07-24,http://ijzn3sicrcy7guixkzjkib4ukbiilwc3xhnmby4mcbccnsd7j2rekvqd.onion/site/blog?uuid=9a5d858f-7849-458c-8762-abd073fbbb0c,listed,,yes
killsec,cashcowboy,US,Financial Services,2026-07-23,http://kill432ltnkqvaqntbalnsgojqqs2wz4lhnamrqjg66tq6fuvcztilyd.onion,listed,,yes
killsec,Bulwark Exterminating,US,Other,2026-07-23,http://kill432ltnkqvaqntbalnsgojqqs2wz4lhnamrqjg66tq6fuvcztilyd.onion,listed,,yes
killsec,origins ivf,IN,Healthcare,2026-07-23,http://kill432ltnkqvaqntbalnsgojqqs2wz4lhnamrqjg66tq6fuvcztilyd.onion,listed,,yes
kairos,LR Reed,AU,Professional Services,2026-07-22,http://erqnacjmdy3obvevyol7qhazkwkv57dwqvye5v46k5bcujtfa6sduad.onion,listed,,yes
braincipher,windiam.com,BE,Technology,2026-07-22,http://vkvsgl7lhipjirmz6j5ubp3w3bwvxgcdbpi3fsbqngfynetqtw4w5hyd.onion/n/windiam,listed,,yes
m3rx,ubfreight.com,NZ,Transportation,2026-07-22,http://4k6plf4h2cm2nco6ae3inrsxnmqgl6lllmwefydhnlcq4tuhwbj4qpad.onion#ubfreight.com,listed,,yes
krybit,Vibonum Technologies Private Limited,IN,Technology,2026-07-22,http://krybitqsdzwmhnitvwuhvsntfgf2wrhxveyxroxpc44c6gkft2cqldyd.onion/blog/e1c359f3adfa9013cea01c331014d453ddb894b7cc928cbe54875d2f6fd67446/,listed,,yes
spacebears,DoAllTech,KR,Technology,2026-07-21,http://5butbkrljkaorg5maepuca25oma7eiwo6a2rlhvkblb4v6mf3ki2ovid.onion/companies/61/doalltech,listed,,yes
spacebears,Anpra SAS,CO,Professional Services,2026-07-21,http://5butbkrljkaorg5maepuca25oma7eiwo6a2rlhvkblb4v6mf3ki2ovid.onion/companies/62/anpra-sas,listed,,yes
spacebears,BiesSse Group,IT,Professional Services,2026-07-21,http://5butbkrljkaorg5maepuca25oma7eiwo6a2rlhvkblb4v6mf3ki2ovid.onion/companies/63/biessse-group,listed,,yes
kairos,College O'Sullivan de Québec,CA,Education,2026-07-20,http://erqnacjmdy3obvevyol7qhazkwkv57dwqvye5v46k5bcujtfa6sduad.onion,listed,,yes
anubis,Bath Fitter,US,Retail & E-Commerce,2026-07-20,http://om6q4a6cyipxvt7ioudxt24cw4oqu4yodmqzl25mqd2hgllymrgu4aqd.onion/r/frchTfEBkQQaPnMhpaeopD6ze2gTL23iASpFXPwiqGB9VGJYvyeQCb07vA4hqojkjXEg8x8ZXaMjX5cCWGZm2Z6UHV6SGxF,listed,,yes
doommageddon,Reni Farmácias Associadas,BR,Healthcare,2026-07-19,http://iacjvmxjb2ivqkxxzmde4w6g53gn6ym7c3g6mfifvejyhqtp4wrkypyd.onion/victim/reni-farmácias-associadas,listed,,yes
unsafe,CCR Solutions,CA,Professional Services,2026-07-19,http://unsafeipw6wbkzzmj7yqp7bz6j7ivzynggmwxsm6u2wwfmfqrxqrrhyd.onion/reel/6a5d25c28b37a93648b56e2a?page=1,listed,,yes
payload,CKR Consulting Engineers,ZA,Professional Services,2026-07-19,http://payloadrz5yw227brtbvdqpnlhq3rdcdekdnn3rgucbcdeawq2v6vuyd.onion/posts/84a0da40-f25b-407c-b1a5-4484bebe48e3,listed,,yes
interlock,Centre for Newcomers,CA,Public Sector,2026-07-17,http://y2yplioc7ybrun2qb4opyc2vdt6lqtxvag3rocayyv2ekbtoa7kjo3qd.onion/index.php?p=,listed,,yes
interlock,Paragon Store Fixtures,US,Manufacturing,2026-07-17,http://6p6fubv4udi7kzgh4jojcplujeogmacclxmskfb3y6bknkh7zh7hohyd.onion/index.php?p=,listed,,yes
m3rx,suppcentersa.com,ZA,Business Services,2026-07-17,http://4k6plf4h2cm2nco6ae3inrsxnmqgl6lllmwefydhnlcq4tuhwbj4qpad.onion#suppcentersa.com,listed,,yes
m3rx,arambol.co.uk,GB,,2026-07-17,http://4k6plf4h2cm2nco6ae3inrsxnmqgl6lllmwefydhnlcq4tuhwbj4qpad.onion#arambol.co.uk,listed,,yes
interlock,District of Columbia Housing Authority,US,Public Sector,2026-07-16,http://2gvprypcd3wemjghnnassqtro7nwhocr5ry4bngx7x7xhks7f7oillqd.onion/index.php?p=,listed,,yes
interlock,Converting Equipment International,US,Manufacturing,2026-07-16,http://zd4caqa225s2rs2nhst4y5nkt575ohdpfm6zwy6mug6js3izseli24qd.onion/index.php?p=,listed,,yes
pear,Carient Heart & Vascular,US,Healthcare,2026-07-15,http://pearsmob5sn44ismokiusuld34pnfwi6ctgin3qbvonpoob4lh3rmtqd.onion/Companies/carient,listed,,yes
pear,"South Plains Rural Health Services, Inc.",US,Healthcare,2026-07-15,http://pearsmob5sn44ismokiusuld34pnfwi6ctgin3qbvonpoob4lh3rmtqd.onion/Companies/sprhs,listed,,yes
ailock,"Nihon Kotsu Co., Ltd.",JP,Transportation/Logistics,2026-07-15,http://dhnsppqjaaa22lsqxl2tfhji4ca43743kubltnodvsft3hkvai77p6ad.onion,listed,,yes
ailock,Solid Advance Inc.,JP,Business Services,2026-07-15,http://dhnsppqjaaa22lsqxl2tfhji4ca43743kubltnodvsft3hkvai77p6ad.onion,listed,,yes
ailock,Ferrovial,ES,Construction,2026-07-15,http://dhnsppqjaaa22lsqxl2tfhji4ca43743kubltnodvsft3hkvai77p6ad.onion,listed,,yes
securotrop,ProDirectional Drilling,US,Energy,2026-07-15,http://securo45z554mw7rgrt7wcgv5eenj2xmxyrsdj3fcjsvindu63s4bsid.onion,listed,,yes
arcusmedia,Perpustam,MY,,2026-07-14,http://arcuufpr5xxbbkin4mlidt7itmr6znlppk63jbtkeguuhszmc5g7qdyd.onion/?p=734,listed,,yes
arcusmedia,gemese.pt,PT,,2026-07-14,http://arcuufpr5xxbbkin4mlidt7itmr6znlppk63jbtkeguuhszmc5g7qdyd.onion/?p=748,listed,,yes
arcusmedia,Distribox,FR,Transportation/Logistics,2026-07-14,http://arcuufpr5xxbbkin4mlidt7itmr6znlppk63jbtkeguuhszmc5g7qdyd.onion/?p=745,listed,,yes
arcusmedia,Be Travel,ZA,Hospitality and Tourism,2026-07-14,http://arcuufpr5xxbbkin4mlidt7itmr6znlppk63jbtkeguuhszmc5g7qdyd.onion/?p=751,listed,,yes
arcusmedia,COREBI(NowVertical),CA,Technology,2026-07-14,http://arcuufpr5xxbbkin4mlidt7itmr6znlppk63jbtkeguuhszmc5g7qdyd.onion/?p=741,listed,,yes
arcusmedia,I-FITNESS,NG,Consumer Services,2026-07-14,http://arcuufpr5xxbbkin4mlidt7itmr6znlppk63jbtkeguuhszmc5g7qdyd.onion/?p=726,listed,,yes
ailock,WBF Construction,,Construction,2026-07-14,http://dhnsppqjaaa22lsqxl2tfhji4ca43743kubltnodvsft3hkvai77p6ad.onion,listed,,yes
spacebears,Techpol-System,PL,Technology,2026-07-13,http://5butbkrljkaorg5maepuca25oma7eiwo6a2rlhvkblb4v6mf3ki2ovid.onion/companies/59/techpol-system,listed,,yes
spacebears,Turbosoft,CM,Technology,2026-07-13,http://5butbkrljkaorg5maepuca25oma7eiwo6a2rlhvkblb4v6mf3ki2ovid.onion/companies/58/turbosoft,listed,,yes
pear,Faro Products Inc.,CA,Manufacturing,2026-07-13,http://pearsmob5sn44ismokiusuld34pnfwi6ctgin3qbvonpoob4lh3rmtqd.onion/Companies/faroproducts,listed,,yes
anubis,Casper Orthopedics,US,Healthcare,2026-07-12,http://om6q4a6cyipxvt7ioudxt24cw4oqu4yodmqzl25mqd2hgllymrgu4aqd.onion/r/ydEfQm1BMSZSgr32xb3SQldY95kAENrabpvZWAB6C+3+LuVguGp5ux8ZvmSXzbRKaban7I5r07hjF11p3Xt90V1NGp4ZHdV,listed,,yes
anubis,Surtifamiliar,CO,,2026-07-12,http://om6q4a6cyipxvt7ioudxt24cw4oqu4yodmqzl25mqd2hgllymrgu4aqd.onion/r/Dr7VhVFOMK1k2+qnI9jF0gDOJlR0NJq8kdZ4KX5xPANO9NEajFOqWDiv0uo0ZIzxEU+X8zkXyy6Sus+P5IxfUQ5Ym5uY3kw,listed,,yes
anubis,Community Advocates,,Business Services,2026-07-12,http://om6q4a6cyipxvt7ioudxt24cw4oqu4yodmqzl25mqd2hgllymrgu4aqd.onion/r/fy1PXgixthOWCOyIB32fCD4KDmveBj2e697E1+YNBsiXeOOnVvYwMohSmHuq+DnGIZDsOM5rEKOumoiGxqRbWQzd0JPQlRa,listed,,yes
m3rx,eclective.ie,IE,,2026-07-12,http://4k6plf4h2cm2nco6ae3inrsxnmqgl6lllmwefydhnlcq4tuhwbj4qpad.onion#eclective.ie,listed,,yes
m3rx,foreconinc.com,US,Business Services,2026-07-12,http://4k6plf4h2cm2nco6ae3inrsxnmqgl6lllmwefydhnlcq4tuhwbj4qpad.onion#foreconinc.com,listed,,yes
interlock,Borger ISD,US,Education,2026-07-10,http://t26owzk2773mecpebt4l2eztx6lvn5642fn7annaynq7vwvb6wonkrid.onion/index.php?p=,listed,,yes
payload,Roofinox,,Construction,2026-07-10,http://payloadrz5yw227brtbvdqpnlhq3rdcdekdnn3rgucbcdeawq2v6vuyd.onion/posts/0a46eb9e-76c0-49b2-8037-303ac1082022,listed,,yes
blackwater,txdkj.com,CN,,2026-07-10,http://ejzl7cjxmkx7lzhiqwidmrwtfjv45pkczbc4fnyaut3t7gll3yaiq5id.onion/blog?uuid=5e7268b2-200b-3bbc-87d1-c4add2955fb3,listed,,yes
doommageddon,Hospital Di Camp,,Healthcare,2026-07-10,http://iacjvmxjb2ivqkxxzmde4w6g53gn6ym7c3g6mfifvejyhqtp4wrkypyd.onion/victim/hospital-di-camp,listed,,yes
braincipher,robroy.com,US,Manufacturing,2026-07-09,http://vkvsgl7lhipjirmz6j5ubp3w3bwvxgcdbpi3fsbqngfynetqtw4w5hyd.onion/n/robroy,listed,,yes
braincipher,iac-intl.com,US,Business Services,2026-07-09,http://vkvsgl7lhipjirmz6j5ubp3w3bwvxgcdbpi3fsbqngfynetqtw4w5hyd.onion/n/iac-intl,listed,,yes
payload,The commune of Castries,FR,Public Sector,2026-07-09,http://payloadrz5yw227brtbvdqpnlhq3rdcdekdnn3rgucbcdeawq2v6vuyd.onion/posts/d481caf3-39ce-4617-a578-73f8bc52cf6f,listed,,yes
ailock,Pinturas Prisa,MX,Manufacturing,2026-07-09,http://dhnsppqjaaa22lsqxl2tfhji4ca43743kubltnodvsft3hkvai77p6ad.onion,listed,,yes
pear,"Tostrud & Temp, S.C.",US,Business Services,2026-07-08,http://pearsmob5sn44ismokiusuld34pnfwi6ctgin3qbvonpoob4lh3rmtqd.onion/Companies/tntcpas,listed,,yes
interlock,YMCA of Western North Carolina,US,Consumer Services,2026-07-07,http://3kiwpavmpi2eyc2d4cbggo6s4fnodqzlhxirudruptvjx32wlxxzn6ad.onion/index.php?p=,listed,,yes
ailock,Studio Sardano,IT,Consumer Services,2026-07-07,http://dhnsppqjaaa22lsqxl2tfhji4ca43743kubltnodvsft3hkvai77p6ad.onion,listed,,yes
ailock,Richmont Graduate University,US,Education,2026-07-07,http://dhnsppqjaaa22lsqxl2tfhji4ca43743kubltnodvsft3hkvai77p6ad.onion,listed,,yes
spacebears,Fitcrunch,US,Consumer Services,2026-07-07,http://5butbkrljkaorg5maepuca25oma7eiwo6a2rlhvkblb4v6mf3ki2ovid.onion/companies/56/fitcrunch,listed,,yes
arcusmedia,East African Gasoil,KE,Energy,2026-07-06,http://arcuufpr5xxbbkin4mlidt7itmr6znlppk63jbtkeguuhszmc5g7qdyd.onion/?p=572,listed,,yes
doommageddon,KOLORKIM KIMYA,TR,Manufacturing,2026-07-06,http://iacjvmxjb2ivqkxxzmde4w6g53gn6ym7c3g6mfifvejyhqtp4wrkypyd.onion/victim/kolorkim-kimya,listed,,yes
doommageddon,Mercedes-Benz Turk,TR,Manufacturing,2026-07-06,http://iacjvmxjb2ivqkxxzmde4w6g53gn6ym7c3g6mfifvejyhqtp4wrkypyd.onion/victim/mercedes-benz-turk,listed,,yes
doommageddon,Innovano,IN,Technology,2026-07-06,http://iacjvmxjb2ivqkxxzmde4w6g53gn6ym7c3g6mfifvejyhqtp4wrkypyd.onion/victim/innovano,listed,,yes
doommageddon,Francisco Imóveis,BR,Consumer Services,2026-07-06,http://iacjvmxjb2ivqkxxzmde4w6g53gn6ym7c3g6mfifvejyhqtp4wrkypyd.onion/victim/francisco-imóveis,listed,,yes
doommageddon,Solventa & Riskmetrica | Calificadora de Riesgos,PY,Financial Services,2026-07-06,http://iacjvmxjb2ivqkxxzmde4w6g53gn6ym7c3g6mfifvejyhqtp4wrkypyd.onion/victim/solventa--riskmetrica--calificadora-de-riesgos,listed,,yes
spacebears,Blenheim,GB,,2026-07-06,http://5butbkrljkaorg5maepuca25oma7eiwo6a2rlhvkblb4v6mf3ki2ovid.onion/companies/55/blenheim,listed,,yes
payload,Vela Film S.r.l.,IT,Consumer Services,2026-07-05,http://payloadrz5yw227brtbvdqpnlhq3rdcdekdnn3rgucbcdeawq2v6vuyd.onion/posts/ec5239b8-9e94-4334-909a-279435be4e21,listed,,yes
genesis,Mirage Endoscopy Center,US,Healthcare,2026-07-05,http://genesis6ixpb5mcy4kudybtw5op2wqlrkocfogbnenz3c647ibqixiad.onion/bb6e5af34c5f138531a5/,listed,,yes
genesis,"Bri-Tech, Inc",US,Technology,2026-07-05,http://genesis6ixpb5mcy4kudybtw5op2wqlrkocfogbnenz3c647ibqixiad.onion/a86082912f3313bf10bf/,listed,,yes
genesis,SBI Software,US,Technology,2026-07-05,http://genesis6ixpb5mcy4kudybtw5op2wqlrkocfogbnenz3c647ibqixiad.onion/9ab2fe6517ec136535d1/,listed,,yes
genesis,DICON,US,,2026-07-05,http://genesis6ixpb5mcy4kudybtw5op2wqlrkocfogbnenz3c647ibqixiad.onion/925eed8c13857e563198/,listed,,yes
genesis,Westgate,US,,2026-07-05,http://genesis6ixpb5mcy4kudybtw5op2wqlrkocfogbnenz3c647ibqixiad.onion/9044897212b7bf3322ac/,listed,,yes
genesis,Dunagan Associates,US,Business Services,2026-07-05,http://genesis6ixpb5mcy4kudybtw5op2wqlrkocfogbnenz3c647ibqixiad.onion/71d3fc53ffdf5a7c6674/,listed,,yes
genesis,Synergy Interactive,US,Technology,2026-07-05,http://genesis6ixpb5mcy4kudybtw5op2wqlrkocfogbnenz3c647ibqixiad.onion/2fece95cf598c61bc7e0/,listed,,yes
genesis,East Texas Family Medicine,US,Healthcare,2026-07-05,http://genesis6ixpb5mcy4kudybtw5op2wqlrkocfogbnenz3c647ibqixiad.onion/2ab3c68d011400ca76f7/,listed,,yes
unsafe,Deutsche Bank,DE,Financial Services,2026-07-04,http://unsafeipw6wbkzzmj7yqp7bz6j7ivzynggmwxsm6u2wwfmfqrxqrrhyd.onion/reel/6a48eb478b37a93648b56d3e?page=1,listed,,yes
pear,"AC Beverage, Inc.",US,Agriculture and Food Production,2026-07-03,http://pearsmob5sn44ismokiusuld34pnfwi6ctgin3qbvonpoob4lh3rmtqd.onion/Companies/acbeverage,listed,,yes
pear,CNW Electronics Pte Ltd,SG,Manufacturing,2026-07-03,http://pearsmob5sn44ismokiusuld34pnfwi6ctgin3qbvonpoob4lh3rmtqd.onion/Companies/cnw,listed,,yes
payload,Tofutown,DE,Agriculture and Food Production,2026-07-02,http://payloadrz5yw227brtbvdqpnlhq3rdcdekdnn3rgucbcdeawq2v6vuyd.onion/posts/f2c0075f-ac9b-426d-bbfa-1959e1305d76,listed,,yes
spacebears,Salters propane,US,Energy,2026-07-02,http://5butbkrljkaorg5maepuca25oma7eiwo6a2rlhvkblb4v6mf3ki2ovid.onion/companies/54/salters-propane,listed,,yes
braincipher,digitaldynamics.com,US,Technology,2026-07-01,http://vkvsgl7lhipjirmz6j5ubp3w3bwvxgcdbpi3fsbqngfynetqtw4w5hyd.onion/n/digitaldynamics,listed,,yes
braincipher,goldenstateortho.com,US,Healthcare,2026-07-01,http://vkvsgl7lhipjirmz6j5ubp3w3bwvxgcdbpi3fsbqngfynetqtw4w5hyd.onion/n/goldenstateortho,listed,,yes
krybit,"TRANSPORTES Y LOGISTICA BRAS, S.A",,Transportation/Logistics,2026-07-01,http://krybitqsdzwmhnitvwuhvsntfgf2wrhxveyxroxpc44c6gkft2cqldyd.onion/blog/8f92608da7fd29f35c725ebb627629d15c396fb9290422986e2d941496577f3d/,listed,,yes
braincipher,paipharma.com,BR,Healthcare,2026-06-30,http://vkvsgl7lhipjirmz6j5ubp3w3bwvxgcdbpi3fsbqngfynetqtw4w5hyd.onion/n/paipharma,listed,,yes
pear,"Spector and Lenz, PC",US,Business Services,2026-06-30,http://pearsmob5sn44ismokiusuld34pnfwi6ctgin3qbvonpoob4lh3rmtqd.onion/Companies/spectorandlenz,listed,,yes
pear,ORA Group Information,FR,Business Services,2026-06-30,http://pearsmob5sn44ismokiusuld34pnfwi6ctgin3qbvonpoob4lh3rmtqd.onion/Companies/groupe-ora,listed,,yes
pear,Sociedad Latina,US,,2026-06-30,http://pearsmob5sn44ismokiusuld34pnfwi6ctgin3qbvonpoob4lh3rmtqd.onion/Companies/sociedadlatina,listed,,yes
cmdorganization,Medlink Georgia,GE,Healthcare,2026-06-30,http://cmdnkiqjije2tllr3biee2sjgj3i4robg2cbtilbnytdhh2wy3syrlyd.onion,listed,,yes
redact,Hologic,US,Healthcare,2026-06-28,http://ursba4dbibo27dtwtgy3l2pc3ekut7helebvmy7ny3b2s3mbzph4qdad.onion/hologic/,listed,,yes
payload,Clínica La Sabana,CR,Healthcare,2026-06-26,http://payloadrz5yw227brtbvdqpnlhq3rdcdekdnn3rgucbcdeawq2v6vuyd.onion/posts/988ba95d-5c4b-49d2-8a14-3f14d9e4b785,listed,,yes
payload,Software Arge,TR,Technology,2026-06-26,http://payloadrz5yw227brtbvdqpnlhq3rdcdekdnn3rgucbcdeawq2v6vuyd.onion/posts/3a53575b-d253-4694-811a-81abfa9a48e5,listed,,yes
payload,Mosaic Partners,CH,Business Services,2026-06-26,http://payloadrz5yw227brtbvdqpnlhq3rdcdekdnn3rgucbcdeawq2v6vuyd.onion/posts/1dd5a657-4b5f-49f0-9e0b-26cde29148ca,listed,,yes
ailock,Hokua,CL,,2026-06-26,http://dhnsppqjaaa22lsqxl2tfhji4ca43743kubltnodvsft3hkvai77p6ad.onion,listed,,yes
interlock,Clearview Eye Centre,CA,Healthcare,2026-06-25,http://xyaaupqnht5foymeilb67uv5ljjod5o3uyq62llldv4r4jiqxj2nhoqd.onion/index.php?p=,listed,,yes
auditteam,I-SYS,RU,Technology,2026-06-25,http://6tdqqaxftvradka5d2frzgwixis7fmro7rfh4ettzcx7jfapkebe6jad.onion/entity/D1DDFB2A56855328,listed,,yes
interlock,Reynella East College,AU,,2026-06-23,http://pal3f65j4qj7b2hz2mlmimu4vhl4wz7sfdlvp3g2ry3qwk5nc6pbakid.onion/index.php?p=,listed,,yes
apt73,kliknklik.com,ID,Consumer Services,2026-06-23,http://basherq53eniermxovo3bkduw5qqq5bkqcml3qictfmamgvmzovykyqd.onion/page_company.php?id=173,listed,,yes
apt73,gov.br,BR,Public Sector,2026-06-23,http://basherq53eniermxovo3bkduw5qqq5bkqcml3qictfmamgvmzovykyqd.onion/page_company.php?id=172,listed,,yes
braincipher,eggetttax.ca,CA,Agriculture and Food Production,2026-06-22,http://vkvsgl7lhipjirmz6j5ubp3w3bwvxgcdbpi3fsbqngfynetqtw4w5hyd.onion/n/eggetttax,listed,,yes
braincipher,sterlinggloballtd.com,GB,Business Services,2026-06-22,http://vkvsgl7lhipjirmz6j5ubp3w3bwvxgcdbpi3fsbqngfynetqtw4w5hyd.onion/n/sterlinggloballtd,listed,,yes
payload,ENB Versicherungen | myenb.ch,CH,Financial Services,2026-06-20,http://payloadrz5yw227brtbvdqpnlhq3rdcdekdnn3rgucbcdeawq2v6vuyd.onion/posts/0833681d-0958-4396-ad0e-648449982275,listed,,yes
payload,Editora Irmãos Vitale,BR,Education,2026-06-20,http://payloadrz5yw227brtbvdqpnlhq3rdcdekdnn3rgucbcdeawq2v6vuyd.onion/posts/226497e0-7f90-443f-ab5e-2bdb5a979b16,listed,,yes
payload,Qualiflex Solutions | qualiflex.solutions,CH,Business Services,2026-06-20,http://payloadrz5yw227brtbvdqpnlhq3rdcdekdnn3rgucbcdeawq2v6vuyd.onion/posts/82ea2e16-b8a3-45d4-bc17-91c0e186c4f1,listed,,yes
payload,Preferred Properties,,,2026-06-20,http://payloadrz5yw227brtbvdqpnlhq3rdcdekdnn3rgucbcdeawq2v6vuyd.onion/posts/9664c008-e4dc-45f7-8e7a-43d4c521e297,listed,,yes
braincipher,themintgaming.com,,Consumer Services,2026-06-19,http://vkvsgl7lhipjirmz6j5ubp3w3bwvxgcdbpi3fsbqngfynetqtw4w5hyd.onion/n/themintgaming,listed,,yes
pear,Optimum First Mortgage,US,Financial Services,2026-06-19,http://pearsmob5sn44ismokiusuld34pnfwi6ctgin3qbvonpoob4lh3rmtqd.onion/Companies/optimumfirst,listed,,yes
pear,B & B Trading,US,Business Services,2026-06-18,http://pearsmob5sn44ismokiusuld34pnfwi6ctgin3qbvonpoob4lh3rmtqd.onion/Companies/bandbtrading,listed,,yes
pear,"Release Marine, Inc.",US,Transportation/Logistics,2026-06-18,http://pearsmob5sn44ismokiusuld34pnfwi6ctgin3qbvonpoob4lh3rmtqd.onion/Companies/releasemarine,listed,,yes
pear,Kirbor Homes,US,Construction,2026-06-18,http://pearsmob5sn44ismokiusuld34pnfwi6ctgin3qbvonpoob4lh3rmtqd.onion/Companies/kirbor,listed,,yes
spacebears,Chebib Control,BR,Business Services,2026-06-17,http://5butbkrljkaorg5maepuca25oma7eiwo6a2rlhvkblb4v6mf3ki2ovid.onion/companies/53/chebib-control,listed,,yes
spacebears,Gerencial,BR,Business Services,2026-06-17,http://5butbkrljkaorg5maepuca25oma7eiwo6a2rlhvkblb4v6mf3ki2ovid.onion/companies/52/gerencial,listed,,yes
payload,SPORTON International Inc.,TW,Manufacturing,2026-06-16,http://payloadrz5yw227brtbvdqpnlhq3rdcdekdnn3rgucbcdeawq2v6vuyd.onion/posts/1e2d33b6-0cd6-4b3e-940e-a8275d5cd9b4,listed,,yes
spacebears,ECOVACS,CN,Consumer Services,2026-06-16,http://5butbkrljkaorg5maepuca25oma7eiwo6a2rlhvkblb4v6mf3ki2ovid.onion/companies/51/ecovacs,listed,,yes
braincipher,alu-rex.com,AT,Manufacturing,2026-06-15,http://vkvsgl7lhipjirmz6j5ubp3w3bwvxgcdbpi3fsbqngfynetqtw4w5hyd.onion/n/alu-rex,listed,,yes
braincipher,anglomoil.com,GB,Energy,2026-06-15,http://vkvsgl7lhipjirmz6j5ubp3w3bwvxgcdbpi3fsbqngfynetqtw4w5hyd.onion/n/anglomoil,listed,,yes
ailock,Röben Tonbaustoffe GmbH,DE,Manufacturing,2026-06-15,http://dhnsppqjaaa22lsqxl2tfhji4ca43743kubltnodvsft3hkvai77p6ad.onion,listed,,yes
payload,myipo.gov.my,MY,Public Sector,2026-06-13,http://payloadrz5yw227brtbvdqpnlhq3rdcdekdnn3rgucbcdeawq2v6vuyd.onion/posts/60d121ff-653a-4d9c-8e56-5381c4047607,listed,,yes
insomnia,The Vant Group,US,Business Services,2026-06-12,http://i62huw7ve22rpyw6lnq3kmfump2dmsg4xpveec3ere73njwatrz74gad.onion/Company/TVG/,listed,,yes
m3rx,maringoodman.com,US,Consumer Services,2026-06-11,http://4k6plf4h2cm2nco6ae3inrsxnmqgl6lllmwefydhnlcq4tuhwbj4qpad.onion#maringoodman.com,listed,,yes
m3rx,hbexperts-conseils.ca,CA,Business Services,2026-06-11,http://4k6plf4h2cm2nco6ae3inrsxnmqgl6lllmwefydhnlcq4tuhwbj4qpad.onion#hbexperts-conseils.ca,listed,,yes
m3rx,werkstoff-service.de,DE,Manufacturing,2026-06-11,http://4k6plf4h2cm2nco6ae3inrsxnmqgl6lllmwefydhnlcq4tuhwbj4qpad.onion#werkstoff-service.de,listed,,yes
m3rx,fasadeconsult.no,NO,Business Services,2026-06-11,http://4k6plf4h2cm2nco6ae3inrsxnmqgl6lllmwefydhnlcq4tuhwbj4qpad.onion#fasadeconsult.no,listed,,yes
m3rx,ktwhs.com,CA,,2026-06-11,http://4k6plf4h2cm2nco6ae3inrsxnmqgl6lllmwefydhnlcq4tuhwbj4qpad.onion#ktwhs.com,listed,,yes
krybit,"PROBE, S.A. DE C.V",MX,,2026-06-10,http://krybitqsdzwmhnitvwuhvsntfgf2wrhxveyxroxpc44c6gkft2cqldyd.onion/blog/99b5f21e6809fa3b3992cf6ba1ef0b3cd8850ff3910cbdd76f9dd2ecd5e68dc9/,listed,,yes
spacebears,Cattani,IT,,2026-06-10,http://5butbkrljkaorg5maepuca25oma7eiwo6a2rlhvkblb4v6mf3ki2ovid.onion/companies/50/cattani,listed,,yes
pear,K & E Distributing,US,Transportation/Logistics,2026-06-10,http://pearsmob5sn44ismokiusuld34pnfwi6ctgin3qbvonpoob4lh3rmtqd.onion/Companies/kedistributing,listed,,yes
pear,Bayou Electrical Services,US,Construction,2026-06-10,http://pearsmob5sn44ismokiusuld34pnfwi6ctgin3qbvonpoob4lh3rmtqd.onion/Companies/bayouelectrical,listed,,yes
pear,National Health Fund,JM,Healthcare,2026-06-10,http://pearsmob5sn44ismokiusuld34pnfwi6ctgin3qbvonpoob4lh3rmtqd.onion/Companies/nhf,listed,,yes
pear,Alpha IT,NO,Technology,2026-06-10,http://pearsmob5sn44ismokiusuld34pnfwi6ctgin3qbvonpoob4lh3rmtqd.onion/Companies/alphait,listed,,yes
termite,Cal Fresh,CA,Agriculture and Food Production,2026-06-09,http://termiteuslbumdge2zmfmfcsrvmvsfe4gvyudc5j6cdnisnhtftvokid.onion/post/6a27543ec684b738d525bc1d,listed,,yes
insomnia,Mid-Cumberland Human Resource Agency,US,Business Services,2026-06-09,http://i62huw7ve22rpyw6lnq3kmfump2dmsg4xpveec3ere73njwatrz74gad.onion/Company/MCHRA/,listed,,yes
embargo,Auburn Electrical Construction Company,US,Construction,2026-06-09,http://embargobe3n5okxyzqphpmk3moinoap2snz5k6765mvtkk7hhi544jid.onion/#/post/171f9184-aa30-48cb-bae9-ef48ca89cec5,listed,,yes
termite,Wiese USA,US,Manufacturing,2026-06-08,http://termiteuslbumdge2zmfmfcsrvmvsfe4gvyudc5j6cdnisnhtftvokid.onion/post/6a20afa8c684b738d525af92,listed,,yes
termite,Roland Machinery,AU,Manufacturing,2026-06-08,http://termiteuslbumdge2zmfmfcsrvmvsfe4gvyudc5j6cdnisnhtftvokid.onion/post/6a20b001c684b738d525b058,listed,,yes
payload,Plaza Lama,DO,Hospitality and Tourism,2026-06-08,http://payloadrz5yw227brtbvdqpnlhq3rdcdekdnn3rgucbcdeawq2v6vuyd.onion/posts/ae4b423a-d339-450c-b3fe-dbfd6d46c601,listed,,yes
payload,Hansoll Textile in Vietnam,VN,Manufacturing,2026-06-08,http://payloadrz5yw227brtbvdqpnlhq3rdcdekdnn3rgucbcdeawq2v6vuyd.onion/posts/8103c710-bffc-458d-9b3a-9cb2fe9d8817,listed,,yes
payload,Villea Hotels in AttanaHotels,,Hospitality and Tourism,2026-06-08,http://payloadrz5yw227brtbvdqpnlhq3rdcdekdnn3rgucbcdeawq2v6vuyd.onion/posts/4b9503f3-44bc-4c7a-bfac-68ca31acaa75,listed,,yes
blackwater,www.utourworld.com,,Hospitality and Tourism,2026-06-06,http://ejzl7cjxmkx7lzhiqwidmrwtfjv45pkczbc4fnyaut3t7gll3yaiq5id.onion/blog?uuid=908e35ca-0693-37f1-9b4d-05b2e59a59f1,listed,,yes
securotrop,Kriete Truck Centers,US,Transportation/Logistics,2026-06-05,http://securo45z554mw7rgrt7wcgv5eenj2xmxyrsdj3fcjsvindu63s4bsid.onion,listed,,yes
ailock,Groupe Sécurité CLB,FR,Business Services,2026-06-04,http://dhnsppqjaaa22lsqxl2tfhji4ca43743kubltnodvsft3hkvai77p6ad.onion,listed,,yes
spacebears,Sicol,BR,Manufacturing,2026-06-04,http://5butbkrljkaorg5maepuca25oma7eiwo6a2rlhvkblb4v6mf3ki2ovid.onion/companies/47/sicol,listed,,yes
spacebears,Geske Haus- und Versorgungstechnik GmbH,DE,Manufacturing,2026-06-03,http://5butbkrljkaorg5maepuca25oma7eiwo6a2rlhvkblb4v6mf3ki2ovid.onion/companies/46/geske-haus-und-versorgungstechnik-gmbh,listed,,yes
killsec,csinsurance.mx,MX,Financial Services,2026-06-03,http://ks5424y3wpr5zlug5c7i6svvxweinhbdcqcfnptkfcutrncfazzgz5id.onion,listed,,yes
killsec,acehospital.in,IN,Healthcare,2026-06-03,http://ks5424y3wpr5zlug5c7i6svvxweinhbdcqcfnptkfcutrncfazzgz5id.onion,listed,,yes
interlock,Cold Front Distribution,US,Transportation/Logistics,2026-06-02,http://nh2kwgilfzi5mngiiqtcuoueh2oy4dkjq5cnfnjymueoj654fi7qtpid.onion/index.php?p=,listed,,yes
spacebears,Stellar,TC,,2026-06-02,http://5butbkrljkaorg5maepuca25oma7eiwo6a2rlhvkblb4v6mf3ki2ovid.onion/companies/45/stellar,listed,,yes
braincipher,squamish.net,CA,,2026-06-01,http://vkvsgl7lhipjirmz6j5ubp3w3bwvxgcdbpi3fsbqngfynetqtw4w5hyd.onion/n/squamish,listed,,yes
abyss,School Facility Consultants,,Business Services,2026-06-01,http://3ev4metjirohtdpshsqlkrqcmxq6zu3d7obrdhglpy5jpbr7whmlfgqd.onion,listed,,yes
abyss,landkreis-limburg-weilburg.de,DE,Public Sector,2026-06-01,http://3ev4metjirohtdpshsqlkrqcmxq6zu3d7obrdhglpy5jpbr7whmlfgqd.onion,listed,,yes
ailock,Schneebeli,CH,,2026-06-01,http://dhnsppqjaaa22lsqxl2tfhji4ca43743kubltnodvsft3hkvai77p6ad.onion,listed,,yes
termite,Indiana Mills and Manufacturing,US,Manufacturing,2026-05-30,http://termiteuslbumdge2zmfmfcsrvmvsfe4gvyudc5j6cdnisnhtftvokid.onion/post/6a0c91a1d09f340c1e9e383d,listed,,yes
termite,UEI College,US,Education,2026-05-30,http://termiteuslbumdge2zmfmfcsrvmvsfe4gvyudc5j6cdnisnhtftvokid.onion/post/6a14cce8c684b738d5259940,listed,,yes
pear,Plexsupply Inc,US,Business Services,2026-05-30,http://pearsmob5sn44ismokiusuld34pnfwi6ctgin3qbvonpoob4lh3rmtqd.onion/Companies/plexsupply,listed,,yes
kairos,Commune De Camiers,FR,Public Sector,2026-05-29,http://kairosgeuzkzz3ajntqcyxl3ib36szz3mg62mb3zbui33pbk3uzo4qqd.onion,listed,,yes
ailock,"Restorative Therapies, Inc.",US,Healthcare,2026-05-29,http://dhnsppqjaaa22lsqxl2tfhji4ca43743kubltnodvsft3hkvai77p6ad.onion,listed,,yes
everest,Asopagos S.A.,CO,,2026-05-29,http://ransomocmou6mnbquqz44ewosbkjk3o5qjsl3orawojexfook2j7esad.onion/news/Asopagos_S.A._/,listed,,yes
everest,ЕРМ,,Business Services,2026-05-29,http://ransomocmou6mnbquqz44ewosbkjk3o5qjsl3orawojexfook2j7esad.onion/news/erm/,listed,,yes
everest,Spedition Kern,DE,Transportation/Logistics,2026-05-28,http://ransomocmou6mnbquqz44ewosbkjk3o5qjsl3orawojexfook2j7esad.onion/news/Spedition_Kern/,listed,,yes
everest,Advanced Psychiatry Associates,US,Healthcare,2026-05-28,http://ransomocmou6mnbquqz44ewosbkjk3o5qjsl3orawojexfook2j7esad.onion/news/Advanced_Psychiatry_Associates/,listed,,yes
everest,Sidra Kuwait Hospital,KW,Healthcare,2026-05-28,http://ransomocmou6mnbquqz44ewosbkjk3o5qjsl3orawojexfook2j7esad.onion/news/Sidra_Kuwait_Hospital/,listed,,yes
everest,VVO Finance,DE,Financial Services,2026-05-28,http://ransomocmou6mnbquqz44ewosbkjk3o5qjsl3orawojexfook2j7esad.onion/news/VVO_Finance/,listed,,yes
everest,AKM,JP,,2026-05-28,http://ransomocmou6mnbquqz44ewosbkjk3o5qjsl3orawojexfook2j7esad.onion/news/AKM/,listed,,yes
everest,TransferZ,US,Transportation/Logistics,2026-05-28,http://ransomocmou6mnbquqz44ewosbkjk3o5qjsl3orawojexfook2j7esad.onion/news/TransferZ/,listed,,yes
everest,L&P Aesthetics,US,Healthcare,2026-05-28,http://ransomocmou6mnbquqz44ewosbkjk3o5qjsl3orawojexfook2j7esad.onion/news/L_P_Aesthetics/,listed,,yes
spacebears,Ridge Law Firm,US,Business Services,2026-05-27,http://5butbkrljkaorg5maepuca25oma7eiwo6a2rlhvkblb4v6mf3ki2ovid.onion/companies/44/ridge-law-firm,listed,,yes
spacebears,Filabé,CH,Agriculture and Food Production,2026-05-26,http://5butbkrljkaorg5maepuca25oma7eiwo6a2rlhvkblb4v6mf3ki2ovid.onion/companies/42/filabe,listed,,yes
spacebears,BASE SPA,IT,Business Services,2026-05-26,http://5butbkrljkaorg5maepuca25oma7eiwo6a2rlhvkblb4v6mf3ki2ovid.onion/companies/41/base-spa,listed,,yes
ailock,"Artso International, Inc.",TW,Business Services,2026-05-24,http://dhnsppqjaaa22lsqxl2tfhji4ca43743kubltnodvsft3hkvai77p6ad.onion,listed,,yes
auditteam,Mopas Online Supermarket,TR,Consumer Services,2026-05-23,http://6tdqqaxftvradka5d2frzgwixis7fmro7rfh4ettzcx7jfapkebe6jad.onion/entity/974E9F6C44C975EA,listed,,yes
braincipher,sheppadviser.com.au,AU,Business Services,2026-05-21,http://vkvsgl7lhipjirmz6j5ubp3w3bwvxgcdbpi3fsbqngfynetqtw4w5hyd.onion/n/sheppadviser,listed,,yes
payload,G Theodor Freese,DE,Manufacturing,2026-05-21,http://payloadrz5yw227brtbvdqpnlhq3rdcdekdnn3rgucbcdeawq2v6vuyd.onion/posts/d2d3491f-ae6b-4d20-b97d-87914a821488,listed,,yes
payload,A-Sonic Logistic Solutions,,Transportation/Logistics,2026-05-21,http://payloadrz5yw227brtbvdqpnlhq3rdcdekdnn3rgucbcdeawq2v6vuyd.onion/posts/8c920770-c009-405a-9404-bb857715e3eb,listed,,yes
payload,Internal Medicine and Pediatrics of Cullman,US,Healthcare,2026-05-21,http://payloadrz5yw227brtbvdqpnlhq3rdcdekdnn3rgucbcdeawq2v6vuyd.onion/posts/2b8ea072-6d08-4063-a1b1-fd3d0e0296e6,listed,,yes
payload,Robinsons,SG,Consumer Services,2026-05-21,http://payloadrz5yw227brtbvdqpnlhq3rdcdekdnn3rgucbcdeawq2v6vuyd.onion/posts/a2c7fa7b-5ee7-488b-a289-aa198eea5bee,listed,,yes
payload,Tang Seng Nitrogen & Pump Systems Pte. Ltd.,SG,Manufacturing,2026-05-19,http://payloadrz5yw227brtbvdqpnlhq3rdcdekdnn3rgucbcdeawq2v6vuyd.onion/posts/acf6bc9f-c454-47cd-9ffd-36fbf55b0dc3,listed,,yes
payload,Elohim Law Corporation,SG,Business Services,2026-05-19,http://payloadrz5yw227brtbvdqpnlhq3rdcdekdnn3rgucbcdeawq2v6vuyd.onion/posts/10ce6aac-4a2d-4f5e-880c-943d762afcc7,listed,,yes
payload,Kabushiki Gaisha Hodozuka Setsubi,JP,Manufacturing,2026-05-19,http://payloadrz5yw227brtbvdqpnlhq3rdcdekdnn3rgucbcdeawq2v6vuyd.onion/posts/fd10449c-7db5-41f0-8648-5c2b76887f25,listed,,yes
ailock,Design Engineering & Consulting,US,Business Services,2026-05-18,http://dhnsppqjaaa22lsqxl2tfhji4ca43743kubltnodvsft3hkvai77p6ad.onion,listed,,yes
ailock,Jazz Hipster,US,Consumer Services,2026-05-18,http://dhnsppqjaaa22lsqxl2tfhji4ca43743kubltnodvsft3hkvai77p6ad.onion,listed,,yes
m3rx,dosocho.es,ES,,2026-05-17,http://4k6plf4h2cm2nco6ae3inrsxnmqgl6lllmwefydhnlcq4tuhwbj4qpad.onion#dosocho.es,listed,,yes
m3rx,soft-inc.com,JP,Technology,2026-05-17,http://4k6plf4h2cm2nco6ae3inrsxnmqgl6lllmwefydhnlcq4tuhwbj4qpad.onion#soft-inc.com,listed,,yes
m3rx,psbsementi.it,IT,,2026-05-17,http://4k6plf4h2cm2nco6ae3inrsxnmqgl6lllmwefydhnlcq4tuhwbj4qpad.onion#psbsementi.it,listed,,yes
m3rx,grupo55.com,ES,,2026-05-17,http://4k6plf4h2cm2nco6ae3inrsxnmqgl6lllmwefydhnlcq4tuhwbj4qpad.onion#grupo55.com,listed,,yes
termite,RAMAR FOODS INTERNATIONAL,US,Agriculture and Food Production,2026-05-16,http://termiteuslbumdge2zmfmfcsrvmvsfe4gvyudc5j6cdnisnhtftvokid.onion/post/6a024844786a0e50d7a6c969,listed,,yes
abyss,technic.com,US,Technology,2026-05-14,http://3ev4metjirohtdpshsqlkrqcmxq6zu3d7obrdhglpy5jpbr7whmlfgqd.onion,listed,,yes
killsec,dsdlawfirm.com,US,Business Services,2026-05-14,http://ks5424y3wpr5zlug5c7i6svvxweinhbdcqcfnptkfcutrncfazzgz5id.onion,listed,,yes
payload,Gorey Community School,IE,Education,2026-05-13,http://payloadrz5yw227brtbvdqpnlhq3rdcdekdnn3rgucbcdeawq2v6vuyd.onion/posts/c9049f7c-de08-4099-a2f7-d8ae8e421682,listed,,yes
payload,Inteceng.com.my (+ Tsksynergy.com.my + Amemanufacturing.com.my + Woodnova.com.my),MY,Manufacturing,2026-05-13,http://payloadrz5yw227brtbvdqpnlhq3rdcdekdnn3rgucbcdeawq2v6vuyd.onion/posts/61827d93-eb95-42af-b264-9b84aeecefb7,listed,,yes
ailock,PremCom,GB,,2026-04-22,,listed,,yes
securotrop,Synergy Engineering,US,Business Services,2026-04-21,http://securo45z554mw7rgrt7wcgv5eenj2xmxyrsdj3fcjsvindu63s4bsid.onion,listed,,yes
payload,JOH Investments Limited,,Financial Services,2026-04-20,http://payloadrz5yw227brtbvdqpnlhq3rdcdekdnn3rgucbcdeawq2v6vuyd.onion/posts/30db07c6-741c-401d-acc1-60b2f60bcfd9,listed,,yes
payload,Better House,,Consumer Services,2026-04-20,http://payloadrz5yw227brtbvdqpnlhq3rdcdekdnn3rgucbcdeawq2v6vuyd.onion/posts/5893a5ae-0358-4f96-a0fb-6456e9f6c451,listed,,yes
payload,Al Sulaiti Law Firm,QA,Business Services,2026-04-20,http://payloadrz5yw227brtbvdqpnlhq3rdcdekdnn3rgucbcdeawq2v6vuyd.onion/posts/38d57f8d-c8a9-4e40-a223-9be16bdced9b,listed,,yes
everest,Nutrabio,US,Agriculture and Food Production,2026-04-20,http://ransomocmou6mnbquqz44ewosbkjk3o5qjsl3orawojexfook2j7esad.onion/news/Nutrabio_/,listed,,yes
everest,Umiles Group,,Business Services,2026-04-20,http://ransomocmou6mnbquqz44ewosbkjk3o5qjsl3orawojexfook2j7esad.onion/news/Umiles_Group/,listed,,yes
everest,Complete Aircraft Group,US,Manufacturing,2026-04-20,http://ransomocmou6mnbquqz44ewosbkjk3o5qjsl3orawojexfook2j7esad.onion/news/Complete_Aircraft_Group/,listed,,yes
everest,Tokoparts,ID,Consumer Services,2026-04-20,http://ransomocmou6mnbquqz44ewosbkjk3o5qjsl3orawojexfook2j7esad.onion/news/Tokoparts/,listed,,yes
everest,Citizens Bank,US,Financial Services,2026-04-20,http://ransomocmou6mnbquqz44ewosbkjk3o5qjsl3orawojexfook2j7esad.onion/news/Citizens_Bank/,listed,,yes
everest,Frost Bank,US,Financial Services,2026-04-20,http://ransomocmou6mnbquqz44ewosbkjk3o5qjsl3orawojexfook2j7esad.onion/news/Frost_Bank/,listed,,yes
ransomexx,SOGO Auction,,Business Services,2026-04-17,http://rnsm777cdsjrsdlbs4v5qoeppu3px6sb2igmh53jzrx7ipcrbjz5b2ad.onion/2026/04/17/sogo-auction/,listed,,yes
termite,Millennium Dental Technologies,,Healthcare,2026-04-17,http://termiteuslbumdge2zmfmfcsrvmvsfe4gvyudc5j6cdnisnhtftvokid.onion/post/69e1671a786a0e50d7a6a887,listed,,yes
ransomexx,GoTip,,Business Services,2026-04-17,http://rnsm777cdsjrsdlbs4v5qoeppu3px6sb2igmh53jzrx7ipcrbjz5b2ad.onion/2026/04/16/gotip/,listed,,yes
crypto24,Qatar Biomedical Research Institute (QBRI),QA,Healthcare,2026-04-17,,listed,,yes
payload,Franziskusschule Wilhelmshaven,DE,Education,2026-04-16,http://payloadrz5yw227brtbvdqpnlhq3rdcdekdnn3rgucbcdeawq2v6vuyd.onion/posts/7c90fc7c-33c6-4fbe-913c-b43b396b278a,listed,,yes
payload,Marino Food Products Pvt,LK,Agriculture and Food Production,2026-04-16,http://payloadrz5yw227brtbvdqpnlhq3rdcdekdnn3rgucbcdeawq2v6vuyd.onion/posts/0de813bc-eaed-452e-9b1e-10c6c085e000,listed,,yes
payload,Sunlight Express Airways,,Transportation/Logistics,2026-04-16,http://payloadrz5yw227brtbvdqpnlhq3rdcdekdnn3rgucbcdeawq2v6vuyd.onion/posts/b4c9d63d-2827-4bb9-b1b9-edf84f780a74,listed,,yes
payload,orientalweavers.com,EG,Manufacturing,2026-04-16,http://payloadrz5yw227brtbvdqpnlhq3rdcdekdnn3rgucbcdeawq2v6vuyd.onion/posts/b32ffa64-bd8e-487d-a358-cdb8f7d2bb8d,listed,,yes
payload,TFE Group,AU,Consumer Services,2026-04-16,http://payloadrz5yw227brtbvdqpnlhq3rdcdekdnn3rgucbcdeawq2v6vuyd.onion/posts/555031f0-db54-4cc0-b7ed-c5b3c1d5f400,listed,,yes
interlock,Uniwersytet Warszawski,PL,Education,2026-04-15,http://efs3fkrjyvqsk7nugzteelo5i5jxoch5ziqhf37dzmmlmzzlymhawmid.onion/index.php?p=,listed,,yes
exitium,Gastroenterology & Hepatology of CNY,NY,Healthcare,2026-04-14,http://m3ksukzn2glzfdvlusohril7n3iyk4z4fudf6mm22lwhpbpt5aiee5qd.onion#Gastroenterology%20%26%20Hepatology%20of%20CNY,listed,,yes
securotrop,Tax Prep and More,US,Business Services,2026-04-13,http://securo45z554mw7rgrt7wcgv5eenj2xmxyrsdj3fcjsvindu63s4bsid.onion,listed,,yes
everest,K Subsea Group,SG,Energy,2026-04-13,http://ransomocmou6mnbquqz44ewosbkjk3o5qjsl3orawojexfook2j7esad.onion/news/K_Subsea_Group/,listed,,yes
ailock,Alvi Associates,,,2026-04-10,,listed,,yes
insomnia,United Medical Doctors,US,Healthcare,2026-04-09,http://i62huw7ve22rpyw6lnq3kmfump2dmsg4xpveec3ere73njwatrz74gad.onion/Company/UnitedMD/,listed,,yes
payload,El Wastani Petroleum Company (WASCO),LY,Energy,2026-04-08,http://payloadrz5yw227brtbvdqpnlhq3rdcdekdnn3rgucbcdeawq2v6vuyd.onion/posts/29732084-774a-4667-9dcd-b2ebfb6a748a,listed,,yes
insomnia,Noble Inc.,US,,2026-04-07,http://i62huw7ve22rpyw6lnq3kmfump2dmsg4xpveec3ere73njwatrz74gad.onion/Company/Noble/,listed,,yes
netrunner,Jordan India Fertilizer Company,JO,Agriculture and Food Production,2026-04-03,http://netrunrsb3bivj5gnwajzxlig5qkteb6edgthxj7fmsvhkzxtwfxwaad.onion/view/jifco.co,listed,,yes
netrunner,Harman Fitness,US,Consumer Services,2026-04-03,http://netrunrsb3bivj5gnwajzxlig5qkteb6edgthxj7fmsvhkzxtwfxwaad.onion/view/harmanfitness,listed,,yes
netrunner,Nippon Medical School Musashi Kosugi Hospital,JP,Healthcare,2026-04-03,http://netrunrsb3bivj5gnwajzxlig5qkteb6edgthxj7fmsvhkzxtwfxwaad.onion/view/MusashiKosugi,listed,,yes
netrunner,Shiraume Hospital,JP,Healthcare,2026-04-03,http://netrunrsb3bivj5gnwajzxlig5qkteb6edgthxj7fmsvhkzxtwfxwaad.onion/view/Shiraume,listed,,yes
netrunner,GEG Telecomunicazioni,IT,Telecommunication,2026-04-03,http://netrunrsb3bivj5gnwajzxlig5qkteb6edgthxj7fmsvhkzxtwfxwaad.onion/view/GEGSRL,listed,,yes
netrunner,Seoyon E-Hwa Summit,,Manufacturing,2026-04-03,http://netrunrsb3bivj5gnwajzxlig5qkteb6edgthxj7fmsvhkzxtwfxwaad.onion/view/SEOYON,listed,,yes
interlock,Community College of Beaver County,US,Education,2026-04-03,http://kcykitrgt5sceuap4wrgeqdx53z2kgailaa5a62qxmdl7mbqarfgt3id.onion/index.php?p=,listed,,yes
ailock,Berning & Söhne GmbH,DE,,2026-04-03,,listed,,yes
ailock,Piet Vijverberg,NL,Agriculture and Food Production,2026-04-03,,listed,,yes
payload,United Finance Egypt,EG,Financial Services,2026-04-03,http://payloadrz5yw227brtbvdqpnlhq3rdcdekdnn3rgucbcdeawq2v6vuyd.onion/posts/ad284bf3-0789-4d98-a7d0-4810f027bda0,listed,,yes
payload,Tscherne Consulting Steuerberatung GmbH,AT,Financial Services,2026-04-03,http://payloadrz5yw227brtbvdqpnlhq3rdcdekdnn3rgucbcdeawq2v6vuyd.onion/posts/f09e43ac-79b7-4cf1-bcd8-93d6f27b6436,listed,,yes
interlock,The Center for Hearing & Speech,US,Healthcare,2026-04-02,http://hz7krqig75lgdzl7rtxynw26m3vornjl24ikeyqb5vagbae2iectorqd.onion/index.php?p=,listed,,yes
crypto24,Katcon Global,MX,Manufacturing,2026-04-02,,listed,,yes
crypto24,"Industrias Guerra, S.A.",ES,Manufacturing,2026-04-02,,listed,,yes
everest,Nissan,JP,Manufacturing,2026-04-01,http://ransomocmou6mnbquqz44ewosbkjk3o5qjsl3orawojexfook2j7esad.onion/news/Nissan/,listed,,yes
everest,Parque Eólico Toabré,PA,Energy,2026-03-31,http://ransomocmou6mnbquqz44ewosbkjk3o5qjsl3orawojexfook2j7esad.onion/news/Parque_Eólico_Toabré/,listed,,yes
everest,PT Brantas Abipraya,ID,Construction,2026-03-31,http://ransomocmou6mnbquqz44ewosbkjk3o5qjsl3orawojexfook2j7esad.onion/news/PT_Brantas_Abipraya/,listed,,yes
everest,Straight Line Logistics,AE,Transportation/Logistics,2026-03-30,http://ransomocmou6mnbquqz44ewosbkjk3o5qjsl3orawojexfook2j7esad.onion/news/Straight_Line_Logistics/,listed,,yes
securotrop,Jones Haber Law,US,,2026-03-30,http://securo45z554mw7rgrt7wcgv5eenj2xmxyrsdj3fcjsvindu63s4bsid.onion,listed,,yes
sarcoma,GYF,,,2026-03-30,,listed,,yes
exitium,Ming Hwei Energy,TW,Energy,2026-03-29,http://m3ksukzn2glzfdvlusohril7n3iyk4z4fudf6mm22lwhpbpt5aiee5qd.onion#Ming%20Hwei%20Energy,listed,,yes
crypto24,ActionPower,KR,,2026-03-27,,listed,,yes
interlock,Goodwill,US,Consumer Services,2026-03-26,http://3ssy6kepkwajapmra262il4tnufgbujf2boz7odgigc3e46dzdqd6wad.onion/index.php?p=,listed,,yes
crypto24,Estudio O'Farrell,AR,,2026-03-24,,listed,,yes
exitium,Marborges Agroindustria,BR,Agriculture and Food Production,2026-03-23,http://m3ksukzn2glzfdvlusohril7n3iyk4z4fudf6mm22lwhpbpt5aiee5qd.onion#Marborges%20Agroindustria,listed,,yes
insomnia,Atlas Ocean Voyages,US,Hospitality and Tourism,2026-03-23,http://i62huw7ve22rpyw6lnq3kmfump2dmsg4xpveec3ere73njwatrz74gad.onion/Company/Atlas/,listed,,yes
nightspire,GD France,FR,,2026-03-20,,listed,,yes
interlock,Delta Manufacturing,,Manufacturing,2026-03-18,http://pgjf3dfkamnprahggbw4yojyb7sot3no2glnbfwyzbzqbnaislpv52yd.onion/index.php?p=,listed,,yes
insomnia,Valley Family Health Care,US,Healthcare,2026-03-18,http://i62huw7ve22rpyw6lnq3kmfump2dmsg4xpveec3ere73njwatrz74gad.onion/Company/VFHC/,listed,,yes
exitium,Fannin CAD,US,Public Sector,2026-03-17,http://m3ksukzn2glzfdvlusohril7n3iyk4z4fudf6mm22lwhpbpt5aiee5qd.onion#Fannin%20CAD,listed,,yes
killsec,hospitalvetdiadema24h.com.br,BR,Healthcare,2026-03-17,,listed,,yes
killsec,palram.com,IL,Manufacturing,2026-03-17,,listed,,yes
ailock,Solutions Extreme Technology,CA,Technology,2026-03-17,,listed,,yes
termite,Noll and Tam Architects,US,Construction,2026-03-17,http://termiteuslbumdge2zmfmfcsrvmvsfe4gvyudc5j6cdnisnhtftvokid.onion/post/69b89749c3aeb8d444653045,listed,,yes
everest,Evaluate a Norstella company,NO,,2026-03-15,http://ransomocmou6mnbquqz44ewosbkjk3o5qjsl3orawojexfook2j7esad.onion/news/Evaluate_a_Norstella_company/,listed,,yes
embargo,westport.com,US,Technology,2026-03-14,http://embargobe3n5okxyzqphpmk3moinoap2snz5k6765mvtkk7hhi544jid.onion/#/post/81b2598c-ee5e-4eb0-a5a6-b2fea7820333,listed,,yes
beast,Communicate UK,GB,Telecommunication,2026-03-14,http://beast6azu4f7fxjakiayhnssybibsgjnmy77a6duufqw5afjzfjhzuqd.onion/card/communicate_uk,listed,,yes
killsec,meena health,,Healthcare,2026-03-14,,listed,,yes
killsec,NextCapitalTrust,,Financial Services,2026-03-14,,listed,,yes
ailock,England Hockey,GB,Public Sector,2026-03-12,,listed,,yes
nightspire,Big Brothers Big Sisters,US,Education,2026-03-11,,listed,,yes
interlock,Elliott-Lewis,US,Construction,2026-03-11,http://x2ol75zago3z2nrp7lnmbcwoq3okiexuwi456oe6jqurbprg6lljz3yd.onion/index.php?p=,listed,,yes
killsec,shlomo bit,IL,,2026-03-11,,listed,,yes
everest,First Priority Group,US,,2026-03-10,http://ransomocmou6mnbquqz44ewosbkjk3o5qjsl3orawojexfook2j7esad.onion/news/First_Priority_Group_/,listed,,yes
interlock,Wagon Mound Public Schools,US,Education,2026-03-09,http://hu5zd7ek6glyoke5kfc4mvt6s3cmia6ebtqptumvbogzdo2vrn5e7bid.onion/index.php?p=,listed,,yes
ailock,Johnson Vollmerhausen & Gates,,,2026-03-07,,listed,,yes
ailock,Netwerk NV,BE,,2026-03-07,,listed,,yes
ailock,Eeyou Communications Network,CA,Telecommunication,2026-03-07,,listed,,yes
termite,City of Huntington,,Public Sector,2026-03-07,http://termiteuslbumdge2zmfmfcsrvmvsfe4gvyudc5j6cdnisnhtftvokid.onion/post/69ab564cc3aeb8d444652359,listed,,yes
everest,Hyundai Elevator,KR,Manufacturing,2026-03-06,http://ransomocmou6mnbquqz44ewosbkjk3o5qjsl3orawojexfook2j7esad.onion/news/Hyundai_Elevator/,listed,,yes
ailock,Transsion,CN,Technology,2026-03-06,,listed,,yes
killsec,MyFair,KR,,2026-03-06,,listed,,yes
killsec,MedicalGPT,US,Healthcare,2026-03-06,,listed,,yes
killsec,yurdriversnetwork,US,,2026-03-06,,listed,,yes
crypto24,Rowad Modern Engineering,EG,Construction,2026-03-05,,listed,,yes
tridentlocker,Jameson Pepple Cantu PLLC,US,,2026-03-05,http://tridentfrdy6jydwywfx4vx422vnto7pktao2gyx2qdcwjanogq454ad.onion/article/d8954d9b-f2a1-48c0-bfa3-dc4579a7c4cd,listed,,yes
beast,"Camelot Electronics Technology Co., Ltd.",CN,Technology,2026-03-03,http://beast6azu4f7fxjakiayhnssybibsgjnmy77a6duufqw5afjzfjhzuqd.onion/card/camelot_electronics_technology_co___ltd_,listed,,yes
insomnia,Belmont Plastic Surgery,US,Healthcare,2026-03-03,http://i62huw7ve22rpyw6lnq3kmfump2dmsg4xpveec3ere73njwatrz74gad.onion/Company/Belmont/,listed,,yes
ailock,Demanor,,,2026-03-03,,listed,,yes
ailock,Dallas Regional Chamber,US,Public Sector,2026-03-03,,listed,,yes
ailock,ShopBot Tools,US,Manufacturing,2026-03-03,,listed,,yes
ailock,Navicore Solutions,,Financial Services,2026-03-03,,listed,,yes
ailock,Professional Retail Outlet Services,US,Consumer Services,2026-03-03,,listed,,yes
ailock,"S&R Compression, LLC",US,Manufacturing,2026-03-03,,listed,,yes
ailock,Emanuelson-Podas,US,Construction,2026-03-03,,listed,,yes
ailock,Promotion Management Center,JP,Business Services,2026-03-03,,listed,,yes
ailock,Sterling Industries,,,2026-03-03,,listed,,yes
ailock,Raw Seafoods,US,Agriculture and Food Production,2026-03-03,,listed,,yes
ailock,FUJIFILM Speciality Ink Systems,GB,Manufacturing,2026-03-03,,listed,,yes
ailock,Lewis Drug,US,Consumer Services,2026-03-03,,listed,,yes
ailock,HomeSite Services,US,Construction,2026-03-03,,listed,,yes
ailock,Revival Animal Health,US,Consumer Services,2026-03-03,,listed,,yes
ailock,AJ Networks,KR,,2026-03-03,,listed,,yes
ailock,Integral Analytics,US,Technology,2026-03-03,,listed,,yes
termite,Bartram Trail Surveying,US,Business Services,2026-03-03,http://termiteuslbumdge2zmfmfcsrvmvsfe4gvyudc5j6cdnisnhtftvokid.onion/post/69a6314dfeb604ea6ee5ab74,listed,,yes
everest,UD Trucks,JP,Manufacturing,2026-02-28,http://ransomocmou6mnbquqz44ewosbkjk3o5qjsl3orawojexfook2j7esad.onion/news/UD_Trucks/,listed,,yes
termite,Insight Hospital and Medical Center Chicago,US,Healthcare,2026-02-28,http://termiteuslbumdge2zmfmfcsrvmvsfe4gvyudc5j6cdnisnhtftvokid.onion/post/69792ffffeb604ea6ee573d8,listed,,yes
insomnia,Ripple Neuro,US,Technology,2026-02-26,http://i62huw7ve22rpyw6lnq3kmfump2dmsg4xpveec3ere73njwatrz74gad.onion/Company/Ripple/,listed,,yes
insomnia,Thrash Commercial Contractors,US,Construction,2026-02-26,http://i62huw7ve22rpyw6lnq3kmfump2dmsg4xpveec3ere73njwatrz74gad.onion/Company/Thrash/,listed,,yes
abyss,thinlinetech.com,US,Technology,2026-02-26,,listed,,yes
insomnia,Zaner Group,US,Financial Services,2026-02-25,http://i62huw7ve22rpyw6lnq3kmfump2dmsg4xpveec3ere73njwatrz74gad.onion/Company/Zaner/,listed,,yes
termite,Jones Haber,,,2026-02-25,http://termiteuslbumdge2zmfmfcsrvmvsfe4gvyudc5j6cdnisnhtftvokid.onion/post/699e206bfeb604ea6ee59a40,listed,,yes
termite,The Siskiyou Telephone,US,Telecommunication,2026-02-25,http://termiteuslbumdge2zmfmfcsrvmvsfe4gvyudc5j6cdnisnhtftvokid.onion/post/699e2818feb604ea6ee59af6,listed,,yes
termite,Birmingham Museum of Art,US,,2026-02-25,http://termiteuslbumdge2zmfmfcsrvmvsfe4gvyudc5j6cdnisnhtftvokid.onion/post/699e23cffeb604ea6ee59a9a,listed,,yes
killsec,primaria ungheni,RO,Education,2026-02-25,,listed,,yes
beast,"AJU Pharm Co., Ltd",KR,Healthcare,2026-02-24,http://beast6azu4f7fxjakiayhnssybibsgjnmy77a6duufqw5afjzfjhzuqd.onion/card/aju_pharm_co___ltd,listed,,yes
killsec,onlinedivorcetexas.com,US,Consumer Services,2026-02-21,,listed,,yes
securotrop,Universal Mailing Service,US,Business Services,2026-02-19,http://securo45z554mw7rgrt7wcgv5eenj2xmxyrsdj3fcjsvindu63s4bsid.onion,listed,,yes
insomnia,AdMark Asia Group,US,,2026-02-18,http://i62huw7ve22rpyw6lnq3kmfump2dmsg4xpveec3ere73njwatrz74gad.onion/Company/AdMark/,listed,,yes
insomnia,Application Solution Providers,US,Technology,2026-02-18,http://i62huw7ve22rpyw6lnq3kmfump2dmsg4xpveec3ere73njwatrz74gad.onion/Company/ASP/,listed,,yes
beast,First 4 Recruitment,GB,Business Services,2026-02-18,http://beast6azu4f7fxjakiayhnssybibsgjnmy77a6duufqw5afjzfjhzuqd.onion/card/first_4_recruitment,listed,,yes
beast,"Daniel L Kaler, DDS, PC",US,Healthcare,2026-02-18,http://beast6azu4f7fxjakiayhnssybibsgjnmy77a6duufqw5afjzfjhzuqd.onion/card/daniel_l_kaler__dds__pc,listed,,yes
securotrop,Marshal Renee Construction,,Construction,2026-02-17,http://securo45z554mw7rgrt7wcgv5eenj2xmxyrsdj3fcjsvindu63s4bsid.onion,listed,,yes
everest,Atlas Air: MUSE INSECURE,US,Transportation/Logistics,2026-02-17,http://ransomocmou6mnbquqz44ewosbkjk3o5qjsl3orawojexfook2j7esad.onion/news/Atlas_Air/,listed,,yes
interlock,Abbott Media Productions,US,Business Services,2026-02-16,http://c7bgta4watnqu64jnfgp4tzvhfhxgwveqnes65q3mcu4f34xvn7rumad.onion/index.php?p=,listed,,yes
interlock,Yew Tree Dairy,GB,Agriculture and Food Production,2026-02-16,http://f53mekzwvscxejfqxtikrzcmqnd3bt5i4d7odvh62sir7eqhdwwjntad.onion/index.php?p=,listed,,yes
insomnia,Copier Careers,US,Business Services,2026-02-13,http://i62huw7ve22rpyw6lnq3kmfump2dmsg4xpveec3ere73njwatrz74gad.onion/Company/Copier/,listed,,yes
insomnia,The Syverson Group,US,,2026-02-13,http://i62huw7ve22rpyw6lnq3kmfump2dmsg4xpveec3ere73njwatrz74gad.onion/Company/Syverson/,listed,,yes
interlock,Archaeological Institute of America,US,Education,2026-02-13,http://efgmr2vxwynrn7vlemidwf4ffwl4vljsb4eusaz3bplwk3apthpkpsad.onion/index.php?p=,listed,,yes
beast,Law Office of COX & SANCHEZ,US,Business Services,2026-02-11,http://beast6azu4f7fxjakiayhnssybibsgjnmy77a6duufqw5afjzfjhzuqd.onion/card/law_office_of_cox___sanchez,listed,,yes
beast,Andringa Law,US,,2026-02-11,http://beast6azu4f7fxjakiayhnssybibsgjnmy77a6duufqw5afjzfjhzuqd.onion/card/andringa_law,listed,,yes
beast,Hospital Sao Jose do Avai (HSJA),BR,Healthcare,2026-02-09,http://beast6azu4f7fxjakiayhnssybibsgjnmy77a6duufqw5afjzfjhzuqd.onion/card/hospital_sao_jose_do_avai__hsja_,listed,,yes
killsec,Getly,NG,,2026-02-09,,listed,,yes
insomnia,Advanced Healthcare Professionals,US,Healthcare,2026-02-07,http://i62huw7ve22rpyw6lnq3kmfump2dmsg4xpveec3ere73njwatrz74gad.onion/Company/AdvancedHealthcareProfessionals/,listed,,yes
insomnia,Integrated Fresh Solutions,US,Agriculture and Food Production,2026-02-07,http://i62huw7ve22rpyw6lnq3kmfump2dmsg4xpveec3ere73njwatrz74gad.onion/Company/IFS/,listed,,yes
insomnia,Gruel Mills Nims Pylman,US,,2026-02-07,http://i62huw7ve22rpyw6lnq3kmfump2dmsg4xpveec3ere73njwatrz74gad.onion/Company/GMNP/,listed,,yes
insomnia,Carlyle Senior Care of Florence,US,Healthcare,2026-02-07,http://i62huw7ve22rpyw6lnq3kmfump2dmsg4xpveec3ere73njwatrz74gad.onion/Company/CarlyleSeniorCare/,listed,,yes
insomnia,Internal Medicine of Milford,US,Healthcare,2026-02-07,http://i62huw7ve22rpyw6lnq3kmfump2dmsg4xpveec3ere73njwatrz74gad.onion/Company/IMMCT/,listed,,yes
insomnia,Rella Associates,US,,2026-02-07,http://i62huw7ve22rpyw6lnq3kmfump2dmsg4xpveec3ere73njwatrz74gad.onion/Company/RellaAssociates/,listed,,yes
insomnia,Flint Hills Dialysis,US,Healthcare,2026-02-07,http://i62huw7ve22rpyw6lnq3kmfump2dmsg4xpveec3ere73njwatrz74gad.onion/Company/FlintHillsDialysis/,listed,,yes
insomnia,Southern Illinois Dermatology,US,Healthcare,2026-02-07,http://i62huw7ve22rpyw6lnq3kmfump2dmsg4xpveec3ere73njwatrz74gad.onion/Company/SouthernIllinoisDermatology/,listed,,yes
insomnia,"Parts Life, Inc",US,Manufacturing,2026-02-07,http://i62huw7ve22rpyw6lnq3kmfump2dmsg4xpveec3ere73njwatrz74gad.onion/Company/PartsLife/,listed,,yes
insomnia,DeVal LCS,US,,2026-02-07,http://i62huw7ve22rpyw6lnq3kmfump2dmsg4xpveec3ere73njwatrz74gad.onion/Company/DeVal/,listed,,yes
insomnia,SchureMed,US,Healthcare,2026-02-07,http://i62huw7ve22rpyw6lnq3kmfump2dmsg4xpveec3ere73njwatrz74gad.onion/Company/SchureMed/,listed,,yes
insomnia,Optimum Health Institute,US,Healthcare,2026-02-07,http://i62huw7ve22rpyw6lnq3kmfump2dmsg4xpveec3ere73njwatrz74gad.onion/Company/OHI/,listed,,yes
insomnia,Anatomic Clinical Laboratory Associates,US,Healthcare,2026-02-07,http://i62huw7ve22rpyw6lnq3kmfump2dmsg4xpveec3ere73njwatrz74gad.onion/Company/ACLA/,listed,,yes
insomnia,Dunn and Dunn,US,,2026-02-07,http://i62huw7ve22rpyw6lnq3kmfump2dmsg4xpveec3ere73njwatrz74gad.onion/Company/DunnAndDunn/,listed,,yes
insomnia,Tri-Cities Gastroenterology,US,Healthcare,2026-02-07,http://i62huw7ve22rpyw6lnq3kmfump2dmsg4xpveec3ere73njwatrz74gad.onion/Company/TriCitiesGastroenterology/,listed,,yes
insomnia,Enviro-Hub Holdings,SG,Manufacturing,2026-02-07,http://i62huw7ve22rpyw6lnq3kmfump2dmsg4xpveec3ere73njwatrz74gad.onion/Company/Enviro-Hub/,listed,,yes
insomnia,Chiarottino,BR,,2026-02-07,http://i62huw7ve22rpyw6lnq3kmfump2dmsg4xpveec3ere73njwatrz74gad.onion/Company/Chiarottino/,listed,,yes
everest,Atlas Air,US,Transportation/Logistics,2026-02-06,http://ransomocmou6mnbquqz44ewosbkjk3o5qjsl3orawojexfook2j7esad.onion/news/Atlas_Air/,listed,,yes
tridentlocker,TMPartner,JP,,2026-02-06,http://tridentfrdy6jydwywfx4vx422vnto7pktao2gyx2qdcwjanogq454ad.onion/article/200c65ca-7f2c-48b3-a76b-9d05421afc68,listed,,yes
killsec,brooklyn group,US,,2026-02-04,,listed,,yes
termite,Family Health Center,,Healthcare,2026-02-02,http://termiteuslbumdge2zmfmfcsrvmvsfe4gvyudc5j6cdnisnhtftvokid.onion/post/69811116feb604ea6ee57b01,listed,,yes
everest,Polycom,US,Technology,2026-02-02,http://ransomocmou6mnbquqz44ewosbkjk3o5qjsl3orawojexfook2j7esad.onion/news/Polycom/,listed,,yes
everest,Iron Mountain,US,Business Services,2026-02-02,http://ransomocmou6mnbquqz44ewosbkjk3o5qjsl3orawojexfook2j7esad.onion/news/Iron_Mountain/,listed,,yes
everest,Shinwa Co Ltd,JP,,2026-02-01,http://ransomocmou6mnbquqz44ewosbkjk3o5qjsl3orawojexfook2j7esad.onion/news/Shinwa_Co_Ltd/,listed,,yes
everest,Hosowaka Micron Group,JP,Manufacturing,2026-02-01,http://ransomocmou6mnbquqz44ewosbkjk3o5qjsl3orawojexfook2j7esad.onion/news/Hosowaka_Micron_Group/,listed,,yes
everest,Stellium,GB,,2026-02-01,http://ransomocmou6mnbquqz44ewosbkjk3o5qjsl3orawojexfook2j7esad.onion/news/Stellium/,listed,,yes
everest,Acu Trans Solutions LLC,US,Transportation/Logistics,2026-02-01,http://ransomocmou6mnbquqz44ewosbkjk3o5qjsl3orawojexfook2j7esad.onion/news/Acu_Trans_Solutions_LLC/,listed,,yes
everest,SIGMA Processing Group,DE,,2026-02-01,http://ransomocmou6mnbquqz44ewosbkjk3o5qjsl3orawojexfook2j7esad.onion/news/SIGMA_Processing_Group/,listed,,yes
interlock,Odyssey Academy,,Education,2026-02-01,http://2tlkuy2qn7bfxyvbfpxqaqveoezctbrnk6yvbvin6dueiuk4rdoosyqd.onion/index.php?p=,listed,,yes
interlock,Urban Edge Architecture,GB,Construction,2026-01-29,http://fbvrolfvadyhigunc5hfw5hextwqn4lvq7d5ieeivcizsxh3avn6dryd.onion/index.php?p=,listed,,yes
killsec,X-CD Technologies,US,Technology,2026-01-23,,listed,,yes
sarcoma,Propane Levac Inc.,CA,Energy,2026-01-23,,listed,,yes
everest,Bolttech,SG,Technology,2026-01-21,http://ransomocmou6mnbquqz44ewosbkjk3o5qjsl3orawojexfook2j7esad.onion/news/Bolttech/,listed,,yes
everest,Ciena,US,Telecommunication,2026-01-20,http://ransomocmou6mnbquqz44ewosbkjk3o5qjsl3orawojexfook2j7esad.onion/news/Ciena/,listed,,yes
sarcoma,MecMatica,IT,,2026-01-20,,listed,,yes
everest,Virginia Records - Database leaked,BG,,2026-01-20,http://ransomocmou6mnbquqz44ewosbkjk3o5qjsl3orawojexfook2j7esad.onion/news/Virginia_Records/,listed,,yes
everest,McDonalds India,IN,Hospitality and Tourism,2026-01-20,http://ransomocmou6mnbquqz44ewosbkjk3o5qjsl3orawojexfook2j7esad.onion/news/McDonalds_India/,listed,,yes
everest,GC Accounting,,Financial Services,2026-01-19,http://ransomocmou6mnbquqz44ewosbkjk3o5qjsl3orawojexfook2j7esad.onion/news/GC_Accounting/,listed,,yes
everest,WANCHI STEEL INDUSTRIAL,TW,Manufacturing,2026-01-19,http://ransomocmou6mnbquqz44ewosbkjk3o5qjsl3orawojexfook2j7esad.onion/news/WANCHI_STEEL_INDUSTRIAL/,listed,,yes
everest,Reeves Information Technology,,Technology,2026-01-19,http://ransomocmou6mnbquqz44ewosbkjk3o5qjsl3orawojexfook2j7esad.onion/news/Reeves_Information_Technology/,listed,,yes
everest,ASRock Rack,TW,Technology,2026-01-19,http://ransomocmou6mnbquqz44ewosbkjk3o5qjsl3orawojexfook2j7esad.onion/news/ASRock_Rack/,listed,,yes
everest,GIBSIN Engineers,IN,,2026-01-19,http://ransomocmou6mnbquqz44ewosbkjk3o5qjsl3orawojexfook2j7esad.onion/news/GIBSIN_Engineers/,listed,,yes
everest,Notin - Database leaked,ES,,2026-01-14,http://ransomocmou6mnbquqz44ewosbkjk3o5qjsl3orawojexfook2j7esad.onion/news/Notin/,listed,,yes
everest,National Money Mart Company - Database leaked,CA,Financial Services,2026-01-14,http://ransomocmou6mnbquqz44ewosbkjk3o5qjsl3orawojexfook2j7esad.onion/news/National_Money_Mart_Company/,listed,,yes
interlock,Hunneman,,,2025-12-31,http://mpyeixjqjufjki2qg7dutvxk6tjjzv2jf7qc63bljzfqrtbjcdktziqd.onion/index.php?p=,listed,,yes
tridentlocker,Sedgwick Government Solutions,US,Public Sector,2025-12-30,http://tridentfrdy6jydwywfx4vx422vnto7pktao2gyx2qdcwjanogq454ad.onion/article/d5563f58-7874-46a5-aaf7-bafc5d428f49,listed,,yes
everest,Chrysler,US,Manufacturing,2025-12-25,http://ransomocmou6mnbquqz44ewosbkjk3o5qjsl3orawojexfook2j7esad.onion/news/Chrysler/,listed,,yes
termite,Hermes Medical Solutions,SE,Healthcare,2025-12-25,http://termiteuslbumdge2zmfmfcsrvmvsfe4gvyudc5j6cdnisnhtftvokid.onion/post/694c8118feb604ea6ee55c75,listed,,yes
killsec,grade results,US,Education,2025-12-24,,listed,,yes
interlock,The Salvation Army,US,Public Sector,2025-12-24,http://ihbpu7nworzao2klqeeahnz7wcuavltny3p2cmfkhe5tko3vl3zcowyd.onion/index.php?p=,listed,,yes
everest,Notin,ES,,2025-12-23,http://ransomocmou6mnbquqz44ewosbkjk3o5qjsl3orawojexfook2j7esad.onion/news/Notin/,listed,,yes
securotrop,Spartan Carbide,US,Manufacturing,2025-12-22,http://securo45z554mw7rgrt7wcgv5eenj2xmxyrsdj3fcjsvindu63s4bsid.onion,listed,,yes
interlock,Swartz Campbell,US,,2025-12-22,http://zsjvoqymwx5gdwntsrrk3pvnkfyoxy3knhoxitpdaobxznwc5iwcj4id.onion/index.php?p=,listed,,yes
tridentlocker,allenprinting,,,2025-12-19,http://tridentfrdy6jydwywfx4vx422vnto7pktao2gyx2qdcwjanogq454ad.onion/article/207a35f0-2fa8-414d-947e-97e09b76cb17,listed,,yes
interlock,Clarksville ISD,US,Education,2025-12-18,http://vhs6omcvvqdtmgae5cvpy4jfxfrw2l4b7e64j7fn7xeaqeppzab67oad.onion/index.php?p=,listed,,yes
ms13089,dgpcommercialisti.it,IT,,2025-12-18,http://msleakjir7pxbe6onlqe5uwgvdmy6nq4mnwfy7ojswbhnleenm77vgad.onion/DGP/index.html,listed,,yes
ms13089,uro.com,DE,,2025-12-18,http://msleakjir7pxbe6onlqe5uwgvdmy6nq4mnwfy7ojswbhnleenm77vgad.onion/URO/index.html,listed,,yes
termite,MedHelp,US,Healthcare,2025-12-17,http://termiteuslbumdge2zmfmfcsrvmvsfe4gvyudc5j6cdnisnhtftvokid.onion/post/6941ec0ffeb604ea6ee5510d,listed,,yes
everest,ELC Electroconsult SpA,IT,Technology,2025-12-16,http://ransomocmou6mnbquqz44ewosbkjk3o5qjsl3orawojexfook2j7esad.onion/news/ELC_Electroconsult_SpA/,listed,,yes
interlock,Print-O-Tape,US,Manufacturing,2025-12-15,http://gobj3ph5sj332iithgescrsejiszhaey5l4ffwnou4nwanbcf37phdqd.onion/index.php?p=,listed,,yes
killsec,dabafinance.com,GB,Financial Services,2025-12-14,,listed,,yes
killsec,screenate,IN,,2025-12-09,,listed,,yes
killsec,koncept law,IN,,2025-12-09,,listed,,yes
killsec,caryanams,IN,,2025-12-09,,listed,,yes
killsec,playroll,GB,,2025-12-09,,listed,,yes
killsec,seajob,IN,,2025-12-09,,listed,,yes
everest,Sarmap - Database leaked,CH,,2025-12-08,http://ransomocmou6mnbquqz44ewosbkjk3o5qjsl3orawojexfook2j7esad.onion/news/Sarmap/,listed,,yes
securotrop,Cadman Power Equipment,CA,Manufacturing,2025-12-08,http://securo45z554mw7rgrt7wcgv5eenj2xmxyrsdj3fcjsvindu63s4bsid.onion,listed,,yes
securotrop,Delta Coast Consultants,US,,2025-12-03,http://securo45z554mw7rgrt7wcgv5eenj2xmxyrsdj3fcjsvindu63s4bsid.onion,listed,,yes
everest,Sarmap,CH,Technology,2025-12-02,http://ransomocmou6mnbquqz44ewosbkjk3o5qjsl3orawojexfook2j7esad.onion/news/Sarmap/,listed,,yes
everest,Petra,,,2025-12-02,http://ransomocmou6mnbquqz44ewosbkjk3o5qjsl3orawojexfook2j7esad.onion/news/Petra/,listed,,yes
tridentlocker,noment,,,2025-12-02,http://tridentfrdy6jydwywfx4vx422vnto7pktao2gyx2qdcwjanogq454ad.onion/article/2be17e73-66b6-4073-9c96-62d38a9a8e51,listed,,yes
everest,ASUS,TW,Technology,2025-12-02,http://ransomocmou6mnbquqz44ewosbkjk3o5qjsl3orawojexfook2j7esad.onion/news/asus/,listed,,yes
tridentlocker,bpost,BE,Telecommunication,2025-12-01,http://tridentfrdy6jydwywfx4vx422vnto7pktao2gyx2qdcwjanogq454ad.onion/article/efbc8b1a-22e9-4a7f-958a-1f37c0ec9cc4,listed,,yes
tridentlocker,GuestTek,CA,Technology,2025-11-29,http://tridentfrdy6jydwywfx4vx422vnto7pktao2gyx2qdcwjanogq454ad.onion/article/7861298b-ba53-482e-9c9f-1a8ea73560af,listed,,yes
tridentlocker,Advantage 360,US,,2025-11-29,http://tridentfrdy6jydwywfx4vx422vnto7pktao2gyx2qdcwjanogq454ad.onion/article/557b56ee-eb32-47c7-82f6-df6bca2a57c8,listed,,yes
tridentlocker,iqs,IQ,,2025-11-29,http://tridentfrdy6jydwywfx4vx422vnto7pktao2gyx2qdcwjanogq454ad.onion/article/cf4c4631-df18-4c55-9dae-ecba8638a992,listed,,yes
tridentlocker,LMG Holdings,US,,2025-11-29,http://tridentfrdy6jydwywfx4vx422vnto7pktao2gyx2qdcwjanogq454ad.onion/article/56f7928c-c522-4499-9292-4ccf5de6a25f,listed,,yes
tridentlocker,EnQuest,GB,Energy,2025-11-29,http://tridentfrdy6jydwywfx4vx422vnto7pktao2gyx2qdcwjanogq454ad.onion/article/f0d60086-fec6-42af-a4ae-185c1e1d10e6,listed,,yes
tridentlocker,Calmec,CA,,2025-11-29,http://tridentfrdy6jydwywfx4vx422vnto7pktao2gyx2qdcwjanogq454ad.onion/article/338eae6f-62e4-42df-b38a-28bd54987cb9,listed,,yes
tridentlocker,typecaseinc,,,2025-11-29,http://tridentfrdy6jydwywfx4vx422vnto7pktao2gyx2qdcwjanogq454ad.onion/article/db746ab1-79d6-4fc6-8e75-07ebe37f26b7,listed,,yes
tridentlocker,asiawba,,,2025-11-29,http://tridentfrdy6jydwywfx4vx422vnto7pktao2gyx2qdcwjanogq454ad.onion/article/f94cf4f3-7164-43a6-8feb-346cb3b6d83a,listed,,yes
killsec,Rama Judicial,CO,Public Sector,2025-11-27,,listed,,yes
everest,National Money Mart Company,CA,Financial Services,2025-11-25,http://ransomocmou6mnbquqz44ewosbkjk3o5qjsl3orawojexfook2j7esad.onion/news/National_Money_Mart_Company/,listed,,yes
everest,Iberia Airlines,ES,Transportation/Logistics,2025-11-25,http://ransomocmou6mnbquqz44ewosbkjk3o5qjsl3orawojexfook2j7esad.onion/news/Iberia/,listed,,yes
securotrop,Mister Guns,US,,2025-11-22,http://securo45z554mw7rgrt7wcgv5eenj2xmxyrsdj3fcjsvindu63s4bsid.onion,listed,,yes
sarcoma,Söllner,DE,,2025-11-20,,listed,,yes
sarcoma,B&J Rocket Sales,CH,Manufacturing,2025-11-19,,listed,,yes
everest,Petrobras Campos Basin 3D & 4D Seismic Survey Data,BR,Energy,2025-11-17,http://ransomocmou6mnbquqz44ewosbkjk3o5qjsl3orawojexfook2j7esad.onion/news/Petrobras_Campos_Basin_3D___4D_Seismic_Survey_Data/,listed,,yes
everest,Petrobras / SAExploration,BR,Energy,2025-11-17,http://ransomocmou6mnbquqz44ewosbkjk3o5qjsl3orawojexfook2j7esad.onion/news/petrobras/,listed,,yes
everest,UNDER ARMOUR,US,Consumer Services,2025-11-17,http://ransomocmou6mnbquqz44ewosbkjk3o5qjsl3orawojexfook2j7esad.onion/news/UNDER_ARMOUR/,listed,,yes
killsec,Force Brokerage,US,,2025-11-15,,listed,,yes
everest,FullBeauty Brands,US,Consumer Services,2025-11-13,http://ransomocmou6mnbquqz44ewosbkjk3o5qjsl3orawojexfook2j7esad.onion/news/fbbrands/,listed,,yes
everest,"Vikor Scientific, LLC / Korgene",US,Healthcare,2025-11-13,"http://ransomocmou6mnbquqz44ewosbkjk3o5qjsl3orawojexfook2j7esad.onion/news/Vikor_Scientific,_LLC___Korgene/",listed,,yes
everest,KorPath,KR,,2025-11-13,http://ransomocmou6mnbquqz44ewosbkjk3o5qjsl3orawojexfook2j7esad.onion/news/KorPath/,listed,,yes
sarcoma,Paul Hildebrandt,DE,,2025-11-11,,listed,,yes
everest,SIAD,IT,Manufacturing,2025-11-10,http://ransomocmou6mnbquqz44ewosbkjk3o5qjsl3orawojexfook2j7esad.onion/news/SIAD/,listed,,yes
everest,AGFA,BE,Technology,2025-11-10,http://ransomocmou6mnbquqz44ewosbkjk3o5qjsl3orawojexfook2j7esad.onion/news/AGFA/,listed,,yes
securotrop,Pocatello Ready Mix,US,Construction,2025-11-08,http://securo45z554mw7rgrt7wcgv5eenj2xmxyrsdj3fcjsvindu63s4bsid.onion,listed,,yes
everest,AT&T Careers - Database Leaked,US,Telecommunication,2025-10-28,http://ransomocmou6mnbquqz44ewosbkjk3o5qjsl3orawojexfook2j7esad.onion/news/att,listed,,yes
everest,MotorsportMarkt.de,DE,,2025-10-27,http://ransomocmou6mnbquqz44ewosbkjk3o5qjsl3orawojexfook2j7esad.onion/news/MotorsportMarkt.de,listed,,yes
everest,ANIA KRUK,PL,,2025-10-27,http://ransomocmou6mnbquqz44ewosbkjk3o5qjsl3orawojexfook2j7esad.onion/news/ANIA_KRUK,listed,,yes
beast,GeBePro,DE,,2025-10-27,http://beast6azu4f7fxjakiayhnssybibsgjnmy77a6duufqw5afjzfjhzuqd.onion/card/gebepro,listed,,yes
beast,"Bolt Electricity, Oil & Gas",,Energy,2025-10-27,http://beast6azu4f7fxjakiayhnssybibsgjnmy77a6duufqw5afjzfjhzuqd.onion/card/bolt_electricity__oil___gas,listed,,yes
everest,Dublin Airport,IE,Transportation/Logistics,2025-10-26,http://ransomocmou6mnbquqz44ewosbkjk3o5qjsl3orawojexfook2j7esad.onion/news/dublinairport/,listed,,yes
everest,Air Arabia,AE,Transportation/Logistics,2025-10-25,http://ransomocmou6mnbquqz44ewosbkjk3o5qjsl3orawojexfook2j7esad.onion/news/airarabia,listed,,yes
everest,Svenska Kraftnät,SE,Energy,2025-10-25,http://ransomocmou6mnbquqz44ewosbkjk3o5qjsl3orawojexfook2j7esad.onion/news/svk,listed,,yes
beast,Danthi Comunicacao Integrada,BR,,2025-10-24,http://beast6azu4f7fxjakiayhnssybibsgjnmy77a6duufqw5afjzfjhzuqd.onion/card/danthi_comunicacao_integrada,listed,,yes
killsec,National Institute of Administratio...,RO,Education,2025-10-23,,listed,,yes
killsec,Economy Restaurant Equipment And Su...,US,Hospitality and Tourism,2025-10-23,,listed,,yes
killsec,J AND S Electrical And Lighting Sup...,US,Manufacturing,2025-10-23,,listed,,yes
killsec,"DUC App: Global Money Movement, Sim...",CA,Technology,2025-10-23,,listed,,yes
killsec,iCare Software,US,Technology,2025-10-23,,listed,,yes
embargo,ACTi.com,TW,Technology,2025-10-22,http://embargobe3n5okxyzqphpmk3moinoap2snz5k6765mvtkk7hhi544jid.onion/#/post/7e0fe038-1185-4f6e-9a51-e43e56889e20,listed,,yes
securotrop,Superior Air Parts,US,Manufacturing,2025-10-22,http://securo45z554mw7rgrt7wcgv5eenj2xmxyrsdj3fcjsvindu63s4bsid.onion,listed,,yes
everest,AT&T Careers,US,Telecommunication,2025-10-22,http://ransomocmou6mnbquqz44ewosbkjk3o5qjsl3orawojexfook2j7esad.onion/news/att,listed,,yes
everest,Collins Aerospace / RTX.com,US,Manufacturing,2025-10-17,http://ransomocmou6mnbquqz44ewosbkjk3o5qjsl3orawojexfook2j7esad.onion/news/collinsaerospace/,listed,,yes
everest,MUSE-INSECURE: Inside Collins Aerospaces Security Failure,,Technology,2025-10-17,http://ransomocmou6mnbquqz44ewosbkjk3o5qjsl3orawojexfook2j7esad.onion/news/rtx,listed,,yes
sarcoma,Unimed do Brasil,BR,Healthcare,2025-10-15,,listed,,yes
everest,Streebo,US,Technology,2025-10-11,http://ransomocmou6mnbquqz44ewosbkjk3o5qjsl3orawojexfook2j7esad.onion/news/streebo,listed,,yes
securotrop,Churchill Claims Services,US,Business Services,2025-10-10,http://securo45z554mw7rgrt7wcgv5eenj2xmxyrsdj3fcjsvindu63s4bsid.onion,listed,,yes
sarcoma,Charter Industrial Supply,US,Manufacturing,2025-10-08,,listed,,yes
securotrop,Mill Bay Marine Group,CA,,2025-10-04,http://securo45z554mw7rgrt7wcgv5eenj2xmxyrsdj3fcjsvindu63s4bsid.onion,listed,,yes
beast,Garro Fabril,AR,,2025-10-04,http://beast6azu4f7fxjakiayhnssybibsgjnmy77a6duufqw5afjzfjhzuqd.onion/card/garro_fabril,listed,,yes
securotrop,Structural Component Systems,US,Construction,2025-10-02,http://securo45z554mw7rgrt7wcgv5eenj2xmxyrsdj3fcjsvindu63s4bsid.onion,listed,,yes
securotrop,Allardyce Bower Consulting,CA,Business Services,2025-10-01,http://securo45z554mw7rgrt7wcgv5eenj2xmxyrsdj3fcjsvindu63s4bsid.onion,listed,,yes
securotrop,JW Howard Attorneys,US,Business Services,2025-09-30,http://securo45z554mw7rgrt7wcgv5eenj2xmxyrsdj3fcjsvindu63s4bsid.onion,listed,,yes
termite,News-Press and Gazette Co.,US,,2025-09-29,http://termiteuslbumdge2zmfmfcsrvmvsfe4gvyudc5j6cdnisnhtftvokid.onion/post/68c8abe73238e6543856fad0,listed,,yes
sarcoma,MSB,,,2025-09-29,,listed,,yes
sarcoma,MACMA Werbeartikel oHG,DE,,2025-09-25,,listed,,yes
sarcoma,Thermofin,CA,Manufacturing,2025-09-23,,listed,,yes
killsec,Rainwalk Technology,CA,Technology,2025-09-22,http://ks5424y3wpr5zlug5c7i6svvxweinhbdcqcfnptkfcutrncfazzgz5id.onion/posts.php?pid=2OCelqlfJouW7R9MRqHef7FQ,listed,,yes
killsec,Fractalite,GB,,2025-09-22,http://ks5424y3wpr5zlug5c7i6svvxweinhbdcqcfnptkfcutrncfazzgz5id.onion/posts.php?pid=mBeGlLoLPymRPnao8XpIguq2,listed,,yes
killsec,BEHCA,US,,2025-09-22,http://ks5424y3wpr5zlug5c7i6svvxweinhbdcqcfnptkfcutrncfazzgz5id.onion/posts.php?pid=GCh3Zixa1kiCxQPdMsEveL3V,listed,,yes
killsec,VTK Legal,PL,,2025-09-22,http://ks5424y3wpr5zlug5c7i6svvxweinhbdcqcfnptkfcutrncfazzgz5id.onion/posts.php?pid=otMlrcykNFqyoTMw7QDJCkMA,listed,,yes
killsec,AX CAPITAL,AE,Financial Services,2025-09-22,http://ks5424y3wpr5zlug5c7i6svvxweinhbdcqcfnptkfcutrncfazzgz5id.onion/posts.php?pid=f0FywjV3CH2vQQHd2dL7NQ2W,listed,,yes
killsec,FDB Collections,GR,,2025-09-22,http://ks5424y3wpr5zlug5c7i6svvxweinhbdcqcfnptkfcutrncfazzgz5id.onion/posts.php?pid=lNxSt4ZvPzeIJ4QJYtr152Zx,listed,,yes
killsec,MortDash,,,2025-09-22,http://ks5424y3wpr5zlug5c7i6svvxweinhbdcqcfnptkfcutrncfazzgz5id.onion/posts.php?pid=EdD7IBd7Nf0sdF9BijImd5ch,listed,,yes
killsec,Scanbo,US,,2025-09-22,http://ks5424y3wpr5zlug5c7i6svvxweinhbdcqcfnptkfcutrncfazzgz5id.onion/posts.php?pid=YiGiD42wPIH7nSREmMq0FwcB,listed,,yes
killsec,UwayApply,KR,,2025-09-22,http://ks5424y3wpr5zlug5c7i6svvxweinhbdcqcfnptkfcutrncfazzgz5id.onion/posts.php?pid=LDNSSP2dpDCtrO3IHHEle5TG,listed,,yes
killsec,Top4Fans,FR,,2025-09-22,http://ks5424y3wpr5zlug5c7i6svvxweinhbdcqcfnptkfcutrncfazzgz5id.onion/posts.php?pid=0RgXBWRNAXol8M4kLk0tNWQj,listed,,yes
killsec,Cadorim,BE,,2025-09-22,http://ks5424y3wpr5zlug5c7i6svvxweinhbdcqcfnptkfcutrncfazzgz5id.onion/posts.php?pid=StcMivSEvNZlR6TFbv6QBeO1,listed,,yes
abyss,optimumdesign.com,,Technology,2025-09-22,,listed,,yes
sarcoma,Miami Management,US,,2025-09-22,,listed,,yes
securotrop,Mitrani Rynor Adamsky & Toland,US,,2025-09-18,http://securo45z554mw7rgrt7wcgv5eenj2xmxyrsdj3fcjsvindu63s4bsid.onion,listed,,yes
everest,BMW,DE,Manufacturing,2025-09-17,http://ransomocmou6mnbquqz44ewosbkjk3o5qjsl3orawojexfook2j7esad.onion/news/BMW,listed,,yes
sarcoma,IAD GmbH,DE,,2025-09-17,,listed,,yes
sarcoma,Kwg,DE,,2025-09-17,,listed,,yes
sarcoma,Pfullendorfer Tor-Systeme,DE,Manufacturing,2025-09-17,,listed,,yes
arcusmedia,Grup Gestio,ES,,2025-09-17,http://arcuufpr5xxbbkin4mlidt7itmr6znlppk63jbtkeguuhszmc5g7qdyd.onion/?p=558,listed,,yes
arcusmedia,Tunad,NO,,2025-09-17,http://arcuufpr5xxbbkin4mlidt7itmr6znlppk63jbtkeguuhszmc5g7qdyd.onion/?p=555,listed,,yes
arcusmedia,Accflex ERP,AE,Technology,2025-09-17,http://arcuufpr5xxbbkin4mlidt7itmr6znlppk63jbtkeguuhszmc5g7qdyd.onion/?p=560,listed,,yes
killsec,Allure Clinics,AU,Healthcare,2025-09-16,http://ks5424y3wpr5zlug5c7i6svvxweinhbdcqcfnptkfcutrncfazzgz5id.onion/posts.php?pid=5sbHe5TNldwTtVVJ7wWVhtK6,listed,,yes
sarcoma,F1-Generation,CH,,2025-09-16,,listed,,yes
killsec,HappyTenant,AE,,2025-09-15,http://ks5424y3wpr5zlug5c7i6svvxweinhbdcqcfnptkfcutrncfazzgz5id.onion/posts.php?pid=SZLbvUQ8otWbrsJA0IXkN5lH,listed,,yes
everest,MFO ITALIA,IT,,2025-09-15,http://ransomocmou6mnbquqz44ewosbkjk3o5qjsl3orawojexfook2j7esad.onion/news/MFO_ITALIA,listed,,yes
everest,Key 4 Energy Srl,IT,Energy,2025-09-15,http://ransomocmou6mnbquqz44ewosbkjk3o5qjsl3orawojexfook2j7esad.onion/news/Key_4_Energy_Srl,listed,,yes
everest,Studio Legale Tisot Iuris,IT,,2025-09-15,http://ransomocmou6mnbquqz44ewosbkjk3o5qjsl3orawojexfook2j7esad.onion/news/Studio_Legale_Tisot_Iuris,listed,,yes
everest,Professional Trust Company,,Financial Services,2025-09-15,http://ransomocmou6mnbquqz44ewosbkjk3o5qjsl3orawojexfook2j7esad.onion/news/Professional_Trust_Company,listed,,yes
everest,Groupe Clarins,FR,Consumer Services,2025-09-14,http://ransomocmou6mnbquqz44ewosbkjk3o5qjsl3orawojexfook2j7esad.onion/news/Groupe_Clarins,listed,,yes
killsec,BlockBets Casino,,Hospitality and Tourism,2025-09-11,http://ks5424y3wpr5zlug5c7i6svvxweinhbdcqcfnptkfcutrncfazzgz5id.onion/posts.php?pid=l3cMOpdjOstOERUJbhrUgjlf,listed,,yes
daixin,SGS Co,US,,2025-09-11,,listed,,yes
daixin,Communicare Inc.,US,Healthcare,2025-09-11,,listed,,yes
daixin,Insurance Office of America,US,Financial Services,2025-09-11,,listed,,yes
abyss,moinian.com,US,,2025-09-11,,listed,,yes
killsec,Princeps Credit Systems Limited,NG,Financial Services,2025-09-10,http://ks5424y3wpr5zlug5c7i6svvxweinhbdcqcfnptkfcutrncfazzgz5id.onion/posts.php/posts.php?pid=tgIMsn1a6Xgb9kw0BjeHKa4w,listed,,yes
killsec,BusOnlineTicket Thailand,TH,Transportation/Logistics,2025-09-10,http://ks5424y3wpr5zlug5c7i6svvxweinhbdcqcfnptkfcutrncfazzgz5id.onion/posts.php/posts.php?pid=6WvMPopi8Kd6HX0GnIkccBmi,listed,,yes
killsec,1 ACT Driving Schools,US,Education,2025-09-10,http://ks5424y3wpr5zlug5c7i6svvxweinhbdcqcfnptkfcutrncfazzgz5id.onion/posts.php/posts.php?pid=C8nrRzwwBcshPVxIGqXoBkuM,listed,,yes
killsec,BFLI,US,,2025-09-10,http://ks5424y3wpr5zlug5c7i6svvxweinhbdcqcfnptkfcutrncfazzgz5id.onion/posts.php?pid=g52YUFMYy0aEfWmigIsZh298,listed,,yes
killsec,Docklyne,,,2025-09-10,http://ks5424y3wpr5zlug5c7i6svvxweinhbdcqcfnptkfcutrncfazzgz5id.onion/posts.php?pid=yKIjmYLA5JvrEcLOc6ygMiBT,listed,,yes
killsec,Accelerated Academy,US,Education,2025-09-10,http://ks5424y3wpr5zlug5c7i6svvxweinhbdcqcfnptkfcutrncfazzgz5id.onion/posts.php?pid=Co0evNkBcdasxk5bbPIAiNAs,listed,,yes
everest,Allegis Group,US,Business Services,2025-09-09,http://ransomocmou6mnbquqz44ewosbkjk3o5qjsl3orawojexfook2j7esad.onion/news/Allegis_Group,listed,,yes
everest,Aupaircare and Intraxinc,US,Consumer Services,2025-09-09,http://ransomocmou6mnbquqz44ewosbkjk3o5qjsl3orawojexfook2j7esad.onion/news/Aupaircare_and_Intraxinc,listed,,yes
killsec,AVA Senior Connect,US,Healthcare,2025-09-09,http://ks5424y3wpr5zlug5c7i6svvxweinhbdcqcfnptkfcutrncfazzgz5id.onion/posts.php/posts.php?pid=oHqgIf3UZiuk9yew5KLtpn1A,listed,,yes
killsec,Nathan And Nathan,AE,,2025-09-09,http://ks5424y3wpr5zlug5c7i6svvxweinhbdcqcfnptkfcutrncfazzgz5id.onion/posts.php?pid=llamSrPev39eB26Yaymbq7e6,listed,,yes
everest,Easy Credit,,Financial Services,2025-09-08,http://ransomocmou6mnbquqz44ewosbkjk3o5qjsl3orawojexfook2j7esad.onion/news/Easy_Credit,listed,,yes
securotrop,VRE Systems,CA,Manufacturing,2025-09-08,http://securo45z554mw7rgrt7wcgv5eenj2xmxyrsdj3fcjsvindu63s4bsid.onion,listed,,yes
securotrop,Controlled Combustion,US,Manufacturing,2025-09-08,http://securo45z554mw7rgrt7wcgv5eenj2xmxyrsdj3fcjsvindu63s4bsid.onion,listed,,yes
killsec,GPS Trackit,US,Technology,2025-09-07,http://ks5424y3wpr5zlug5c7i6svvxweinhbdcqcfnptkfcutrncfazzgz5id.onion/posts.php?pid=AYyZ4suEWKGRH0MCaubbHQbO,listed,,yes
killsec,Archer Health,US,Healthcare,2025-09-07,http://ks5424y3wpr5zlug5c7i6svvxweinhbdcqcfnptkfcutrncfazzgz5id.onion/posts.php?pid=Uf9MI7G9HFRDnZ21X8RR75Bc,listed,,yes
beast,BinBaires,AR,,2025-09-06,http://beast6azu4f7fxjakiayhnssybibsgjnmy77a6duufqw5afjzfjhzuqd.onion/card/binbaires,listed,,yes
killsec,Suiza Lab,PE,Healthcare,2025-09-06,http://ks5424y3wpr5zlug5c7i6svvxweinhbdcqcfnptkfcutrncfazzgz5id.onion/posts.php?pid=TZ9ihM6cU9Hs6asng7Kah7Eq,listed,,yes
killsec,eMedicoERP,IN,Technology,2025-09-06,http://ks5424y3wpr5zlug5c7i6svvxweinhbdcqcfnptkfcutrncfazzgz5id.onion/posts.php/posts.php?pid=jUAueZigjrYI1iYhbNB4pZA5,listed,,yes
killsec,GoTelemedicina,CO,Healthcare,2025-09-06,http://ks5424y3wpr5zlug5c7i6svvxweinhbdcqcfnptkfcutrncfazzgz5id.onion/posts.php?pid=XA8vdNbZ6RQiEBqY3ViIe9iU,listed,,yes
killsec,MedicSolution+,BR,Healthcare,2025-09-06,http://ks5424y3wpr5zlug5c7i6svvxweinhbdcqcfnptkfcutrncfazzgz5id.onion/posts.php?pid=m0aEokwi733tnFZzfJj2pMvM,listed,,yes
