group,victim,country,sector,discovered,post_url,status,delisted_date,data_size,file_count,publication_status,leak_url,first_party
storm,Petrocare Construction,CA,Energy & Utilities,2026-09-03,http://yqhecvqtdvq6p7duqcgw2qca77spbgakxcoibtx6zpvfshltsbbbhfqd.onion/company/6a98449c4cc2b2e7e76b5a97,listed,,,,,,no
storm,"Star Aviation, Inc",US,Transportation,2026-09-03,http://yqhecvqtdvq6p7duqcgw2qca77spbgakxcoibtx6zpvfshltsbbbhfqd.onion/company/6a983fcc4cc2b2e7e76b5a95,listed,,,,,,no
storm,GSAC Auto Financing,US,Financial Services,2026-09-03,http://yqhecvqtdvq6p7duqcgw2qca77spbgakxcoibtx6zpvfshltsbbbhfqd.onion/company/6a9843bb4cc2b2e7e76b5a96,listed,,,,,,no
storm,GSAC,US,,2026-09-03,http://yqhecvqtdvq6p7duqcgw2qca77spbgakxcoibtx6zpvfshltsbbbhfqd.onion/company/6a9732bb4cc2b2e7e76b5a94,listed,,,,,,no
storm,Superior Ag,US,Agriculture and Food Production,2026-09-03,http://yqhecvqtdvq6p7duqcgw2qca77spbgakxcoibtx6zpvfshltsbbbhfqd.onion/company/6a9730774cc2b2e7e76b5a90,listed,,,,,,no
storm,Chicago Partners Wealth Advisors,US,Financial Services,2026-09-03,http://yqhecvqtdvq6p7duqcgw2qca77spbgakxcoibtx6zpvfshltsbbbhfqd.onion/company/6a972fb54cc2b2e7e76b5a8f,listed,,,,,,no
storm,Macquarrie,AU,Financial Services,2026-09-03,http://yqhecvqtdvq6p7duqcgw2qca77spbgakxcoibtx6zpvfshltsbbbhfqd.onion/company/6a972f404cc2b2e7e76b5a8e,listed,,,,,,no
storm,SITES Medical,US,Healthcare,2026-09-03,http://yqhecvqtdvq6p7duqcgw2qca77spbgakxcoibtx6zpvfshltsbbbhfqd.onion/company/6a972ecf4cc2b2e7e76b5a8d,listed,,,,,,no
silentransomgroup,Greenberg Traurig,US,Professional Services,2026-09-02,,listed,,,,,,no
silentransomgroup,G... ...g,,,2026-09-02,https://business-data-leaks.com/about#26536625eb140b8cf59490017,listed,,,,,,no
silentransomgroup,S... M...,,,2026-09-02,https://business-data-leaks.com/about#abe7113d195c4413ddc3aed20,listed,,,,,,no
direwolf,Cartrack Holdings,ZA,Transportation,2026-09-02,http://direwolfcdkv5whaz2spehizdg22jsuf5aeje4asmetpbt6ri4jnd4qd.onion/api/public/articles/120,listed,,,,,,no
direwolf,PTT Oil and Retail Business,TH,Energy & Utilities,2026-09-02,http://direwolfcdkv5whaz2spehizdg22jsuf5aeje4asmetpbt6ri4jnd4qd.onion/api/public/articles/119,listed,,,,,,no
wallstreet,Ormond Beach Florida,US,,2026-09-02,http://4dwiv37h7hhuhjpvtn72hme4ylcv3qoe65arfc6mbweal7als6ma7pyd.onion,listed,,,,,,no
incransom,Asfaltos y Pavimentos S.A. (Asfalpasa),ES,Manufacturing,2026-09-02,http://incblog6qu4y4mm4zvw5nrmue6qbwtgjsxpw6b7ixzssu36tsajldoad.onion/blog/disclosures/6a98332a9cd108bf26b37c4c,listed,,,,,,no
incransom,Westfield Public School District,US,Education,2026-09-02,http://incblog6qu4y4mm4zvw5nrmue6qbwtgjsxpw6b7ixzssu36tsajldoad.onion/blog/disclosures/6a98339f9cd108bf26b38e4f,listed,,,,,,no
incransom,Trucka,MX,Transportation,2026-09-02,http://incblog6qu4y4mm4zvw5nrmue6qbwtgjsxpw6b7ixzssu36tsajldoad.onion/blog/disclosures/6a9834289cd108bf26b3a6ba,listed,,,,,,no
incransom,Policlinico Triestino,IT,Healthcare,2026-09-02,http://incblog6qu4y4mm4zvw5nrmue6qbwtgjsxpw6b7ixzssu36tsajldoad.onion/blog/disclosures/6a9835249cd108bf26b3d268,listed,,,,,,no
incransom,Multiver Ltée,CA,,2026-09-02,http://incblog6qu4y4mm4zvw5nrmue6qbwtgjsxpw6b7ixzssu36tsajldoad.onion/blog/disclosures/6a98358f9cd108bf26b3e38b,listed,,,,,,no
incransom,Metales Panamericanos,PA,Manufacturing,2026-09-02,http://incblog6qu4y4mm4zvw5nrmue6qbwtgjsxpw6b7ixzssu36tsajldoad.onion/blog/disclosures/6a9836399cd108bf26b3fe27,listed,,,,,,no
kairos,Ville de Libercourt,FR,Government & Defense,2026-09-02,http://kairosgeuzkzz3ajntqcyxl3ib36szz3mg62mb3zbui33pbk3uzo4qqd.onion,listed,,817 GB,,countdown,http://kairosgeuzkzz3ajntqcyxl3ib36szz3mg62mb3zbui33pbk3uzo4qqd.onion,yes
insomnia,N***************,US,,2026-09-02,http://i62huw7ve22rpyw6lnq3kmfump2dmsg4xpveec3ere73njwatrz74gad.onion/Company/Announce/,listed,,,,listed,http://i62huw7ve22rpyw6lnq3kmfump2dmsg4xpveec3ere73njwatrz74gad.onion,yes
akira,PennFab,,Manufacturing,2026-09-02,http://akiralkzxzq2dsrzsrvbr2xgbbu2wgsmxryd4csgfameg52n7efvr2id.onion,listed,,,,,,no
akira,ScrubaDub Auto Wash Centers,US,Retail & E-Commerce,2026-09-02,http://akiralkzxzq2dsrzsrvbr2xgbbu2wgsmxryd4csgfameg52n7efvr2id.onion,listed,,,,,,no
akira,Algra Group,NL,Other,2026-09-02,http://akiralkzxzq2dsrzsrvbr2xgbbu2wgsmxryd4csgfameg52n7efvr2id.onion,listed,,,,,,no
eclipse,part1.simplexengg.in,IN,Technology,2026-09-02,http://yecdjimqiaekprxza6wkqecma4bwt757qiyfjngsaxg7rkjv4xukpwad.onion/data/part1.simplexengg.in/,listed,,14.2 GiB,,published,http://yecdjimqiaekprxza6wkqecma4bwt757qiyfjngsaxg7rkjv4xukpwad.onion,yes
qilin,Uak University,TR,Education,2026-09-02,http://ijzn3sicrcy7guixkzjkib4ukbiilwc3xhnmby4mcbccnsd7j2rekvqd.onion/site/blog?uuid=759965bf-44b5-4772-93e8-cbd8e8be702b,listed,,,,countdown,http://ijzn3sicrcy7guixkzjkib4ukbiilwc3xhnmby4mcbccnsd7j2rekvqd.onion,yes
eclipse,Royal Plaza On Scotts,SG,Hospitality,2026-09-02,http://eclipse4g5kxfwsvpu4qx5sdcnrji6gxl5gt67bucjlgt35g7akvjoid.onion/place/luiusuxs7vt1g4fr/,listed,,,,,,no
thegentlemen,Seasia Infotech,IN,Technology,2026-09-02,http://i2ohjeeqe37jre4f2u7pyq73cbm6lecumdxapkvrlryna6rc3it4zsid.onion,listed,,,,,,no
payoutsking,Proliance Surgeons,US,Healthcare,2026-09-02,http://payoutsgn7cy6uliwevdqspncjpfxpmzgirwl2au65la7rfs5x3qnbqd.onion/vk6Pjo-nci31q-XyudGz-s0ZgCP-pphnHJ,listed,,,,,,no
incransom,specialtytextile.com,US,Manufacturing,2026-09-02,http://incblog6qu4y4mm4zvw5nrmue6qbwtgjsxpw6b7ixzssu36tsajldoad.onion/blog/disclosures/6a97ed959cd108bf26aadc1c,listed,,,,,,no
medusalocker,Licindia,IN,Other,2026-09-02,http://t33zoj4qwv455fog7qnb2azi5xcdxkixughmmduzbw2rtdgryqfbh6id.onion/company/banaoah/,listed,,,,,,no
aurora,Chip 1 Exchange,US,Technology,2026-09-02,http://u6lieui2dakbctcjea2bz4r4q32r7t36nwljovqbv7mxs6o2smgxixid.onion/blog/chip-1-exchange-13b819b4,listed,,,,,,no
qilin,Grayson Rural Electric Cooperative,US,Energy & Utilities,2026-09-02,http://ijzn3sicrcy7guixkzjkib4ukbiilwc3xhnmby4mcbccnsd7j2rekvqd.onion/site/blog?uuid=678d1dd9-022a-4521-8317-67e56329d10e,listed,,,,countdown,http://ijzn3sicrcy7guixkzjkib4ukbiilwc3xhnmby4mcbccnsd7j2rekvqd.onion,yes
anubis,Marlborough Partners,GB,Financial Services,2026-09-02,http://om6q4a6cyipxvt7ioudxt24cw4oqu4yodmqzl25mqd2hgllymrgu4aqd.onion/r/5VYRngWB4RHGrQhum0wZh8OC72oO1g3GU++a70ZsZ6tkH4WMROBRx4tJXAXmdwAp3e0NJ5M+6ftohrSE8ypGt5MGR0ZWd4,listed,,892 GB,,published,http://anubisyfkh5rixydjpoo3jqucauajz2juybrbtuglcppjj2y3eg3y6ad.onion,yes
global secret group,Quality Resource Pvt,US,Other,2026-09-01,http://o5lsqyar7ox25z734k6zaxt2vf7bsyi4q5rturi5iyxzqo3ica7bjsad.onion/project/8tEkAvb4TaoYSH37/,listed,,60.1 GB,,listed,http://o5lsqyar7ox25z734k6zaxt2vf7bsyi4q5rturi5iyxzqo3ica7bjsad.onion,yes
silentransomgroup,Holland & Knight,US,Professional Services,2026-09-01,,listed,,,,,,no
rhysida,Szechenyi Programiroda Nonprofit Kf,HU,Other,2026-09-01,http://rhysidafc6lm7qa2mkiukbezh7zuth3i4wof4mh2audkymscjm6yegad.onion,listed,,,,,,no
direwolf,Oportunidados,BR,,2026-09-01,http://direwolfcdkv5whaz2spehizdg22jsuf5aeje4asmetpbt6ri4jnd4qd.onion/api/public/articles/118,listed,,,,,,no
direwolf,Honeycomb Programs Inc,US,Other,2026-09-01,http://direwolfcdkv5whaz2spehizdg22jsuf5aeje4asmetpbt6ri4jnd4qd.onion/api/public/articles/116,listed,,,,,,no
direwolf,PT Intraco Penta Tbk,ID,Manufacturing,2026-09-01,http://direwolfcdkv5whaz2spehizdg22jsuf5aeje4asmetpbt6ri4jnd4qd.onion/api/public/articles/117,listed,,,,,,no
akira,Congressional Iron Works,,Manufacturing,2026-09-01,http://akiralkzxzq2dsrzsrvbr2xgbbu2wgsmxryd4csgfameg52n7efvr2id.onion,listed,,,,,,no
akira,Flex1,,,2026-09-01,http://akiralkzxzq2dsrzsrvbr2xgbbu2wgsmxryd4csgfameg52n7efvr2id.onion,listed,,,,,,no
akira,BYK Construction,US,Manufacturing,2026-09-01,http://akiralkzxzq2dsrzsrvbr2xgbbu2wgsmxryd4csgfameg52n7efvr2id.onion,listed,,,,,,no
nightspire,Transportes Montejo S.A.S.,CO,Transportation,2026-09-01,http://nspirebcv4sy3yydtaercuut34hwc4fsxqqv4b4ye4xmo6qp3vxhulqd.onion,listed,,,,,,no
bravox,SCHMIDT,US,,2026-09-01,http://bravoxxwcfz5qk43ychgveprpd5mw5hvxfs4a2uz2okx7mumiht4fzyd.onion/blog/a40b5212-3e7e-4866-a96b-2e16b1b61e4e,listed,,,,,,no
thegentlemen,CareerSource Palm Beach County,US,Professional Services,2026-09-01,http://i2ohjeeqe37jre4f2u7pyq73cbm6lecumdxapkvrlryna6rc3it4zsid.onion,listed,,,,,,no
thegentlemen,Nutex Health,US,Healthcare,2026-09-01,http://i2ohjeeqe37jre4f2u7pyq73cbm6lecumdxapkvrlryna6rc3it4zsid.onion,listed,,,,,,no
thegentlemen,The Sole,GB,Retail & E-Commerce,2026-09-01,http://i2ohjeeqe37jre4f2u7pyq73cbm6lecumdxapkvrlryna6rc3it4zsid.onion,listed,,,,,,no
black x,iwin,KR,Technology,2026-09-01,http://blackxppq2jvqyg4slyg3sbszv7ib2avaaycvhff5qipgdoepqi57xyd.onion/target/6a9191acc47afd2aed25132f,listed,,,,,,no
fulcrumsec,Manchester Airports Group,GB,Transportation,2026-09-01,http://4e3p3in2bl67hxchuwza7qvnpe7pyeloyztr5fnh257fxkovfhappjyd.onion/mag/,listed,,,,,,no
ransomhouse,"REXT Holdings Co., Ltd.",JP,Other,2026-09-01,http://zohlm7ahjwegcedoz7lrdrti7bvpofymcayotp744qhx6gjmxbuo2yid.onion/r/0a9134b3273d30891b3c95edea912dde64428957,listed,,,,,,no
wallstreet,Total Education Solutions,US,Education,2026-09-01,http://4dwiv37h7hhuhjpvtn72hme4ylcv3qoe65arfc6mbweal7als6ma7pyd.onion,listed,,,,,,no
krybit,seashellhospital.com,IN,Healthcare,2026-09-01,http://krybitqsdzwmhnitvwuhvsntfgf2wrhxveyxroxpc44c6gkft2cqldyd.onion/blog/1f6acc99bc4cf24c193c37f93cdb7646832889985bab111d38d1dd5fdbe1a6ea/,listed,,,,,,no
krybit,uicc.org,CH,Professional Services,2026-09-01,http://krybitqsdzwmhnitvwuhvsntfgf2wrhxveyxroxpc44c6gkft2cqldyd.onion/blog/e9a122ddcb62e924dca32e8ae95772f75bfd368a5aeb38ca883764cbbacf1df3/,listed,,,,,,no
krybit,tum.com.mx,MX,Education,2026-09-01,http://krybitqsdzwmhnitvwuhvsntfgf2wrhxveyxroxpc44c6gkft2cqldyd.onion/blog/ef6c76b6b5b16d083e8d389d65a557f0508753cdf9d6c9587a50f8e6141ffd45/,listed,,,,,,no
krybit,www.alphaplantes.com,CA,Agriculture and Food Production,2026-09-01,http://krybitqsdzwmhnitvwuhvsntfgf2wrhxveyxroxpc44c6gkft2cqldyd.onion/blog/4cbd84e6fad4c509ca2e838b55850baa2999b06d47e17b62c62de5e7c5108f11/,listed,,,,,,no
krybit,reignwoodpark.com,CN,Hospitality,2026-09-01,http://krybitqsdzwmhnitvwuhvsntfgf2wrhxveyxroxpc44c6gkft2cqldyd.onion/blog/a4b7783f228e95d687242d90c562f3c82007667ab2c25634bc4dcc7a97dd6b7f/,listed,,,,,,no
krybit,orex.co.th,TH,Other,2026-09-01,http://krybitqsdzwmhnitvwuhvsntfgf2wrhxveyxroxpc44c6gkft2cqldyd.onion/blog/0cc1b08a430375b81d49f1e0bc6faa8f0f963165831ba630bb530e6f4913437b/,listed,,,,,,no
krybit,amptc.net,US,Technology,2026-09-01,http://krybitqsdzwmhnitvwuhvsntfgf2wrhxveyxroxpc44c6gkft2cqldyd.onion/blog/1e58b691ac4e24572b7d184beddefa3fc67addeb830714852e3c5d87c5a54b4f/,listed,,,,,,no
krybit,dmt-group.com,DE,Technology,2026-09-01,http://krybitqsdzwmhnitvwuhvsntfgf2wrhxveyxroxpc44c6gkft2cqldyd.onion/blog/f6d3a75e05df78f42ef573ea36c91f4ae27682d98a1f4b152b836772912be9cd/,listed,,,,,,no
krybit,jswlaw.bt,BT,Professional Services,2026-09-01,http://krybitqsdzwmhnitvwuhvsntfgf2wrhxveyxroxpc44c6gkft2cqldyd.onion/blog/eef2674fa5fbd480f4e5d9e74b67388f89ebd936cb7b47cd9ac6449a0545c0de/,listed,,,,,,no
krybit,vedantaainstitute.in,IN,Education,2026-09-01,http://krybitqsdzwmhnitvwuhvsntfgf2wrhxveyxroxpc44c6gkft2cqldyd.onion/blog/a6192b6dd1341e11255961b0434a7f6b3ecbe1ca982dc4d8cb8035c2bbc8978e/,listed,,,,,,no
krybit,meccahighfeed.blogspot.com,SA,Agriculture and Food Production,2026-09-01,http://krybitqsdzwmhnitvwuhvsntfgf2wrhxveyxroxpc44c6gkft2cqldyd.onion/blog/1801921261dfee2323d1805c368ef40de7f9ea55a9c81b786eb119fdaceff14e/,listed,,,,,,no
krybit,transportesmontejo.com,MX,Transportation,2026-09-01,http://krybitqsdzwmhnitvwuhvsntfgf2wrhxveyxroxpc44c6gkft2cqldyd.onion/blog/6a9b514ef9eeea3ab76331ed34f0b796b5026d954b82857cac761f071d677438/,listed,,,,,,no
krybit,southsign.in,IN,Professional Services,2026-09-01,http://krybitqsdzwmhnitvwuhvsntfgf2wrhxveyxroxpc44c6gkft2cqldyd.onion/blog/345b9d9a8ff8d46121bcb22a787654becef59c35fa7f13e5489693a22437268d/,listed,,,,,,no
krybit,hccd-construction.com,US,Manufacturing,2026-09-01,http://krybitqsdzwmhnitvwuhvsntfgf2wrhxveyxroxpc44c6gkft2cqldyd.onion/blog/e6c5461f72626d0dd12186aa932006643c9a45b9cc7c4c024ccb73ad550c7b98/,listed,,,,,,no
majinahanashi,TERRACOM & MONTCAU,ES,Technology,2026-09-01,http://lthicpjqc7gkn5eq3epxndc2uig3yngvcbdya4u3m3byjod5km4yuwqd.onion,listed,,,,,,no
medusalocker,Lawter,US,Manufacturing,2026-09-01,http://t33zoj4qwv455fog7qnb2azi5xcdxkixughmmduzbw2rtdgryqfbh6id.onion/company/baoatah/,listed,,,,,,no
qilin,Commission de la construction du Quebec,CA,Government & Defense,2026-09-01,http://ijzn3sicrcy7guixkzjkib4ukbiilwc3xhnmby4mcbccnsd7j2rekvqd.onion/site/blog?uuid=bb124a20-c23d-4d26-a952-fefc3b6d6fc2,listed,,,,countdown,http://ijzn3sicrcy7guixkzjkib4ukbiilwc3xhnmby4mcbccnsd7j2rekvqd.onion,yes
everest,Rise UP,,Technology,2026-09-01,http://everestndkvzcibcje2cqxhre2hmmybl3rn2gwzwsblz7gx6uryn5rad.onion/news/rise-up,listed,,,,,,no
everest,VIVOTEK,TW,Technology,2026-09-01,http://everestndkvzcibcje2cqxhre2hmmybl3rn2gwzwsblz7gx6uryn5rad.onion/news/vivotek,listed,,,,,,no
everest,Italtel Peru,PE,Technology,2026-09-01,http://everestndkvzcibcje2cqxhre2hmmybl3rn2gwzwsblz7gx6uryn5rad.onion/news/italtel-peru,listed,,,,,,no
lockbit5,svfcu.org,US,Financial Services,2026-08-31,http://lockbitapt67g6rwzjbcxnww5efpg4qok6vpfeth7wx3okj52ks4wtad.onion/post/2a3539977521ffdbf815d0e0ecc2a2c8,listed,,,,,,no
lockbit5,hoaattorneys.com,US,Professional Services,2026-08-31,http://lockbitapt67g6rwzjbcxnww5efpg4qok6vpfeth7wx3okj52ks4wtad.onion/post/37a6fdefc028046fc8625cae8c209e88,listed,,,,,,no
braincipher,icot.es,ES,Technology,2026-08-31,http://vkvsgl7lhipjirmz6j5ubp3w3bwvxgcdbpi3fsbqngfynetqtw4w5hyd.onion/n/icot-es,listed,,,,countdown,http://vkvsgl7lhipjirmz6j5ubp3w3bwvxgcdbpi3fsbqngfynetqtw4w5hyd.onion,yes
braincipher,aeiconsultants.com,US,Professional Services,2026-08-31,http://vkvsgl7lhipjirmz6j5ubp3w3bwvxgcdbpi3fsbqngfynetqtw4w5hyd.onion/n/aeiconsultants-com,listed,,over 55 GB,,countdown,http://vkvsgl7lhipjirmz6j5ubp3w3bwvxgcdbpi3fsbqngfynetqtw4w5hyd.onion,yes
braincipher,syc.es,ES,Technology,2026-08-31,http://vkvsgl7lhipjirmz6j5ubp3w3bwvxgcdbpi3fsbqngfynetqtw4w5hyd.onion/n/syc-es,listed,,over 40 GB,,countdown,http://vkvsgl7lhipjirmz6j5ubp3w3bwvxgcdbpi3fsbqngfynetqtw4w5hyd.onion,yes
braincipher,Adviesbureau De Beuckelaer BV,NL,Professional Services,2026-08-31,http://vkvsgl7lhipjirmz6j5ubp3w3bwvxgcdbpi3fsbqngfynetqtw4w5hyd.onion/n/adviesbureau-de-beuckelaer-BV,listed,,over 150 GB,,countdown,http://vkvsgl7lhipjirmz6j5ubp3w3bwvxgcdbpi3fsbqngfynetqtw4w5hyd.onion,yes
braincipher,ahadandco.com,AE,Other,2026-08-31,http://vkvsgl7lhipjirmz6j5ubp3w3bwvxgcdbpi3fsbqngfynetqtw4w5hyd.onion/n/ahadandco-com,listed,,over 300 GB,,countdown,http://vkvsgl7lhipjirmz6j5ubp3w3bwvxgcdbpi3fsbqngfynetqtw4w5hyd.onion,yes
braincipher,sago.com,,Technology,2026-08-31,http://vkvsgl7lhipjirmz6j5ubp3w3bwvxgcdbpi3fsbqngfynetqtw4w5hyd.onion/n/sago-com,listed,,,,countdown,http://vkvsgl7lhipjirmz6j5ubp3w3bwvxgcdbpi3fsbqngfynetqtw4w5hyd.onion,yes
braincipher,crmeyer.com,DE,Professional Services,2026-08-31,http://vkvsgl7lhipjirmz6j5ubp3w3bwvxgcdbpi3fsbqngfynetqtw4w5hyd.onion/n/crmeyer-com,listed,,over 330 GB,,countdown,http://vkvsgl7lhipjirmz6j5ubp3w3bwvxgcdbpi3fsbqngfynetqtw4w5hyd.onion,yes
braincipher,ccsperfusion.com,US,Healthcare,2026-08-31,http://vkvsgl7lhipjirmz6j5ubp3w3bwvxgcdbpi3fsbqngfynetqtw4w5hyd.onion/n/ccsperfusion-com,listed,,over 200 GB,,countdown,http://vkvsgl7lhipjirmz6j5ubp3w3bwvxgcdbpi3fsbqngfynetqtw4w5hyd.onion,yes
qilin,Inmac,AR,Retail & E-Commerce,2026-08-31,http://ijzn3sicrcy7guixkzjkib4ukbiilwc3xhnmby4mcbccnsd7j2rekvqd.onion/site/blog?uuid=e4d6313d-31ac-4c53-a057-78763996a847,listed,,,,countdown,http://ijzn3sicrcy7guixkzjkib4ukbiilwc3xhnmby4mcbccnsd7j2rekvqd.onion,yes
nightspire,Easyoga,TW,Retail & E-Commerce,2026-08-31,http://nspirebcv4sy3yydtaercuut34hwc4fsxqqv4b4ye4xmo6qp3vxhulqd.onion,listed,,,,,,no
nightspire,Truckworx,US,Transportation,2026-08-31,http://nspirebcv4sy3yydtaercuut34hwc4fsxqqv4b4ye4xmo6qp3vxhulqd.onion,listed,,,,,,no
global secret group,R L Fine Chem Pvt. Ltd.,IN,Manufacturing,2026-08-31,http://o5lsqyar7ox25z734k6zaxt2vf7bsyi4q5rturi5iyxzqo3ica7bjsad.onion/project/b6CUZMNZV4BJUiGi/,listed,,18.6 GB,,listed,http://o5lsqyar7ox25z734k6zaxt2vf7bsyi4q5rturi5iyxzqo3ica7bjsad.onion,yes
orova,ASYS Corporation,TW,Technology,2026-08-31,http://maa2yprc5pldyr5hjn246hw7i66wdhglnostqgqkcbuh4vyyeos4xxyd.onion/lfqhsndqlzdhnujzge/,listed,,,,,,no
orova,"Fu Sheng Industrial Co., Ltd",HK,Manufacturing,2026-08-31,http://maa2yprc5pldyr5hjn246hw7i66wdhglnostqgqkcbuh4vyyeos4xxyd.onion/djimvmxbixinkgrrpr/,listed,,,,,,no
settra,manhattanloft.co.uk,GB,Hospitality,2026-08-31,http://settra5ldqwgtw5q7z5awbsvlksakyfojuc5slgrz5lvapune4fantqd.onion/leaks/e67342d2-12b4-422c-b8f8-406783b8d784,listed,,,,,,no
interlock,Super Systems Inc,US,Technology,2026-08-31,http://2nv4huuzjbsqncvuepdmwneo6l4ocgtxzcgdau7obcvaqebkssfpz2ad.onion/index.php?p=,listed,,390 GB,,published,http://ebhmkoohccl45qesdbvrjqtyro2hmhkmh6vkyfyjjzfllm3ix72aqaid.onion/leaks.php,yes
settra,zonarsystems.com,US,Transportation,2026-08-31,http://settra5ldqwgtw5q7z5awbsvlksakyfojuc5slgrz5lvapune4fantqd.onion/leaks/3e6ff0f3-10ea-4f17-922c-dc8eafa11ebf,listed,,,,,,no
falcon,Hayward Holdings,US,Manufacturing,2026-08-31,http://i7loab6thvz4lb7jdr3qoeumbvilwhbgnwsctnlfmvsv7g5s3vsiw6yd.onion/downloads/Hayward.7z,listed,,561 GB compressed Â· 848 GB uncompressed,,published,http://i7loab6thvz4lb7jdr3qoeumbvilwhbgnwsctnlfmvsv7g5s3vsiw6yd.onion,yes
qilin,Allied Recycling,IE,Manufacturing,2026-08-31,http://ijzn3sicrcy7guixkzjkib4ukbiilwc3xhnmby4mcbccnsd7j2rekvqd.onion/site/blog?uuid=e7223d63-284f-41ed-92ad-ff78a88d557a,listed,,,,countdown,http://ijzn3sicrcy7guixkzjkib4ukbiilwc3xhnmby4mcbccnsd7j2rekvqd.onion,yes
incransom,New Century Ophthalmology Group,US,Healthcare,2026-08-31,http://incblog6qu4y4mm4zvw5nrmue6qbwtgjsxpw6b7ixzssu36tsajldoad.onion/blog/disclosures/6a9591259cd108bf26618346,listed,,,,,,no
play,MEQ,CA,,2026-08-31,http://ipi4tiumgzjsym6pyuzrfqrtwskokxokqannmd6sa24shvr7x5kxdvqd.onion/topic.php?id=hEIeYmkZgItUu,listed,,,,,,no
play,Figgins Family Wine Estates,US,Agriculture and Food Production,2026-08-31,http://ipi4tiumgzjsym6pyuzrfqrtwskokxokqannmd6sa24shvr7x5kxdvqd.onion/topic.php?id=UmJAWJS9K2lw,listed,,,,,,no
play,KRC Machine Tool Solutions,US,Manufacturing,2026-08-31,http://ipi4tiumgzjsym6pyuzrfqrtwskokxokqannmd6sa24shvr7x5kxdvqd.onion/topic.php?id=nRz8hNyblr2Aee,listed,,,,,,no
play,Meteor Group,DE,Other,2026-08-31,http://ipi4tiumgzjsym6pyuzrfqrtwskokxokqannmd6sa24shvr7x5kxdvqd.onion/topic.php?id=ERRbEvbLM2k5Ta,listed,,,,,,no
insomnia,Metro Tulsa Foot,US,Healthcare,2026-08-31,http://i62huw7ve22rpyw6lnq3kmfump2dmsg4xpveec3ere73njwatrz74gad.onion/Company/MTFAS/,listed,,,,published,http://i62huw7ve22rpyw6lnq3kmfump2dmsg4xpveec3ere73njwatrz74gad.onion,yes
settra,diversifiedbodyandpaint.com,US,Manufacturing,2026-08-31,http://settra5ldqwgtw5q7z5awbsvlksakyfojuc5slgrz5lvapune4fantqd.onion/leaks/fe2688f1-4596-46e9-8e32-8ffebd3a0d9f,listed,,,,,,no
settra,howardlumber.com,US,Manufacturing,2026-08-31,http://settra5ldqwgtw5q7z5awbsvlksakyfojuc5slgrz5lvapune4fantqd.onion/leaks/49297801-70cb-4278-8168-d70d28d48a49,listed,,,,,,no
settra,hatch.group,GB,Professional Services,2026-08-31,http://settra5ldqwgtw5q7z5awbsvlksakyfojuc5slgrz5lvapune4fantqd.onion/leaks/84af47c0-49d8-469b-bcc4-faec6e92406e,listed,,,,,,no
settra,zayo.com,US,Technology,2026-08-31,http://settra5ldqwgtw5q7z5awbsvlksakyfojuc5slgrz5lvapune4fantqd.onion/leaks/35d59fc6-97d4-4e79-b2f7-43236b4b59c1,listed,,,,,,no
settra,cfsnow.com,CA,Technology,2026-08-31,http://settra5ldqwgtw5q7z5awbsvlksakyfojuc5slgrz5lvapune4fantqd.onion/leaks/9b8ceb72-1233-4e84-beed-8dc44488c632,listed,,,,,,no
settra,transcar.com,DE,Transportation,2026-08-31,http://settra5ldqwgtw5q7z5awbsvlksakyfojuc5slgrz5lvapune4fantqd.onion/leaks/dc63d1d2-d927-4b1c-85d6-d1a2e96c855f,listed,,,,,,no
akira,KFZ-MEISTERBETRIEB JOST GmbH,DE,Transportation,2026-08-31,http://akiral2iz6a7qgd3ayp3l6yub7xx2uep76idk3u2kollpj5z3z636bad.onion,listed,,,,,,no
akira,Gale Credit Union,US,Financial Services,2026-08-31,http://akiral2iz6a7qgd3ayp3l6yub7xx2uep76idk3u2kollpj5z3z636bad.onion,listed,,,,,,no
wallstreet,Cedar County Memorial Hospital,US,Healthcare,2026-08-31,http://4dwiv37h7hhuhjpvtn72hme4ylcv3qoe65arfc6mbweal7als6ma7pyd.onion,listed,,,,,,no
akira,WEMS,,Other,2026-08-31,http://akiralkzxzq2dsrzsrvbr2xgbbu2wgsmxryd4csgfameg52n7efvr2id.onion,listed,,,,,,no
thegentlemen,EP Manufacturing Bhd,MY,Manufacturing,2026-08-31,http://tezwsse5czllksjb7cwp65rvnk4oobmzti2znn42i43bjdfd2prqqkad.onion,listed,,,,,,no
thegentlemen,Saudi Consulting Services SAUD CONSULT,SA,Professional Services,2026-08-31,http://tezwsse5czllksjb7cwp65rvnk4oobmzti2znn42i43bjdfd2prqqkad.onion,listed,,,,,,no
incransom,zummocorp.com,US,,2026-08-31,http://incblog6qu4y4mm4zvw5nrmue6qbwtgjsxpw6b7ixzssu36tsajldoad.onion/blog/disclosures/6a955bb29cd108bf265a5154,listed,,,,,,no
incransom,www.lichtvision.com,GB,Technology,2026-08-31,http://incblog6qu4y4mm4zvw5nrmue6qbwtgjsxpw6b7ixzssu36tsajldoad.onion/blog/disclosures/6a955c739cd108bf265a6372,listed,,,,,,no
incransom,www.renorefractories.com,US,Manufacturing,2026-08-31,http://incblog6qu4y4mm4zvw5nrmue6qbwtgjsxpw6b7ixzssu36tsajldoad.onion/blog/disclosures/6a955cf79cd108bf265a7443,listed,,,,,,no
incransom,cimbsecurities.com,MY,Financial Services,2026-08-31,http://incblog6qu4y4mm4zvw5nrmue6qbwtgjsxpw6b7ixzssu36tsajldoad.onion/blog/disclosures/6a9563869cd108bf265b543b,listed,,,,,,no
zawoo,zenithtechnology.co.nz,NZ,Technology,2026-08-31,https://fyenuhkq3pfhnbpidj5jm2fl2lryxip4byhg6eozynrnlomu4szf2nyd.onion/index.html?indexId=mtfszhtggfdsg,listed,,,,,,no
zawoo,fes-sport.de,DE,Retail & E-Commerce,2026-08-31,https://fyenuhkq3pfhnbpidj5jm2fl2lryxip4byhg6eozynrnlomu4szf2nyd.onion/index.html?indexId=htrfdrghbtnyr,listed,,,,,,no
zawoo,esopartnerscpa.com,US,Professional Services,2026-08-31,https://fyenuhkq3pfhnbpidj5jm2fl2lryxip4byhg6eozynrnlomu4szf2nyd.onion/index.html?indexId=vrfdeyhnbyuki,listed,,,,,,no
aurora,"Ishbia & Gagleard, P.C.",US,Professional Services,2026-08-31,http://u6lieui2dakbctcjea2bz4r4q32r7t36nwljovqbv7mxs6o2smgxixid.onion/blog/ishbia-gagleard-pc-cbdf52c6,listed,,,,,,no
lockbit5,bartelsbv.nl,NL,Manufacturing,2026-08-31,http://lockbitapt67g6rwzjbcxnww5efpg4qok6vpfeth7wx3okj52ks4wtad.onion/post/e6fd1d10c844c81b0f735de31e0e7bef,listed,,,,,,no
lockbit5,vkj.nl,NL,Other,2026-08-31,http://lockbitapt67g6rwzjbcxnww5efpg4qok6vpfeth7wx3okj52ks4wtad.onion/post/2be334915a0191df4dc1bfe814393802,listed,,,,,,no
lockbit5,allsteelproducts.nl,NL,Manufacturing,2026-08-31,http://lockbitapt67g6rwzjbcxnww5efpg4qok6vpfeth7wx3okj52ks4wtad.onion/post/a49c74cceb87d8fada016bf867ecc979,listed,,,,,,no
lockbit5,bkc.org,JP,Professional Services,2026-08-31,http://lockbitapt67g6rwzjbcxnww5efpg4qok6vpfeth7wx3okj52ks4wtad.onion/post/4df8a2630497e57d1bffcc5b194f84b5,listed,,,,,,no
crypto24,Me***,SG,,2026-08-31,http://j5o5y2feotmhvr7cbcp2j2ewayv5mn5zenl3joqwx67gtfchhezjznad.onion,listed,,,,,,no
qilin,AFSARD,MK,,2026-08-30,http://ijzn3sicrcy7guixkzjkib4ukbiilwc3xhnmby4mcbccnsd7j2rekvqd.onion/site/blog?uuid=9136a394-e1a1-47ce-8fe6-16ed813a5d23,listed,,,,countdown,http://ijzn3sicrcy7guixkzjkib4ukbiilwc3xhnmby4mcbccnsd7j2rekvqd.onion,yes
wallstreet,Andover,US,Education,2026-08-30,http://4dwiv37h7hhuhjpvtn72hme4ylcv3qoe65arfc6mbweal7als6ma7pyd.onion,listed,,,,,,no
direwolf,THQ Nordic,SE,Technology,2026-08-30,http://direwolfcdkv5whaz2spehizdg22jsuf5aeje4asmetpbt6ri4jnd4qd.onion/api/public/articles/113,listed,,335GB,,countdown,http://direwolfcdkv5whaz2spehizdg22jsuf5aeje4asmetpbt6ri4jnd4qd.onion,yes
direwolf,Erdem Hospital,TR,Healthcare,2026-08-30,http://direwolfcdkv5whaz2spehizdg22jsuf5aeje4asmetpbt6ri4jnd4qd.onion/api/public/articles/114,listed,,260GB,,countdown,http://direwolfcdkv5whaz2spehizdg22jsuf5aeje4asmetpbt6ri4jnd4qd.onion,yes
direwolf,Hospital Clnico Universidad de Chile,CL,Healthcare,2026-08-30,http://direwolfcdkv5whaz2spehizdg22jsuf5aeje4asmetpbt6ri4jnd4qd.onion/api/public/articles/115,listed,,240GB,,countdown,http://direwolfcdkv5whaz2spehizdg22jsuf5aeje4asmetpbt6ri4jnd4qd.onion,yes
falcon,Globus Medical,US,Healthcare,2026-08-30,http://i7loab6thvz4lb7jdr3qoeumbvilwhbgnwsctnlfmvsv7g5s3vsiw6yd.onion/#GlobusMedical,listed,,2.38 TB compressed Â· 2.96 TB uncompressed,,published,http://i7loab6thvz4lb7jdr3qoeumbvilwhbgnwsctnlfmvsv7g5s3vsiw6yd.onion,yes
falcon,DistributionNOW (DNOW Inc.),US,Manufacturing,2026-08-30,http://i7loab6thvz4lb7jdr3qoeumbvilwhbgnwsctnlfmvsv7g5s3vsiw6yd.onion/#distribution_now,listed,,,,,,no
qilin,Crystalpharmatech,,Healthcare,2026-08-30,http://ijzn3sicrcy7guixkzjkib4ukbiilwc3xhnmby4mcbccnsd7j2rekvqd.onion/site/blog?uuid=9cc2365a-5fb6-4668-a614-7e65684bb18b,listed,,200.00 GB,,countdown,http://ijzn3sicrcy7guixkzjkib4ukbiilwc3xhnmby4mcbccnsd7j2rekvqd.onion,yes
qilin,Absolute Consultancy Services,GB,Professional Services,2026-08-30,http://ijzn3sicrcy7guixkzjkib4ukbiilwc3xhnmby4mcbccnsd7j2rekvqd.onion/site/blog?uuid=633d975c-e73f-462e-95fb-a372b53b600a,listed,,,,countdown,http://ijzn3sicrcy7guixkzjkib4ukbiilwc3xhnmby4mcbccnsd7j2rekvqd.onion,yes
qilin,Black Cat Engineering Construction Wll,QA,Manufacturing,2026-08-30,http://ijzn3sicrcy7guixkzjkib4ukbiilwc3xhnmby4mcbccnsd7j2rekvqd.onion/site/blog?uuid=9b7d483d-aaa7-4da7-8724-a96e7005d141,listed,,,,countdown,http://ijzn3sicrcy7guixkzjkib4ukbiilwc3xhnmby4mcbccnsd7j2rekvqd.onion,yes
thegentlemen,Glassdoor,US,Professional Services,2026-08-30,http://tezwsse5czllksjb7cwp65rvnk4oobmzti2znn42i43bjdfd2prqqkad.onion,listed,,,,,,no
thegentlemen,G R Infraprojects,IN,Manufacturing,2026-08-30,http://tezwsse5czllksjb7cwp65rvnk4oobmzti2znn42i43bjdfd2prqqkad.onion,listed,,,,,,no
thegentlemen,Northwest Trophy,US,Retail & E-Commerce,2026-08-30,http://i2ohjeeqe37jre4f2u7pyq73cbm6lecumdxapkvrlryna6rc3it4zsid.onion,listed,,,,,,no
thegentlemen,General Gruppo,IT,Manufacturing,2026-08-30,http://i2ohjeeqe37jre4f2u7pyq73cbm6lecumdxapkvrlryna6rc3it4zsid.onion,listed,,,,,,no
thegentlemen,Ixa Systems,CH,Technology,2026-08-30,http://i2ohjeeqe37jre4f2u7pyq73cbm6lecumdxapkvrlryna6rc3it4zsid.onion,listed,,,,,,no
thegentlemen,Tecno Accion,AR,Technology,2026-08-30,http://i2ohjeeqe37jre4f2u7pyq73cbm6lecumdxapkvrlryna6rc3it4zsid.onion,listed,,,,,,no
thegentlemen,Probe Test System,TW,Technology,2026-08-30,http://i2ohjeeqe37jre4f2u7pyq73cbm6lecumdxapkvrlryna6rc3it4zsid.onion,listed,,,,,,no
thegentlemen,SUNSEA,TH,Other,2026-08-30,http://i2ohjeeqe37jre4f2u7pyq73cbm6lecumdxapkvrlryna6rc3it4zsid.onion,listed,,,,,,no
thegentlemen,Thai Film Industries PCL,TH,Other,2026-08-30,http://i2ohjeeqe37jre4f2u7pyq73cbm6lecumdxapkvrlryna6rc3it4zsid.onion,listed,,,,,,no
thegentlemen,Adkisson Group,US,,2026-08-30,http://i2ohjeeqe37jre4f2u7pyq73cbm6lecumdxapkvrlryna6rc3it4zsid.onion,listed,,,,,,no
thegentlemen,ESB Puerto Rico Corp,PR,Energy & Utilities,2026-08-30,http://i2ohjeeqe37jre4f2u7pyq73cbm6lecumdxapkvrlryna6rc3it4zsid.onion,listed,,,,,,no
thegentlemen,Nutrypollo,MX,Agriculture and Food Production,2026-08-30,http://tezwsse5czllksjb7cwp65rvnk4oobmzti2znn42i43bjdfd2prqqkad.onion,listed,,,,,,no
thegentlemen,Brebur,GB,,2026-08-30,http://tezwsse5czllksjb7cwp65rvnk4oobmzti2znn42i43bjdfd2prqqkad.onion,listed,,,,,,no
thegentlemen,MB Associates,GB,Professional Services,2026-08-30,http://tezwsse5czllksjb7cwp65rvnk4oobmzti2znn42i43bjdfd2prqqkad.onion,listed,,,,,,no
thegentlemen,Exacta Optech Labcenter,BR,Healthcare,2026-08-30,http://tezwsse5czllksjb7cwp65rvnk4oobmzti2znn42i43bjdfd2prqqkad.onion,listed,,,,,,no
thegentlemen,Servicios Aereos Estrella,MX,Transportation,2026-08-30,http://tezwsse5czllksjb7cwp65rvnk4oobmzti2znn42i43bjdfd2prqqkad.onion,listed,,,,,,no
zawoo,zenithtechnology,NZ,Technology,2026-08-30,https://fyenuhkq3pfhnbpidj5jm2fl2lryxip4byhg6eozynrnlomu4szf2nyd.onion/index.html?indexId=mtfszhtggfdsg,listed,,,,,,no
zawoo,fessport,DE,,2026-08-30,https://fyenuhkq3pfhnbpidj5jm2fl2lryxip4byhg6eozynrnlomu4szf2nyd.onion/index.html?indexId=htrfdrghbtnyr,listed,,,,,,no
zawoo,esopartnerscpa,CN,Professional Services,2026-08-30,https://fyenuhkq3pfhnbpidj5jm2fl2lryxip4byhg6eozynrnlomu4szf2nyd.onion/index.html?indexId=vrfdeyhnbyuki,listed,,,,,,no
zawoo,vectorsoft.de,DE,Technology,2026-08-30,https://fyenuhkq3pfhnbpidj5jm2fl2lryxip4byhg6eozynrnlomu4szf2nyd.onion/index.html?indexId=mocxosdpjsdpg,listed,,,,,,no
zawoo,winterdienst-berlin.com,DE,Other,2026-08-30,https://fyenuhkq3pfhnbpidj5jm2fl2lryxip4byhg6eozynrnlomu4szf2nyd.onion/index.html?indexId=vhrtnmuykyuko,listed,,,,,,no
zawoo,hd-werkstaetten.de,DE,Manufacturing,2026-08-30,https://fyenuhkq3pfhnbpidj5jm2fl2lryxip4byhg6eozynrnlomu4szf2nyd.onion/index.html?indexId=ptievcdnmksdn,listed,,,,,,no
zawoo,ng-engineering.de,DE,Professional Services,2026-08-30,https://fyenuhkq3pfhnbpidj5jm2fl2lryxip4byhg6eozynrnlomu4szf2nyd.onion/index.html?indexId=nczxoemvfisos,listed,,,,,,no
zawoo,berghotel-oberhof.de,DE,Hospitality,2026-08-30,https://fyenuhkq3pfhnbpidj5jm2fl2lryxip4byhg6eozynrnlomu4szf2nyd.onion/index.html?indexId=okgfdiunklvdf,listed,,,,,,no
zawoo,rsk-immobilien.de,DE,Retail & E-Commerce,2026-08-30,https://fyenuhkq3pfhnbpidj5jm2fl2lryxip4byhg6eozynrnlomu4szf2nyd.onion/index.html?indexId=vmfkdlsfjkdsd,listed,,,,,,no
zawoo,montronix.de,DE,Manufacturing,2026-08-30,https://fyenuhkq3pfhnbpidj5jm2fl2lryxip4byhg6eozynrnlomu4szf2nyd.onion/index.html?indexId=nmvxciovnvgdf,listed,,,,,,no
zawoo,kdynium.cz,CZ,Technology,2026-08-30,https://fyenuhkq3pfhnbpidj5jm2fl2lryxip4byhg6eozynrnlomu4szf2nyd.onion/index.html?indexId=bgfsdfhjydrju,listed,,,,,,no
zawoo,frm.ind.br,BR,Other,2026-08-30,https://fyenuhkq3pfhnbpidj5jm2fl2lryxip4byhg6eozynrnlomu4szf2nyd.onion/index.html?indexId=cnjsdkacnoiop,listed,,,,,,no
zawoo,acqbuilt.com,CA,Professional Services,2026-08-30,https://fyenuhkq3pfhnbpidj5jm2fl2lryxip4byhg6eozynrnlomu4szf2nyd.onion/index.html?indexId=lofvduivfdiom,listed,,,,,,no
zawoo,BOTEC-CZ,DE,Manufacturing,2026-08-30,https://fyenuhkq3pfhnbpidj5jm2fl2lryxip4byhg6eozynrnlomu4szf2nyd.onion/index.html?indexId=cvjnkdsanfoid,listed,,,,,,no
zawoo,n-tree.com,AT,Technology,2026-08-30,https://fyenuhkq3pfhnbpidj5jm2fl2lryxip4byhg6eozynrnlomu4szf2nyd.onion/index.html?indexId=yfhgfngfftset,listed,,,,,,no
zawoo,hoerburger,DE,Retail & E-Commerce,2026-08-30,https://fyenuhkq3pfhnbpidj5jm2fl2lryxip4byhg6eozynrnlomu4szf2nyd.onion/index.html?indexId=adscynfdkjuih,listed,,,,,,no
threeam,wmdn.net,MD,,2026-08-30,http://threeamkelxicjsaf2czjyz2lc4q3ngqkxhhlexyfcp2o6raw4rphyad.onion/detail/5fu0x8tyhssmlkn5pxxoxw1wqvtikx,listed,,,,,,no
black x,FE CREDIT,VN,Financial Services,2026-08-30,http://blackxppq2jvqyg4slyg3sbszv7ib2avaaycvhff5qipgdoepqi57xyd.onion/target/6a917ed5c47afd2aed25122a,listed,,,,,,no
black x,i-one,KR,,2026-08-30,http://blackxppq2jvqyg4slyg3sbszv7ib2avaaycvhff5qipgdoepqi57xyd.onion/target/6a9191acc47afd2aed25132f,listed,,,,,,no
shinyhunters,Neogen Corporation,US,Agriculture and Food Production,2026-08-29,http://shinypogk4jjniry5qi7247tznop6mxdrdte2k6pdu5cyo43vdzmrwid.onion,listed,,,,,,no
qilin,Bandit Industries,US,Other,2026-08-29,http://ijzn3sicrcy7guixkzjkib4ukbiilwc3xhnmby4mcbccnsd7j2rekvqd.onion/site/blog?uuid=f366be31-dcd5-4b96-809c-197c9ba6999c,listed,,0.00 KB,314500,countdown,http://ijzn3sicrcy7guixkzjkib4ukbiilwc3xhnmby4mcbccnsd7j2rekvqd.onion,yes
qilin,LAPoco Architects,US,Professional Services,2026-08-29,http://ijzn3sicrcy7guixkzjkib4ukbiilwc3xhnmby4mcbccnsd7j2rekvqd.onion/site/blog?uuid=2affb033-7e6a-48cc-be6d-8b0bcb395750,listed,,,,countdown,http://ijzn3sicrcy7guixkzjkib4ukbiilwc3xhnmby4mcbccnsd7j2rekvqd.onion,yes
emperador,Uniguacu,BR,Other,2026-08-29,/post/uniguacu/,listed,,151.0 MB,1,listed,http://emprdr4p7iwlhpky33tswt3k2qdeljyjcdpoysabudmmrz4z32laexad.onion,yes
qilin,Neumaticos Corral S.A.,AR,Manufacturing,2026-08-29,http://ijzn3sicrcy7guixkzjkib4ukbiilwc3xhnmby4mcbccnsd7j2rekvqd.onion/site/blog?uuid=5396431c-0700-4548-bcec-1ec417e29773,listed,,,,countdown,http://ijzn3sicrcy7guixkzjkib4ukbiilwc3xhnmby4mcbccnsd7j2rekvqd.onion,yes
qilin,The Frame Group,AU,Retail & E-Commerce,2026-08-29,http://ijzn3sicrcy7guixkzjkib4ukbiilwc3xhnmby4mcbccnsd7j2rekvqd.onion/site/blog?uuid=0b334ebb-408d-4b05-ba69-806e10a05580,listed,,,,countdown,http://ijzn3sicrcy7guixkzjkib4ukbiilwc3xhnmby4mcbccnsd7j2rekvqd.onion,yes
qilin,La Maison Des Travaux,FR,Retail & E-Commerce,2026-08-29,http://ijzn3sicrcy7guixkzjkib4ukbiilwc3xhnmby4mcbccnsd7j2rekvqd.onion/site/blog?uuid=fcb05123-2685-418f-8dd5-4c29a26ce6cb,listed,,,,countdown,http://ijzn3sicrcy7guixkzjkib4ukbiilwc3xhnmby4mcbccnsd7j2rekvqd.onion,yes
qilin,BLISS 1041,MT,,2026-08-29,http://ijzn3sicrcy7guixkzjkib4ukbiilwc3xhnmby4mcbccnsd7j2rekvqd.onion/site/blog?uuid=b03ebcee-148c-41f8-ba2e-30817cb3b4bb,listed,,,,countdown,http://ijzn3sicrcy7guixkzjkib4ukbiilwc3xhnmby4mcbccnsd7j2rekvqd.onion,yes
qilin,CareClinics,MY,Healthcare,2026-08-29,http://ijzn3sicrcy7guixkzjkib4ukbiilwc3xhnmby4mcbccnsd7j2rekvqd.onion/site/blog?uuid=d1947ee4-7210-4bf1-8c59-28faa9ac8495,listed,,,,countdown,http://ijzn3sicrcy7guixkzjkib4ukbiilwc3xhnmby4mcbccnsd7j2rekvqd.onion,yes
m3rx,lindner-group.com,AT,Manufacturing,2026-08-29,http://4k6plf4h2cm2nco6ae3inrsxnmqgl6lllmwefydhnlcq4tuhwbj4qpad.onion#lindner-group.com,listed,,4.6TB,,published,http://4k6plf4h2cm2nco6ae3inrsxnmqgl6lllmwefydhnlcq4tuhwbj4qpad.onion,yes
incransom,wittmann,MX,Manufacturing,2026-08-29,http://incblog6qu4y4mm4zvw5nrmue6qbwtgjsxpw6b7ixzssu36tsajldoad.onion/blog/disclosures/6a8c56149cd108bf2653d42b,listed,,,,,,no
orova,ITC Properties Group Limited,HK,Other,2026-08-29,http://maa2yprc5pldyr5hjn246hw7i66wdhglnostqgqkcbuh4vyyeos4xxyd.onion/tniuxcbkulursuccej/,listed,,,,,,no
qilin,AUM Construction,US,Manufacturing,2026-08-29,http://ijzn3sicrcy7guixkzjkib4ukbiilwc3xhnmby4mcbccnsd7j2rekvqd.onion/site/blog?uuid=8124695c-39b4-49fa-9835-d01eb7aa9cbb,listed,,,427,countdown,http://ijzn3sicrcy7guixkzjkib4ukbiilwc3xhnmby4mcbccnsd7j2rekvqd.onion,yes
majinahanashi,TERRA*** & MON****,,,2026-08-29,http://lthicpjqc7gkn5eq3epxndc2uig3yngvcbdya4u3m3byjod5km4yuwqd.onion,listed,,,,,,no
orova,South Pacific Hotel Limited,HK,Hospitality,2026-08-29,http://maa2yprc5pldyr5hjn246hw7i66wdhglnostqgqkcbuh4vyyeos4xxyd.onion/tdktzqllhidxxapwas/,listed,,,,,,no
majinahanashi,MONTCAU,,,2026-08-29,http://lthicpjqc7gkn5eq3epxndc2uig3yngvcbdya4u3m3byjod5km4yuwqd.onion,listed,,,,,,no
iah6477,swagelok,US,Manufacturing,2026-08-29,http://iah6477wcvisc45wl54u524fbrh4dnmtcctpg2fpe5epf3jbpkiwu4qd.onion/a/swagelok/,listed,,881.2 GiB,,countdown,http://iah6477wcvisc45wl54u524fbrh4dnmtcctpg2fpe5epf3jbpkiwu4qd.onion,yes
iah6477,trc-companies,US,Professional Services,2026-08-29,http://iah6477wcvisc45wl54u524fbrh4dnmtcctpg2fpe5epf3jbpkiwu4qd.onion/a/trc-companies/,delisted,2026-08-31,4.2 TiB,,countdown,http://iah6477wcvisc45wl54u524fbrh4dnmtcctpg2fpe5epf3jbpkiwu4qd.onion,yes
shadowbyt3$,BayView Real Estate,US,Retail & E-Commerce,2026-08-29,https://transfer.it/t/RMwmoUlFgJhS,listed,,,,,,no
lynx,cutlercapital,,Financial Services,2026-08-29,http://lynxblogxutufossaeawlij3j3uikaloll5ko6grzhkwdclrjngrfoid.onion/leaks/6a906f3fc192cbbf2f88112a,listed,,,,,,no
lockbit5,apatpa.com,MX,,2026-08-29,http://lockbitapt67g6rwzjbcxnww5efpg4qok6vpfeth7wx3okj52ks4wtad.onion/post/1f9182de04597cb54beb4537be5582aa,listed,,,,,,no
incransom,Oilquip Inc,US,Energy & Utilities,2026-08-29,http://incblog6qu4y4mm4zvw5nrmue6qbwtgjsxpw6b7ixzssu36tsajldoad.onion/blog/disclosures/6a8f0c6c9cd108bf26a1bbe6,listed,,,,,,no
shinyhunters,McKesson Corporation,US,Healthcare,2026-08-28,http://shinypogk4jjniry5qi7247tznop6mxdrdte2k6pdu5cyo43vdzmrwid.onion,listed,,,,,,no
doommageddon,SITTNAK Lojistik A.Ş.,TR,Transportation,2026-08-28,http://iacjvmxjb2ivqkxxzmde4w6g53gn6ym7c3g6mfifvejyhqtp4wrkypyd.onion/victim/sittnak-lojistik-a-ş-,listed,,,,listed,http://iacjvmxjb2ivqkxxzmde4w6g53gn6ym7c3g6mfifvejyhqtp4wrkypyd.onion,yes
doommageddon,Akpera Gayrimenkul Yatırım A.Ş.,TR,Other,2026-08-28,http://iacjvmxjb2ivqkxxzmde4w6g53gn6ym7c3g6mfifvejyhqtp4wrkypyd.onion/victim/akpera-gayrimenkul-yatırım-a-ş-,listed,,,,listed,http://iacjvmxjb2ivqkxxzmde4w6g53gn6ym7c3g6mfifvejyhqtp4wrkypyd.onion,yes
shinyhunters,Elekta AB,SE,Healthcare,2026-08-28,http://shinypogk4jjniry5qi7247tznop6mxdrdte2k6pdu5cyo43vdzmrwid.onion,listed,,,,,,no
shinyhunters,Jack Henry & Associates,US,Financial Services,2026-08-28,http://shinypogk4jjniry5qi7247tznop6mxdrdte2k6pdu5cyo43vdzmrwid.onion,listed,,,,,,no
payoutsking,H.W. Lochner,US,Professional Services,2026-08-28,http://payoutsgn7cy6uliwevdqspncjpfxpmzgirwl2au65la7rfs5x3qnbqd.onion/lPKdvZ-L23GFb-KUodTV-u9XFQy-3DrD8h,listed,,,,,,no
qilin,Alter Consultores Legales,ES,Professional Services,2026-08-28,http://ijzn3sicrcy7guixkzjkib4ukbiilwc3xhnmby4mcbccnsd7j2rekvqd.onion/site/blog?uuid=f1ab8b65-49c7-48f8-896a-75042a82c095,listed,,,,countdown,http://ijzn3sicrcy7guixkzjkib4ukbiilwc3xhnmby4mcbccnsd7j2rekvqd.onion,yes
chaos,corematerials.com,US,Manufacturing,2026-08-28,http://hptqq2o2qjva7lcaaq67w36jihzivkaitkexorauw7b2yul2z6zozpqd.onion/post/Y1fpWBmDHkS9UVcAr34ryui3hKyJrn7R,listed,,,,,,no
chaos,macallister.com,GB,,2026-08-28,http://hptqq2o2qjva7lcaaq67w36jihzivkaitkexorauw7b2yul2z6zozpqd.onion/post/HWYpccK3tQd2VIazsCSTQ72a2gcLaAhr,listed,,,,,,no
qilin,Newton County School System,US,Education,2026-08-28,http://ijzn3sicrcy7guixkzjkib4ukbiilwc3xhnmby4mcbccnsd7j2rekvqd.onion/site/blog?uuid=d30bf640-c3c0-4fd8-a03f-1f4a9daf7726,listed,,,,countdown,http://ijzn3sicrcy7guixkzjkib4ukbiilwc3xhnmby4mcbccnsd7j2rekvqd.onion,yes
rhysida,Valley Health Team,,Healthcare,2026-08-28,http://rhysidafohrhyy2aszi7bm32tnjat5xri65fopcxkdfxhi4tidsg7cad.onion/archive.php?company=265,listed,,,,,,no
global,Vigilia,UY,Technology,2026-08-28,http://globalrbweyhxxa5b65bjjsm5bfuqfs5ydizefupqcminoedzn6o2sqd.onion,listed,,57.68 GB,,published,http://globalco44t2yl6ltgj74cwthr6b6olggl3srg7engqfhx72f6ni3cyd.onion,yes
global,"Hangzhou Qihan Biotech Co., Ltd.",CN,Healthcare,2026-08-28,http://globalrbweyhxxa5b65bjjsm5bfuqfs5ydizefupqcminoedzn6o2sqd.onion,listed,,187.88 GB,,countdown,http://globalco44t2yl6ltgj74cwthr6b6olggl3srg7engqfhx72f6ni3cyd.onion,yes
global,Shanghai Tunnel Engineering Co Ltd,SG,Transportation,2026-08-28,http://globalrbweyhxxa5b65bjjsm5bfuqfs5ydizefupqcminoedzn6o2sqd.onion,listed,,183.27 GB,,countdown,http://globalco44t2yl6ltgj74cwthr6b6olggl3srg7engqfhx72f6ni3cyd.onion,yes
global,Atcomm,CN,Technology,2026-08-28,http://globalrbweyhxxa5b65bjjsm5bfuqfs5ydizefupqcminoedzn6o2sqd.onion,listed,,5.79 GB,,countdown,http://globalco44t2yl6ltgj74cwthr6b6olggl3srg7engqfhx72f6ni3cyd.onion,yes
akira,Alumax,US,Manufacturing,2026-08-28,http://akiralkzxzq2dsrzsrvbr2xgbbu2wgsmxryd4csgfameg52n7efvr2id.onion,listed,,,,,,no
rhysida,"Berlin, Germany",DE,,2026-08-28,http://rhysidafohrhyy2aszi7bm32tnjat5xri65fopcxkdfxhi4tidsg7cad.onion/archive.php?company=265,listed,,,,,,no
akira,BEPeterson,,,2026-08-28,http://akiralkzxzq2dsrzsrvbr2xgbbu2wgsmxryd4csgfameg52n7efvr2id.onion,listed,,,,,,no
akira,JRT Mechanical,,Manufacturing,2026-08-28,http://akiralkzxzq2dsrzsrvbr2xgbbu2wgsmxryd4csgfameg52n7efvr2id.onion,listed,,,,,,no
moneymessage,ProCare,US,Healthcare,2026-08-28,http://blogvl7tjyjvsfthobttze52w36wwiz34hrfcmorgvdzb6hikucb7aqd.onion/news.php?id=1,listed,,,,,,no
qilin,DigiGround,AU,Technology,2026-08-28,http://ijzn3sicrcy7guixkzjkib4ukbiilwc3xhnmby4mcbccnsd7j2rekvqd.onion/site/blog?uuid=0cbc2586-f3cd-44fb-9de7-8867f181aac0,listed,,,,listed,http://ijzn3sicrcy7guixkzjkib4ukbiilwc3xhnmby4mcbccnsd7j2rekvqd.onion,yes
qilin,Tramigo,FI,Transportation,2026-08-28,http://ijzn3sicrcy7guixkzjkib4ukbiilwc3xhnmby4mcbccnsd7j2rekvqd.onion/site/blog?uuid=8d83fa74-d33c-47dc-a5a6-c95d5fbabcd5,listed,,,,listed,http://ijzn3sicrcy7guixkzjkib4ukbiilwc3xhnmby4mcbccnsd7j2rekvqd.onion,yes
qilin,Cosmocolor SA de CV,MX,Manufacturing,2026-08-28,http://ijzn3sicrcy7guixkzjkib4ukbiilwc3xhnmby4mcbccnsd7j2rekvqd.onion/site/blog?uuid=920d72a2-e450-4ab2-9540-9fef193bf438,listed,,,,listed,http://ijzn3sicrcy7guixkzjkib4ukbiilwc3xhnmby4mcbccnsd7j2rekvqd.onion,yes
emperador,Hanwha Renewables,KR,Energy & Utilities,2026-08-28,/post/hanwha-renewables/,listed,,11.7 GB,,listed,http://emprdr4p7iwlhpky33tswt3k2qdeljyjcdpoysabudmmrz4z32laexad.onion,yes
unsafe,amzur.com,BR,,2026-08-28,http://unsafeipw6wbkzzmj7yqp7bz6j7ivzynggmwxsm6u2wwfmfqrxqrrhyd.onion/reel/6a916155102e2455604e860b?page=1,listed,,,,countdown,http://unsafeipw6wbkzzmj7yqp7bz6j7ivzynggmwxsm6u2wwfmfqrxqrrhyd.onion,yes
panzer,Directorate-General for Education,PT,Government & Defense,2026-08-28,http://pnzruro7syvwvefx5mpo2fhzi4jftgquynsqf3vy5x3no57yp2iz4nyd.onion/company/directorate-general-for-education-and-science-statistics,listed,,,,,,no
qilin,Infinnium,,Technology,2026-08-28,http://ijzn3sicrcy7guixkzjkib4ukbiilwc3xhnmby4mcbccnsd7j2rekvqd.onion/site/blog?uuid=3cdde6d5-319e-44d3-b122-150e36bab273,listed,,,,listed,http://ijzn3sicrcy7guixkzjkib4ukbiilwc3xhnmby4mcbccnsd7j2rekvqd.onion,yes
qilin,Whitehouse,GB,Government & Defense,2026-08-28,http://ijzn3sicrcy7guixkzjkib4ukbiilwc3xhnmby4mcbccnsd7j2rekvqd.onion/site/blog?uuid=f570d277-341f-44c6-b130-aa34613d0869,listed,,,12,published,http://ijzn3sicrcy7guixkzjkib4ukbiilwc3xhnmby4mcbccnsd7j2rekvqd.onion,yes
shadowbyt3$,Bayview Real Estate WARNING,US,Retail & E-Commerce,2026-08-28,https://mega.nz,listed,,,,,,no
lockbit5,tnmed.org,TN,Healthcare,2026-08-28,http://lockbitapt67g6rwzjbcxnww5efpg4qok6vpfeth7wx3okj52ks4wtad.onion/post/67d1d1b0ab5605493101ea2db133a20a,listed,,,,,,no
anubis,Caduceus Medical Group,,Healthcare,2026-08-28,http://anubisyfkh5rixydjpoo3jqucauajz2juybrbtuglcppjj2y3eg3y6ad.onion/r/IjxbBv9ng0ONhhEWp4t0SnWyMOYqB8Fibcy2BXplLorjkHn4JlUs4WNKov3nOe9b9oDDGhPqlOAQcBfxvQR0HgwNG5OVU1u,listed,,105 GB,,published,http://anubisyfkh5rixydjpoo3jqucauajz2juybrbtuglcppjj2y3eg3y6ad.onion,yes
eclipse,ETNA Software,IT,Technology,2026-08-27,http://eclipse4g5kxfwsvpu4qx5sdcnrji6gxl5gt67bucjlgt35g7akvjoid.onion/place/xbrtk1q9h46t78vv/,listed,,,,,,no
chaos,singleton.com,AU,,2026-08-27,http://hptqq2o2qjva7lcaaq67w36jihzivkaitkexorauw7b2yul2z6zozpqd.onion/post/vcn8Zx0x1GRAot9oXPRzGWlYNCwSXLLE,listed,,,,,,no
silentransomgroup,Ne...n M...,,,2026-08-27,https://business-data-leaks.com/about#b7d9cb78e913d8db621e10ebe,listed,,,,,,no
qilin,Globalport Terminals,PH,Transportation,2026-08-27,http://ijzn3sicrcy7guixkzjkib4ukbiilwc3xhnmby4mcbccnsd7j2rekvqd.onion/site/blog?uuid=c7669cd1-2ccb-423c-b143-1cde8f5b9ebf,listed,,,,countdown,http://ijzn3sicrcy7guixkzjkib4ukbiilwc3xhnmby4mcbccnsd7j2rekvqd.onion,yes
storm,Agrimac,AU,Agriculture and Food Production,2026-08-27,http://yqhecvqtdvq6p7duqcgw2qca77spbgakxcoibtx6zpvfshltsbbbhfqd.onion/company/6a8e464bbcb899d105729a1b,listed,,,,,,no
storm,Sprachakademie Rhein-Ruhr,DE,Education,2026-08-27,http://yqhecvqtdvq6p7duqcgw2qca77spbgakxcoibtx6zpvfshltsbbbhfqd.onion/company/6a8c117ebcb899d105729a17,listed,,,,,,no
storm,Otto Sieve GmbH,DE,Manufacturing,2026-08-27,http://yqhecvqtdvq6p7duqcgw2qca77spbgakxcoibtx6zpvfshltsbbbhfqd.onion/company/6a8c10d7bcb899d105729a16,listed,,,,,,no
storm,ITD Informations technologie,DE,Technology,2026-08-27,http://yqhecvqtdvq6p7duqcgw2qca77spbgakxcoibtx6zpvfshltsbbbhfqd.onion/company/6a8c0f92bcb899d105729a15,listed,,,,,,no
storm,Our Hospice Of South Central Indiana,US,Healthcare,2026-08-27,http://yqhecvqtdvq6p7duqcgw2qca77spbgakxcoibtx6zpvfshltsbbbhfqd.onion/company/6a8e42bebcb899d105729a19,listed,,,,,,no
storm,National Salvage,US,Manufacturing,2026-08-27,http://yqhecvqtdvq6p7duqcgw2qca77spbgakxcoibtx6zpvfshltsbbbhfqd.onion/company/6a8c0d1cbcb899d105729a13,listed,,,,,,no
payoutsking,W****s,US,,2026-08-27,http://payoutsgn7cy6uliwevdqspncjpfxpmzgirwl2au65la7rfs5x3qnbqd.onion,listed,,,,,,no
thegentlemen,Zion Construction,US,Manufacturing,2026-08-27,http://tezwsse5czllksjb7cwp65rvnk4oobmzti2znn42i43bjdfd2prqqkad.onion,listed,,,,,,no
incransom,BENCIVIL,US,Professional Services,2026-08-27,http://incblog6qu4y4mm4zvw5nrmue6qbwtgjsxpw6b7ixzssu36tsajldoad.onion/blog/disclosures/6a906fe29cd108bf26c5d1d1,listed,,,,,,no
lockbit5,fpmanagement.nl,NL,Professional Services,2026-08-27,http://lockbitqth2ij5cdqmj4cdchoh3etnlbh74utqviwqb5svvhxygnmoqd.onion/post/e9bafa99d8c40a8434e3f8d8e9ef4090,listed,,,,,,no
silentransomgroup,G... T...,,,2026-08-27,https://business-data-leaks.com/about#89134f04057429e99805753db,listed,,,,,,no
qilin,Kling Automaten,DE,Retail & E-Commerce,2026-08-27,http://ijzn3sicrcy7guixkzjkib4ukbiilwc3xhnmby4mcbccnsd7j2rekvqd.onion/site/blog?uuid=53842717-9218-4879-bfe2-2a902c5969d6,listed,,,,published,http://ijzn3sicrcy7guixkzjkib4ukbiilwc3xhnmby4mcbccnsd7j2rekvqd.onion,yes
qilin,Dotlines,SG,Technology,2026-08-27,http://ijzn3sicrcy7guixkzjkib4ukbiilwc3xhnmby4mcbccnsd7j2rekvqd.onion/site/blog?uuid=87f7f4ad-285e-46b8-9a42-afc956fccac7,listed,,,,published,http://ijzn3sicrcy7guixkzjkib4ukbiilwc3xhnmby4mcbccnsd7j2rekvqd.onion,yes
emperador,Ipro.com(revealdata.com) customer DB + full database backup,,Technology,2026-08-27,/post/iprocomrevealdatacom-customer-db-full-database-backup/,listed,,83.4 MB,2,published,http://emprdr4p7iwlhpky33tswt3k2qdeljyjcdpoysabudmmrz4z32laexad.onion,yes
incransom,Rohloff Group,ZA,Manufacturing,2026-08-27,http://incblog6qu4y4mm4zvw5nrmue6qbwtgjsxpw6b7ixzssu36tsajldoad.onion/blog/disclosures/6a9045299cd108bf26c2734d,listed,,,,,,no
akira,Cetylite,US,Manufacturing,2026-08-27,http://akiral2iz6a7qgd3ayp3l6yub7xx2uep76idk3u2kollpj5z3z636bad.onion,listed,,,,,,no
akira,CGP MEP,,Other,2026-08-27,http://akiral2iz6a7qgd3ayp3l6yub7xx2uep76idk3u2kollpj5z3z636bad.onion,listed,,,,,,no
akira,Seabrook Island,US,Hospitality,2026-08-27,http://akiral2iz6a7qgd3ayp3l6yub7xx2uep76idk3u2kollpj5z3z636bad.onion,listed,,,,,,no
incransom,Ruby Seven Studios,US,Technology,2026-08-27,http://incblog6qu4y4mm4zvw5nrmue6qbwtgjsxpw6b7ixzssu36tsajldoad.onion/blog/disclosures/6a9032e29cd108bf26c1044a,listed,,,,,,no
qilin,GPS Grothkopp und Partner,DE,Professional Services,2026-08-27,http://ijzn3sicrcy7guixkzjkib4ukbiilwc3xhnmby4mcbccnsd7j2rekvqd.onion/site/blog?uuid=c7521025-9199-4fb7-90ee-525c06e05792,listed,,,,countdown,http://ijzn3sicrcy7guixkzjkib4ukbiilwc3xhnmby4mcbccnsd7j2rekvqd.onion,yes
lockbit5,theheartcenterofmemphis.com,US,Healthcare,2026-08-27,http://lockbitapt67g6rwzjbcxnww5efpg4qok6vpfeth7wx3okj52ks4wtad.onion/post/b07710eb7e7b56e40014af0a398c606b,listed,,,,,,no
lockbit5,dece.cz,CZ,Technology,2026-08-27,http://lockbitapt67g6rwzjbcxnww5efpg4qok6vpfeth7wx3okj52ks4wtad.onion/post/d2716fc1a7663145decd5bf3cba4b71a,listed,,,,,,no
lockbit5,takt.be,BE,Technology,2026-08-27,http://lockbitapt67g6rwzjbcxnww5efpg4qok6vpfeth7wx3okj52ks4wtad.onion/post/089532051352ddbc3b27c893e0740350,listed,,,,,,no
qilin,Providence Investments,US,Financial Services,2026-08-27,http://ijzn3sicrcy7guixkzjkib4ukbiilwc3xhnmby4mcbccnsd7j2rekvqd.onion/site/blog?uuid=dd0f8be9-ac24-420c-80ec-d928241b7a66,listed,,,,listed,http://ijzn3sicrcy7guixkzjkib4ukbiilwc3xhnmby4mcbccnsd7j2rekvqd.onion,yes
qilin,LGG Advisors,GB,Professional Services,2026-08-27,http://ijzn3sicrcy7guixkzjkib4ukbiilwc3xhnmby4mcbccnsd7j2rekvqd.onion/site/blog?uuid=d741e592-139a-4048-95c3-ad4498fc54a2,listed,,,,listed,http://ijzn3sicrcy7guixkzjkib4ukbiilwc3xhnmby4mcbccnsd7j2rekvqd.onion,yes
qilin,Open Sports,AR,Retail & E-Commerce,2026-08-27,http://ijzn3sicrcy7guixkzjkib4ukbiilwc3xhnmby4mcbccnsd7j2rekvqd.onion/site/blog?uuid=f47c0dbd-4012-4282-905e-bd9ed4427463,listed,,,,listed,http://ijzn3sicrcy7guixkzjkib4ukbiilwc3xhnmby4mcbccnsd7j2rekvqd.onion,yes
auditteam,PI***al,CO,Financial Services,2026-08-27,http://6tdqqaxftvradka5d2frzgwixis7fmro7rfh4ettzcx7jfapkebe6jad.onion/entity/6B55D91EA16DCB48,listed,,,,listed,http://6tdqqaxftvradka5d2frzgwixis7fmro7rfh4ettzcx7jfapkebe6jad.onion,yes
qilin,DAB Investments,GB,Financial Services,2026-08-27,http://ijzn3sicrcy7guixkzjkib4ukbiilwc3xhnmby4mcbccnsd7j2rekvqd.onion/site/blog?uuid=bbfd0a40-ca67-4852-9ba4-4857e21402ff,listed,,,,listed,http://ijzn3sicrcy7guixkzjkib4ukbiilwc3xhnmby4mcbccnsd7j2rekvqd.onion,yes
qilin,Displaydata,GB,Technology,2026-08-27,http://ijzn3sicrcy7guixkzjkib4ukbiilwc3xhnmby4mcbccnsd7j2rekvqd.onion/site/blog?uuid=b023a9b8-01ac-4305-8c15-a37fe44350ab,listed,,,23823,listed,http://ijzn3sicrcy7guixkzjkib4ukbiilwc3xhnmby4mcbccnsd7j2rekvqd.onion,yes
aurora,SCA Logistik & Fulfillment GmbH,DE,Transportation,2026-08-27,http://u6lieui2dakbctcjea2bz4r4q32r7t36nwljovqbv7mxs6o2smgxixid.onion/blog/sca-logistik-fulfillment-gmbh-7e254e19,listed,,,,,,no
emperador,Capitol Mechanics,US,Transportation,2026-08-27,/post/capitol-mechanics/,listed,,120.9 MB,3,listed,http://emprdr4p7iwlhpky33tswt3k2qdeljyjcdpoysabudmmrz4z32laexad.onion,yes
medusalocker,Jgsee,TH,,2026-08-27,http://t33zoj4qwv455fog7qnb2azi5xcdxkixughmmduzbw2rtdgryqfbh6id.onion/company/baiawah/,listed,,,,,,no
medusalocker,Servifruit,MX,Agriculture and Food Production,2026-08-27,http://t33zoj4qwv455fog7qnb2azi5xcdxkixughmmduzbw2rtdgryqfbh6id.onion/company/baoalah/,listed,,,,,,no
medusalocker,Hungry Lion,GH,Retail & E-Commerce,2026-08-27,http://t33zoj4qwv455fog7qnb2azi5xcdxkixughmmduzbw2rtdgryqfbh6id.onion/company/bajaqah/,listed,,,,,,no
medusalocker,Qualisteel,,Manufacturing,2026-08-27,http://t33zoj4qwv455fog7qnb2azi5xcdxkixughmmduzbw2rtdgryqfbh6id.onion/company/baoagah/,listed,,,,,,no
medusalocker,Health,AU,Healthcare,2026-08-27,http://t33zoj4qwv455fog7qnb2azi5xcdxkixughmmduzbw2rtdgryqfbh6id.onion/company/banazah/,listed,,,,,,no
silentransomgroup,Q... E...,,,2026-08-26,https://business-data-leaks.com/about#1c1fd5d5e34b2a265fdf33b2c,listed,,,,,,no
silentransomgroup,N... M...,,,2026-08-26,https://business-data-leaks.com/about#eef84ef18b2b6e000d1d8ccdd,listed,,,,,,no
silentransomgroup,S... P...,,,2026-08-26,https://business-data-leaks.com/about#68625315da88423024226ea38,listed,,,,,,no
silentransomgroup,K... M...,,,2026-08-26,https://business-data-leaks.com/about#7a2ea5c7ad685f89f4bc82ce1,listed,,,,,,no
silentransomgroup,H... K...,,,2026-08-26,https://business-data-leaks.com/about#42e54ef65d5462a5ced8f5c42,listed,,,,,,no
silentransomgroup,H... L...,,,2026-08-26,https://business-data-leaks.com/about#6286da7d06015dcc8a14f8e2b,listed,,,,,,no
silentransomgroup,C... O...,,,2026-08-26,https://business-data-leaks.com/about#a41856b5da98f584ecaa32728,listed,,,,,,no
pear,"NEXT LEVEL MEDICAL, LLC",US,Healthcare,2026-08-26,http://pearsmob5sn44ismokiusuld34pnfwi6ctgin3qbvonpoob4lh3rmtqd.onion/Companies/nextlevelurgentcare,listed,,3 Tb,,published,http://peargxn3oki34c4savcbcfqofjjwjnnyrlrbszfv6ujlx36mhrh57did.onion,yes
iah6477,proampac,US,Manufacturing,2026-08-26,http://iah6477wcvisc45wl54u524fbrh4dnmtcctpg2fpe5epf3jbpkiwu4qd.onion/a/proampac/,listed,,745.3 GiB,,countdown,http://iah6477wcvisc45wl54u524fbrh4dnmtcctpg2fpe5epf3jbpkiwu4qd.onion,yes
silentransomgroup,A...,,,2026-08-26,https://business-data-leaks.com/about#0af2abfdeeed7d15af067c2fb,listed,,,,,,no
iah6477,mat-holdings-inc,US,Manufacturing,2026-08-26,http://iah6477wcvisc45wl54u524fbrh4dnmtcctpg2fpe5epf3jbpkiwu4qd.onion/a/mat-holdings-inc/,listed,,148.2 GiB,346575,published,http://iah6477wcvisc45wl54u524fbrh4dnmtcctpg2fpe5epf3jbpkiwu4qd.onion,yes
qilin,Sanatorio Modelo de Caseros,AR,Healthcare,2026-08-26,http://ijzn3sicrcy7guixkzjkib4ukbiilwc3xhnmby4mcbccnsd7j2rekvqd.onion/site/blog?uuid=a367490f-d9fa-4df8-b65e-4eac8955ed12,listed,,,,published,http://ijzn3sicrcy7guixkzjkib4ukbiilwc3xhnmby4mcbccnsd7j2rekvqd.onion,yes
qilin,KenEp Resources,MY,Energy & Utilities,2026-08-26,http://ijzn3sicrcy7guixkzjkib4ukbiilwc3xhnmby4mcbccnsd7j2rekvqd.onion/site/blog?uuid=6c38b5e8-23c9-4fe7-973c-fb814e146598,listed,,,,published,http://ijzn3sicrcy7guixkzjkib4ukbiilwc3xhnmby4mcbccnsd7j2rekvqd.onion,yes
krybit,finodayacapital.com,,Financial Services,2026-08-26,http://krybitqsdzwmhnitvwuhvsntfgf2wrhxveyxroxpc44c6gkft2cqldyd.onion/blog/73eda7275091c9d7610892dec8a950cc2d802ecfdcea60159ccd3626670d9cca/,listed,,,,,,no
krybit,cgcgabon.com,GA,Other,2026-08-26,http://krybitqsdzwmhnitvwuhvsntfgf2wrhxveyxroxpc44c6gkft2cqldyd.onion/blog/c7a8e54a51c1cf81faa31c09f0afab6fe8f10012619a6eb51ee41d92139166a7/,listed,,,,,,no
krybit,karkinos.in,IN,Healthcare,2026-08-26,http://krybitqsdzwmhnitvwuhvsntfgf2wrhxveyxroxpc44c6gkft2cqldyd.onion/blog/39d9ff3077a7e81c796802af473ee7c13e6d3bf1a34349b9a13471f4b47fc9db/,listed,,,,,,no
krybit,ferretornillos.gt,GT,Agriculture and Food Production,2026-08-26,http://krybitqsdzwmhnitvwuhvsntfgf2wrhxveyxroxpc44c6gkft2cqldyd.onion/blog/002fee6e466f576a6d48f9b578365c2dd33f65b3bb35d16316b298900dd8b26b/,listed,,,,,,no
krybit,www.sankovn.com,VN,,2026-08-26,http://krybitqsdzwmhnitvwuhvsntfgf2wrhxveyxroxpc44c6gkft2cqldyd.onion/blog/39b0ed79c320a1362ad3236ddb94ab546b9a18ed7576cc54e4308dd2402cf6e2/,listed,,,,,,no
thegentlemen,Party Rental,GB,Hospitality,2026-08-26,http://i2ohjeeqe37jre4f2u7pyq73cbm6lecumdxapkvrlryna6rc3it4zsid.onion,listed,,,,,,no
thegentlemen,TEC Container,BR,Manufacturing,2026-08-26,http://i2ohjeeqe37jre4f2u7pyq73cbm6lecumdxapkvrlryna6rc3it4zsid.onion,listed,,,,,,no
thegentlemen,Verbux,DE,,2026-08-26,http://i2ohjeeqe37jre4f2u7pyq73cbm6lecumdxapkvrlryna6rc3it4zsid.onion,listed,,,,,,no
thegentlemen,Espinos,MX,Other,2026-08-26,http://i2ohjeeqe37jre4f2u7pyq73cbm6lecumdxapkvrlryna6rc3it4zsid.onion,listed,,,,,,no
thegentlemen,Incolur,CL,Other,2026-08-26,http://i2ohjeeqe37jre4f2u7pyq73cbm6lecumdxapkvrlryna6rc3it4zsid.onion,listed,,,,,,no
krybit,www.neooftalmo.com.br,BR,Healthcare,2026-08-26,http://krybitx3fh5krdnhegyp2ob3lhizsaiadturtio3ginf7it5gsdgu2yd.onion/blog/4b72823357eb26a73b059f6030eb9aeffe8ab73756f1e4ea50e2581ace156f49/,listed,,,,,,no
krybit,lemonfarm.com,,Agriculture and Food Production,2026-08-26,http://krybitx3fh5krdnhegyp2ob3lhizsaiadturtio3ginf7it5gsdgu2yd.onion/blog/636b3338cfa6d08872c31304c45c383971e7705648e43cc2e004c6ccfcc92d18/,listed,,,,,,no
krybit,wmiemporium.com,US,Retail & E-Commerce,2026-08-26,http://krybitx3fh5krdnhegyp2ob3lhizsaiadturtio3ginf7it5gsdgu2yd.onion/blog/e02fe92fe096338b17d746358727c7f8c6cb98b87dd501fc748ffca29ab58884/,listed,,,,,,no
krybit,mimafoods.net,,Agriculture and Food Production,2026-08-26,http://krybitxdpxohsmjooeb3gbgpmdddreh6mnflzac6bnezz74b7yje67yd.onion/blog/635ce28baae8183bfa21b23d8ae8c2706d6b628c0273373b801ec70eb871a2b3/,listed,,,,,,no
krybit,sysconth.com,BR,Technology,2026-08-26,http://krybitqsdzwmhnitvwuhvsntfgf2wrhxveyxroxpc44c6gkft2cqldyd.onion/blog/f9b703dd490fb677614bd2dd48715289ae7f8811e239d5c97a8caab9b4dd7396/,listed,,,,,,no
krybit,jindallifescience.com,IN,Healthcare,2026-08-26,http://krybitqsdzwmhnitvwuhvsntfgf2wrhxveyxroxpc44c6gkft2cqldyd.onion/blog/79296199a4f112d4be2996b7f1f7288fa0a02db21fd752c9ccc203e7c6bd4162/,listed,,,,,,no
krybit,vascara.com,BR,Retail & E-Commerce,2026-08-26,http://krybitqsdzwmhnitvwuhvsntfgf2wrhxveyxroxpc44c6gkft2cqldyd.onion/blog/3455587bd83dc1208ce17d662972ee350216ecdf624c956e6c96050fee82a060/,listed,,,,,,no
eclipse,Simplex Engineering,IN,Manufacturing,2026-08-26,http://eclipse4g5kxfwsvpu4qx5sdcnrji6gxl5gt67bucjlgt35g7akvjoid.onion/place/4y0eajbl7t5uvwui/,listed,,,,,,no
auditteam,Demidov Steel Group,RU,Manufacturing,2026-08-26,http://6tdqqaxftvradka5d2frzgwixis7fmro7rfh4ettzcx7jfapkebe6jad.onion/entity/C1C23C2621D1D387,listed,,,,published,http://6tdqqaxftvradka5d2frzgwixis7fmro7rfh4ettzcx7jfapkebe6jad.onion,yes
akira,Gill Rock Drill,,Manufacturing,2026-08-26,http://akiral2iz6a7qgd3ayp3l6yub7xx2uep76idk3u2kollpj5z3z636bad.onion,listed,,,,,,no
akira,Oral and Maxillofacial Surgery,,Healthcare,2026-08-26,http://akiral2iz6a7qgd3ayp3l6yub7xx2uep76idk3u2kollpj5z3z636bad.onion,listed,,,,,,no
akira,PA-ID,,,2026-08-26,http://akiral2iz6a7qgd3ayp3l6yub7xx2uep76idk3u2kollpj5z3z636bad.onion,listed,,,,,,no
qilin,Metal Conversions,GB,Manufacturing,2026-08-26,http://ijzn3sicrcy7guixkzjkib4ukbiilwc3xhnmby4mcbccnsd7j2rekvqd.onion/site/blog?uuid=857e639e-329d-4ba8-919e-44a56704733a,listed,,,,,,no
qilin,California Truck Equipment,US,Transportation,2026-08-26,http://ijzn3sicrcy7guixkzjkib4ukbiilwc3xhnmby4mcbccnsd7j2rekvqd.onion/site/blog?uuid=788a7784-f1c2-48d4-beae-bcdbf5973de0,listed,,,,,,no
qilin,Northern Leasing Systems,CA,Financial Services,2026-08-26,http://ijzn3sicrcy7guixkzjkib4ukbiilwc3xhnmby4mcbccnsd7j2rekvqd.onion/site/blog?uuid=e13f61eb-797d-4e92-8cee-fa04c7093c9e,listed,,,,,,no
qilin,Integrex RCM,US,Professional Services,2026-08-26,http://ijzn3sicrcy7guixkzjkib4ukbiilwc3xhnmby4mcbccnsd7j2rekvqd.onion/site/blog?uuid=b672e3d0-fb2b-4cdb-9f7e-dfb52bcf9aea,listed,,,,,,no
qilin,ATF,US,Government & Defense,2026-08-26,http://ijzn3sicrcy7guixkzjkib4ukbiilwc3xhnmby4mcbccnsd7j2rekvqd.onion/site/blog?uuid=a661af42-3110-4893-bd9f-2e8a29190dc9,listed,,,,,,no
qilin,WireCo,US,Manufacturing,2026-08-26,http://ijzn3sicrcy7guixkzjkib4ukbiilwc3xhnmby4mcbccnsd7j2rekvqd.onion/site/blog?uuid=9462bcb7-b908-424f-b0c4-8e7c4a075eb4,listed,,,,,,no
aurora,ERPIS LLC,,Professional Services,2026-08-26,http://u6lieui2dakbctcjea2bz4r4q32r7t36nwljovqbv7mxs6o2smgxixid.onion/blog/erpis-llc-bb485230,listed,,,,,,no
abyss,MEMSIC,US,Manufacturing,2026-08-26,http://3ev4metjirohtdpshsqlkrqcmxq6zu3d7obrdhglpy5jpbr7whmlfgqd.onion,listed,,,,published,http://3ev4metjirohtdpshsqlkrqcmxq6zu3d7obrdhglpy5jpbr7whmlfgqd.onion,yes
ailock,Morgan Services,GB,Professional Services,2026-08-26,http://dhnsppqjaaa22lsqxl2tfhji4ca43743kubltnodvsft3hkvai77p6ad.onion,listed,,477Gb uncompressed data,,countdown,http://dhnsppqjaaa22lsqxl2tfhji4ca43743kubltnodvsft3hkvai77p6ad.onion,yes
ailock,Hamilton,US,Other,2026-08-26,http://dhnsppqjaaa22lsqxl2tfhji4ca43743kubltnodvsft3hkvai77p6ad.onion,listed,,40Tb uncompressed data,,countdown,http://dhnsppqjaaa22lsqxl2tfhji4ca43743kubltnodvsft3hkvai77p6ad.onion,yes
qilin,Air International Thermal Systems,GB,Manufacturing,2026-08-26,http://ijzn3sicrcy7guixkzjkib4ukbiilwc3xhnmby4mcbccnsd7j2rekvqd.onion/site/blog?uuid=8f547a67-d984-4212-bfb2-ac38b169df36,listed,,,,,,no
orova,Central Florida Civil LLC,US,Professional Services,2026-08-25,http://maa2yprc5pldyr5hjn246hw7i66wdhglnostqgqkcbuh4vyyeos4xxyd.onion/rhlzgdchtrxoanafsk/,listed,,,,,,no
orova,"Arich Enterprise Co., Ltd.",TW,Other,2026-08-25,http://maa2yprc5pldyr5hjn246hw7i66wdhglnostqgqkcbuh4vyyeos4xxyd.onion/yadmxkgxqhsjxrvylx/,listed,,,,,,no
orova,Bai-chi CPA Firm,TW,Professional Services,2026-08-25,http://maa2yprc5pldyr5hjn246hw7i66wdhglnostqgqkcbuh4vyyeos4xxyd.onion/jseeqqmmnmrrmdrjdp/,listed,,,,,,no
qilin,Brazosport College,US,Education,2026-08-25,http://ijzn3sicrcy7guixkzjkib4ukbiilwc3xhnmby4mcbccnsd7j2rekvqd.onion/site/blog?uuid=f9fc3799-af50-49d0-86b2-1fae5094aa91,listed,,,,,,no
auditteam,ma***up,RU,,2026-08-25,http://6tdqqaxftvradka5d2frzgwixis7fmro7rfh4ettzcx7jfapkebe6jad.onion/entity/17E19C9B6B41D33F,listed,,,,listed,http://6tdqqaxftvradka5d2frzgwixis7fmro7rfh4ettzcx7jfapkebe6jad.onion,yes
safepay,industry.airliquide.kr,KR,Manufacturing,2026-08-25,http://safepaypfxntwixwjrlcscft433ggemlhgkkdupi2ynhtcmvdgubmoyd.onion/blog/post/industryairliquidekr/,listed,,,,,,no
chaos,parkderochie.com,NL,Other,2026-08-25,http://hptqq2o2qjva7lcaaq67w36jihzivkaitkexorauw7b2yul2z6zozpqd.onion/post/BrCvLMvN3dvI4pQ09PPTXcUiv8IhkOOJ,listed,,,,,,no
chaos,mswalker.com,US,Professional Services,2026-08-25,http://hptqq2o2qjva7lcaaq67w36jihzivkaitkexorauw7b2yul2z6zozpqd.onion/post/P59trLgiyhDHkPQY7RaQtsRxbtuwI281,listed,,,,,,no
chaos,copcp.com,CN,,2026-08-25,http://hptqq2o2qjva7lcaaq67w36jihzivkaitkexorauw7b2yul2z6zozpqd.onion/post/VLoLPe9QDoQIEQqpmb5fCqH9crYrnKOA,listed,,,,,,no
qilin,SC PaderTeG Cabluri Electrice,RO,Manufacturing,2026-08-25,http://ijzn3sicrcy7guixkzjkib4ukbiilwc3xhnmby4mcbccnsd7j2rekvqd.onion/site/blog?uuid=67b118f1-0db6-4685-95b4-8dcd8bff0d5d,listed,,,,,,no
direwolf,National Kidney Registry,US,Healthcare,2026-08-25,http://direwolfcdkv5whaz2spehizdg22jsuf5aeje4asmetpbt6ri4jnd4qd.onion/api/public/articles/111,delisted,2026-08-30,,,,,no
direwolf,Studio Legale ESE,IT,Professional Services,2026-08-25,http://direwolfcdkv5whaz2spehizdg22jsuf5aeje4asmetpbt6ri4jnd4qd.onion/api/public/articles/112,listed,,420GB,,countdown,http://direwolfcdkv5whaz2spehizdg22jsuf5aeje4asmetpbt6ri4jnd4qd.onion,yes
global secret group,Tiseo Paving,US,Transportation,2026-08-25,http://o5lsqyar7ox25z734k6zaxt2vf7bsyi4q5rturi5iyxzqo3ica7bjsad.onion/project/Rb2qPykYvPvurucj/,listed,,457 GB,83932,listed,http://o5lsqyar7ox25z734k6zaxt2vf7bsyi4q5rturi5iyxzqo3ica7bjsad.onion,yes
global secret group,Johnson City Honda,US,Retail & E-Commerce,2026-08-25,http://o5lsqyar7ox25z734k6zaxt2vf7bsyi4q5rturi5iyxzqo3ica7bjsad.onion/project/AUm9jjHmLf3JmpdJ/,listed,,32.9 GB,34277,listed,http://o5lsqyar7ox25z734k6zaxt2vf7bsyi4q5rturi5iyxzqo3ica7bjsad.onion,yes
global secret group,"Lockheed Architectural Solutions, Inc.",US,Government & Defense,2026-08-25,http://o5lsqyar7ox25z734k6zaxt2vf7bsyi4q5rturi5iyxzqo3ica7bjsad.onion/project/GjZTZjKjC69Si2Bp/,listed,,1.3 TB,558462,listed,http://o5lsqyar7ox25z734k6zaxt2vf7bsyi4q5rturi5iyxzqo3ica7bjsad.onion,yes
shadowbyt3$,Sinar Mas Agribusiness and Food Golden Agri-Resources),ID,Agriculture and Food Production,2026-08-25,https://transfer.it/t/XMX4214zCJrb,listed,,,,,,no
shadowbyt3$,A-Plus Software Limited,GB,Technology,2026-08-25,https://transfer.it/t/Ek7m9dkzhZ6Y,listed,,,,,,no
shadowbyt3$,Knottingham Trent University,GB,Education,2026-08-25,https://transfer.it/t/dqbRpEkBmbxB,listed,,,,,,no
genesis,S*******,,,2026-08-25,http://genesis6ixpb5mcy4kudybtw5op2wqlrkocfogbnenz3c647ibqixiad.onion/44dfaf172b7515dc1e80/,listed,,,,published,http://genesis6ixpb5mcy4kudybtw5op2wqlrkocfogbnenz3c647ibqixiad.onion,yes
kazu,Redacted,,,2026-08-25,http://6czlbd2jfiy6765fbnbnzuwuqocg57ebvp3tbm35kib425k4qnmiiiqd.onion,listed,,,,,,no
akira,WINTER Ingenieure,DE,Manufacturing,2026-08-25,http://akiral2iz6a7qgd3ayp3l6yub7xx2uep76idk3u2kollpj5z3z636bad.onion,listed,,,,,,no
qilin,STRUCTURED SETTLEMENT CAPITAL LLC,US,Financial Services,2026-08-25,http://ijzn3sicrcy7guixkzjkib4ukbiilwc3xhnmby4mcbccnsd7j2rekvqd.onion/site/blog?uuid=355e0d6d-19fd-4e02-9f70-da6666795de4,listed,,,,,,no
akira,Davis & Ferber,,Professional Services,2026-08-25,http://akiral2iz6a7qgd3ayp3l6yub7xx2uep76idk3u2kollpj5z3z636bad.onion,listed,,,,,,no
qilin,AGROLAND S.A.,RO,Agriculture and Food Production,2026-08-25,http://ijzn3sicrcy7guixkzjkib4ukbiilwc3xhnmby4mcbccnsd7j2rekvqd.onion/site/blog?uuid=5e373bb8-3007-4974-b346-3c9f49b365ea,listed,,,,,,no
dark project,Pump Engineering Company,US,Manufacturing,2026-08-25,http://darkprn3d3udnhpuxknsrhft3376lrz5tenhgkrxge5hxqe46pkbrwid.onion/article?slug=pump-engineering-company,listed,,,,,,no
majinahanashi,PCA Group Sdn. Bhd.,MY,Other,2026-08-25,,listed,,,,,,no
dark project,"Dentist in New Britain, CT",US,Healthcare,2026-08-25,http://darkprn3d3udnhpuxknsrhft3376lrz5tenhgkrxge5hxqe46pkbrwid.onion/article?slug=dentist-in-new-britain-ct,listed,,,,,,no
beast,Cosmon,US,Technology,2026-08-25,http://beast6azu4f7fxjakiayhnssybibsgjnmy77a6duufqw5afjzfjhzuqd.onion/card/cosmon,listed,,2TB,,listed,http://beast6azu4f7fxjakiayhnssybibsgjnmy77a6duufqw5afjzfjhzuqd.onion,yes
qilin,Consultores de Seguros,,Financial Services,2026-08-24,http://ijzn3sicrcy7guixkzjkib4ukbiilwc3xhnmby4mcbccnsd7j2rekvqd.onion/site/blog?uuid=3d339ba7-a05c-4817-aea1-650ff6ea3a3f,listed,,,,,,no
deadlock,"SHAHEEN LAW GROUP PLC - Richmond, Virginia, USA",US,Professional Services,2026-08-24,,listed,,,,,,no
deadlock,FBC,ZA,,2026-08-24,,listed,,,1,countdown,http://deadblogdbdu5wprek7wa2o4ce7rnt6u6ntqeud3hzjjcveosgpsqqqd.onion,yes
safepay,lagegepesca.it,IT,Agriculture and Food Production,2026-08-24,http://safepaypfxntwixwjrlcscft433ggemlhgkkdupi2ynhtcmvdgubmoyd.onion/blog/post/lagegepescait/,listed,,,,published,http://safepaypfxntwixwjrlcscft433ggemlhgkkdupi2ynhtcmvdgubmoyd.onion,yes
dark project,The Liberty Group,US,,2026-08-24,http://darkprn3d3udnhpuxknsrhft3376lrz5tenhgkrxge5hxqe46pkbrwid.onion/article?slug=the-liberty-group,listed,,,,,,no
dark project,"Jones, Little & Co., CPAs, LLP",US,Professional Services,2026-08-24,http://darkprn3d3udnhpuxknsrhft3376lrz5tenhgkrxge5hxqe46pkbrwid.onion/article?slug=jones-little-co,listed,,,,,,no
dark project,"Design-Aire Engineering, INC",US,Manufacturing,2026-08-24,http://darkprn3d3udnhpuxknsrhft3376lrz5tenhgkrxge5hxqe46pkbrwid.onion/article?slug=design-aire-engineering-inc,listed,,,,,,no
dark project,Furnished Quarters,US,Hospitality,2026-08-24,http://darkprn3d3udnhpuxknsrhft3376lrz5tenhgkrxge5hxqe46pkbrwid.onion/article?slug=furnished-quarters,listed,,,,,,no
dragonforce,Frato,BR,Other,2026-08-24,http://z3wqggtxft7id3ibr7srivv5gjof5fwg76slewnzwwakjuf3nlhukdid.onion/blog/?post_uuid=0c6530da-dedd-4f1f-805f-c4c7eb9e6d1a,listed,,,,,,no
dragonforce,Criba,AR,Technology,2026-08-24,http://z3wqggtxft7id3ibr7srivv5gjof5fwg76slewnzwwakjuf3nlhukdid.onion/blog/?post_uuid=5cf8c483-41c0-4da7-800e-fcdbe6a0819b,listed,,,,,,no
incransom,FFKR Architects,US,Professional Services,2026-08-24,http://incblog6qu4y4mm4zvw5nrmue6qbwtgjsxpw6b7ixzssu36tsajldoad.onion/blog/disclosures/6a8c64f19cd108bf26556ed5,listed,,,,,,no
dragonforce,Brookview Financial,CA,Financial Services,2026-08-24,http://z3wqggtxft7id3ibr7srivv5gjof5fwg76slewnzwwakjuf3nlhukdid.onion/blog/?post_uuid=65fa9687-26ec-41c7-8aca-7bc0b1d62c51,listed,,,,,,no
dragonforce,Wozair,AE,Other,2026-08-24,http://z3wqggtxft7id3ibr7srivv5gjof5fwg76slewnzwwakjuf3nlhukdid.onion/blog/?post_uuid=6e06069d-69f2-44e1-8a0d-306d487cc8cd,listed,,,,,,no
akira,Bihl,DE,Other,2026-08-24,http://akiral2iz6a7qgd3ayp3l6yub7xx2uep76idk3u2kollpj5z3z636bad.onion,listed,,,,,,no
booba project,Davroc,GB,Technology,2026-08-24,,listed,,,,,,no
booba project,Chernyy & Associates,RU,Professional Services,2026-08-24,,listed,,,,,,no
arcusmedia,ManagementPro,,Professional Services,2026-08-24,http://arcuufpr5xxbbkin4mlidt7itmr6znlppk63jbtkeguuhszmc5g7qdyd.onion/?p=793,listed,,,,published,http://arcuufpr5xxbbkin4mlidt7itmr6znlppk63jbtkeguuhszmc5g7qdyd.onion,yes
arcusmedia,Mark’Techno,,Technology,2026-08-24,http://arcuufpr5xxbbkin4mlidt7itmr6znlppk63jbtkeguuhszmc5g7qdyd.onion/?p=792,listed,,,,published,http://arcuufpr5xxbbkin4mlidt7itmr6znlppk63jbtkeguuhszmc5g7qdyd.onion,yes
panzer,Government of Vojvodina,RS,Government & Defense,2026-08-24,http://pnzruro7syvwvefx5mpo2fhzi4jftgquynsqf3vy5x3no57yp2iz4nyd.onion/company/government-of-vojvodina,listed,,,,,,no
qilin,Coldfish Seafood,CA,Agriculture and Food Production,2026-08-24,http://ijzn3sicrcy7guixkzjkib4ukbiilwc3xhnmby4mcbccnsd7j2rekvqd.onion/site/blog?uuid=cbcc63b7-5003-454b-a04f-47906c90802a,listed,,,,,,no
blackwater,www.ptesm.com,PT,,2026-08-24,http://ejzl7cjxmkx7lzhiqwidmrwtfjv45pkczbc4fnyaut3t7gll3yaiq5id.onion/blog?uuid=340ec8c9-e611-3e1f-a055-94c473d09c50,listed,,,,,,no
beast,Meridian Forest Services,CA,Agriculture and Food Production,2026-08-24,http://beast6azu4f7fxjakiayhnssybibsgjnmy77a6duufqw5afjzfjhzuqd.onion/card/meridian_forest_services,listed,,,,,,no
booba project,Country-Wide Insurance,US,Financial Services,2026-08-24,,listed,,,,,,no
booba project,Federis Abogados,MX,Professional Services,2026-08-24,,listed,,,,,,no
panzer,Senvibe,,Technology,2026-08-24,http://pnzruro7syvwvefx5mpo2fhzi4jftgquynsqf3vy5x3no57yp2iz4nyd.onion/company/senvibe,listed,,,,,,no
qilin,A&E + SMA Design,AE,Professional Services,2026-08-24,http://ijzn3sicrcy7guixkzjkib4ukbiilwc3xhnmby4mcbccnsd7j2rekvqd.onion/site/blog?uuid=a856aee8-ed3d-46cd-9bb3-4927bb0fc8d2,listed,,,,,,no
storm,Sharp Motor Group,AU,Transportation,2026-08-24,http://yqhecvqtdvq6p7duqcgw2qca77spbgakxcoibtx6zpvfshltsbbbhfqd.onion/company/6a8aef68bcb899d105729a10,listed,,,,,,no
storm,City of Mitchell,US,Government & Defense,2026-08-24,http://yqhecvqtdvq6p7duqcgw2qca77spbgakxcoibtx6zpvfshltsbbbhfqd.onion/company/6a8b50f6bcb899d105729a11,listed,,,,,,no
krybit,resi.com,DE,Retail & E-Commerce,2026-08-24,http://krybitqsdzwmhnitvwuhvsntfgf2wrhxveyxroxpc44c6gkft2cqldyd.onion/blog/94e954f9fa4095799dede0c689e6d6b51ddddaff16d44b75cf49ba265dc3a79a/,listed,,,,,,no
genesis,Hospitality Health ER (Longview),US,Healthcare,2026-08-23,http://genesis6ixpb5mcy4kudybtw5op2wqlrkocfogbnenz3c647ibqixiad.onion/9e19757b54df85888c12/,listed,,,,published,http://genesis6ixpb5mcy4kudybtw5op2wqlrkocfogbnenz3c647ibqixiad.onion,yes
coinbasecartel,Westwing Group SE,DE,Retail & E-Commerce,2026-08-23,http://fjg4zi4opkxkvdz7mvwp7h6goe4tcby3hhkrz43pht4j3vakhy75znyd.onion/companies/westwing-2,listed,,,,,,no
shinyhunters,"CyrusOne, LLC.",US,Technology,2026-08-23,http://shnyhntww34phqoa6dcgnvps2yu7dlwzmy5lkvejwjdo6z7bmgshzayd.onion,listed,,,,,,no
qilin,S.E.M.P. s.r.l.,IT,Manufacturing,2026-08-23,http://ijzn3sicrcy7guixkzjkib4ukbiilwc3xhnmby4mcbccnsd7j2rekvqd.onion/site/blog?uuid=8324d05a-396f-4f6f-8364-6458f90564f5,listed,,,,,,no
lockbit5,adt.com,US,Professional Services,2026-08-23,http://lockbitapt67g6rwzjbcxnww5efpg4qok6vpfeth7wx3okj52ks4wtad.onion/post/7548bc0cc36f548dd1ea08ab886b3c22,listed,,,,,,no
killsec,Global Go,PE,Transportation,2026-08-23,http://ks5424y3wpr5zlug5c7i6svvxweinhbdcqcfnptkfcutrncfazzgz5id.onion/?view=75f4198ee48a,listed,,,,published,http://ks5424y3wpr5zlug5c7i6svvxweinhbdcqcfnptkfcutrncfazzgz5id.onion,yes
qilin,Euroflora srl,IT,Agriculture and Food Production,2026-08-23,http://ijzn3sicrcy7guixkzjkib4ukbiilwc3xhnmby4mcbccnsd7j2rekvqd.onion/site/blog?uuid=d84a7b03-b1cb-4442-998a-29759d96f560,listed,,,,,,no
qilin,Tecnici Associati STP,IT,Other,2026-08-23,http://ijzn3sicrcy7guixkzjkib4ukbiilwc3xhnmby4mcbccnsd7j2rekvqd.onion/site/blog?uuid=605bcb17-be93-4198-b9bd-989d66c1d7e9,listed,,,,,,no
qilin,Studio BOLDRIN PAOLO,IT,Professional Services,2026-08-23,http://ijzn3sicrcy7guixkzjkib4ukbiilwc3xhnmby4mcbccnsd7j2rekvqd.onion/site/blog?uuid=81079a29-ab55-4c4e-a6ce-317fca6ccb5c,listed,,,,,,no
qilin,Aurore Development S.p.A.,IT,Other,2026-08-23,http://ijzn3sicrcy7guixkzjkib4ukbiilwc3xhnmby4mcbccnsd7j2rekvqd.onion/site/blog?uuid=3f4a1190-8da1-4306-9b22-1bf89595987e,listed,,,,,,no
l group,compendiumusa.net,US,Professional Services,2026-08-23,http://4zrjdyuq4sjogm2epwwoleegquavhwo3o7fakstnlgox6guqt3qpe4qd.onion/posts/compendiumusa.net/,listed,,,,,,no
qilin,Clear Align,US,Professional Services,2026-08-23,http://ijzn3sicrcy7guixkzjkib4ukbiilwc3xhnmby4mcbccnsd7j2rekvqd.onion/site/blog?uuid=98f70590-55ac-4fc0-ad26-54d18c01461d,listed,,,,,,no
qilin,Difor,CL,Technology,2026-08-23,http://ijzn3sicrcy7guixkzjkib4ukbiilwc3xhnmby4mcbccnsd7j2rekvqd.onion/site/blog?uuid=3906c9b9-afdc-4de4-ac47-043e4f4ee09b,listed,,,,,,no
qilin,Black Cat Engineering & Construction WLL,QA,Manufacturing,2026-08-23,http://ijzn3sicrcy7guixkzjkib4ukbiilwc3xhnmby4mcbccnsd7j2rekvqd.onion/site/blog?uuid=50ceceec-b5f4-4132-a4d2-4b6d08e3c47b,listed,,,,,,no
emperador,FRUCASTRO SL,ES,Agriculture and Food Production,2026-08-23,/post/frucastro-sl/,listed,,540.1 MB,,listed,http://emprdr4p7iwlhpky33tswt3k2qdeljyjcdpoysabudmmrz4z32laexad.onion,yes
kazu,PappyJoe: Healthcare Management System,US,Healthcare,2026-08-23,http://6czlbd2jfiy6765fbnbnzuwuqocg57ebvp3tbm35kib425k4qnmiiiqd.onion,listed,,,,,,no
kazu,Instituto Ferrero de Neurología y Sueño,AR,Healthcare,2026-08-23,http://6czlbd2jfiy6765fbnbnzuwuqocg57ebvp3tbm35kib425k4qnmiiiqd.onion,listed,,,,,,no
kazu,Brazil Mobilemed: Cloud PACS Platform,BR,Healthcare,2026-08-23,http://6czlbd2jfiy6765fbnbnzuwuqocg57ebvp3tbm35kib425k4qnmiiiqd.onion,listed,,,,,,no
kazu,Canada Yocale: Appointment Management System,CA,Professional Services,2026-08-23,http://6czlbd2jfiy6765fbnbnzuwuqocg57ebvp3tbm35kib425k4qnmiiiqd.onion,listed,,,,,,no
kazu,PawlyClinic: Digital Veterinary Care Platform,US,Healthcare,2026-08-23,http://6czlbd2jfiy6765fbnbnzuwuqocg57ebvp3tbm35kib425k4qnmiiiqd.onion,listed,,,,,,no
kazu,Dr Akbar Niazi Teaching Hospital,PK,Healthcare,2026-08-23,http://6czlbd2jfiy6765fbnbnzuwuqocg57ebvp3tbm35kib425k4qnmiiiqd.onion,listed,,,,,,no
kazu,Centro Médico Especializado OSI: Healthcare Solutions,MX,Healthcare,2026-08-23,http://6czlbd2jfiy6765fbnbnzuwuqocg57ebvp3tbm35kib425k4qnmiiiqd.onion,listed,,,,,,no
kazu,Meducar: Telemedicine and Patient Management System,BR,Healthcare,2026-08-23,http://6czlbd2jfiy6765fbnbnzuwuqocg57ebvp3tbm35kib425k4qnmiiiqd.onion,listed,,,,,,no
kazu,ConsultorioMovil: Telemedicine and Healthcare System,MX,Healthcare,2026-08-23,http://6czlbd2jfiy6765fbnbnzuwuqocg57ebvp3tbm35kib425k4qnmiiiqd.onion,listed,,,,,,no
metaencryptor,Woodlore International Inc.,CA,Other,2026-08-23,https://metacrpttdfpbm4qoxzcrqqgr6e6zafpazgxm72knmujw2mwvi34rwad.onion/0AFC:644c53bedb78989e0beea79eb1af1ff3a6b9c8b7f1830f7d6ac6f327e88ded25/0AFC:30ac6375426b74221904bfbd548b5ce687b16a10752cc712c923986980550a61729386c25785e967d285b5403543b621,listed,,68 Gb,,published,http://metacrpttdfpbm4qoxzcrqqgr6e6zafpazgxm72knmujw2mwvi34rwad.onion,yes
metaencryptor,Trailer Transit Inc,US,Transportation,2026-08-23,https://metacrpttdfpbm4qoxzcrqqgr6e6zafpazgxm72knmujw2mwvi34rwad.onion/0AFC:d767a9ce15f9543dc24fa118136ffcf487e61f367fcf608aa0a18a42fd58dc67/0AFC:f77109731b04e722189f6db5a9f8f826f5b84af4608d19bdf8565ceed22bd92959918e5c9fb4143402db5d545ee7ba48,listed,,8 Gb,,published,http://metacrpttdfpbm4qoxzcrqqgr6e6zafpazgxm72knmujw2mwvi34rwad.onion,yes
metaencryptor,Weber Water Resources,US,Energy & Utilities,2026-08-23,https://metacrpttdfpbm4qoxzcrqqgr6e6zafpazgxm72knmujw2mwvi34rwad.onion/0AFC:3c23cfc8a16ad3c98f0d14eb26ac68e7075cd4b84f3a87f649e441954b5d7b8b/0AFC:ff69a89f01ca638c160b25a8f27f8c2fd334048e1ac77088f7a63630204fe11becb07b43124d47b5c171440da2b3bc93,listed,,38 GB,,published,http://metacrpttdfpbm4qoxzcrqqgr6e6zafpazgxm72knmujw2mwvi34rwad.onion,yes
metaencryptor,MPA Pharma GmbH,DE,Healthcare,2026-08-23,https://metacrpttdfpbm4qoxzcrqqgr6e6zafpazgxm72knmujw2mwvi34rwad.onion/0AFC:a84a63e32fcda270b5ffc2ff794708035c3da8e950597ea08b71c87be2694436/0AFC:5d163147e4a9f437182691d51c7a38d17e30878fa36213c6facd0e05d898afb8,listed,,14 TB,,listed,http://metacrpttdfpbm4qoxzcrqqgr6e6zafpazgxm72knmujw2mwvi34rwad.onion,yes
metaencryptor,Aquamar Inc,US,Agriculture and Food Production,2026-08-23,https://metacrpttdfpbm4qoxzcrqqgr6e6zafpazgxm72knmujw2mwvi34rwad.onion/0AFC:c589737b6ac7c97092ef61865d5d322877ed7b9d8092c74585ac90b46ad06a2d/0AFC:b2bb7035af4c4ca15bd96981b733feb0acecc8301a9ae0d39337c91223270f1c,listed,,540 GB,,published,http://metacrpttdfpbm4qoxzcrqqgr6e6zafpazgxm72knmujw2mwvi34rwad.onion,yes
metaencryptor,Corona Corporation,JP,Other,2026-08-23,https://metacrpttdfpbm4qoxzcrqqgr6e6zafpazgxm72knmujw2mwvi34rwad.onion/0AFC:09dc4c91d8121c0f6a44fd584b4a7a1f/0AFC:e23244d5ca0b6e2c3d7701ad03eb144f9b5be7f720368862a2992c0e4fe2392a,listed,,320 GB,,listed,http://metacrpttdfpbm4qoxzcrqqgr6e6zafpazgxm72knmujw2mwvi34rwad.onion,yes
metaencryptor,FactoryFive,US,Manufacturing,2026-08-23,https://metacrpttdfpbm4qoxzcrqqgr6e6zafpazgxm72knmujw2mwvi34rwad.onion/0AFC:eb3ca37a871d48d32dfe7fa2f6bdcc09/0AFC:0273ec4fd71b366b3ee2779fbf53ac1147e84a31e5a2da90fb5c2e8afd21d07f,listed,,,,,,no
barracuda,Skyline Implants & Periodontics,US,Healthcare,2026-08-23,"http://qr6uopkqxmq254osyct3oibil32xp3qsimkkbqdscsrsb4zqbagnifad.onion/Ferrell,Skyline%20Implants",listed,,,,,,no
barracuda,"Namyang Industrial Co., Ltd.",KR,Manufacturing,2026-08-23,"http://qr6uopkqxmq254osyct3oibil32xp3qsimkkbqdscsrsb4zqbagnifad.onion/NAMYANG,%20nyi.co.kr",listed,,,,,,no
barracuda,Clinical Associates of the Finger Lakes (CAFL),US,Healthcare,2026-08-23,http://darkfoxaqhfpxkrbt7vxns2z2u2k72sgmqbzeorupaiottw3ecm2wgyd.onion/search.php?action=results&sid=8a313b5a8b6dc0262f40d972fc76f561,listed,,,,,,no
majinahanashi,PCA *****,,,2026-08-23,http://lthicpjqc7gkn5eq3epxndc2uig3yngvcbdya4u3m3byjod5km4yuwqd.onion,listed,,,,,,no
storm,Ruggles Sign Company,US,Manufacturing,2026-08-23,http://yqhecvqtdvq6p7duqcgw2qca77spbgakxcoibtx6zpvfshltsbbbhfqd.onion/company/6a86d9490587fc6c38c9e2f5,listed,,,,,,no
storm,AutoDie,US,Manufacturing,2026-08-23,http://yqhecvqtdvq6p7duqcgw2qca77spbgakxcoibtx6zpvfshltsbbbhfqd.onion/company/6a888b0c6b6c8d90d8d37468,listed,,,,,,no
storm,Proveli,US,Technology,2026-08-23,http://yqhecvqtdvq6p7duqcgw2qca77spbgakxcoibtx6zpvfshltsbbbhfqd.onion/company/6a86d8850587fc6c38c9e2f4,listed,,,,,,no
storm,Pinnacle Hospital,US,Healthcare,2026-08-23,http://yqhecvqtdvq6p7duqcgw2qca77spbgakxcoibtx6zpvfshltsbbbhfqd.onion/company/6a8889e46b6c8d90d8d37467,listed,,,,,,no
storm,Phoenix Group of Companies,US,Other,2026-08-23,http://yqhecvqtdvq6p7duqcgw2qca77spbgakxcoibtx6zpvfshltsbbbhfqd.onion/company/6a88894d6b6c8d90d8d37466,listed,,,,,,no
storm,Schardein Mechanical,US,Manufacturing,2026-08-23,http://yqhecvqtdvq6p7duqcgw2qca77spbgakxcoibtx6zpvfshltsbbbhfqd.onion/company/6a8887cd6b6c8d90d8d37465,listed,,,,,,no
storm,The Cecilian Bank,US,Financial Services,2026-08-23,http://yqhecvqtdvq6p7duqcgw2qca77spbgakxcoibtx6zpvfshltsbbbhfqd.onion/company/6a899c66bcb899d105729a0e,listed,,,,,,no
eclipse,Crystal Pharmatech,US,Healthcare,2026-08-23,http://eclipse4g5kxfwsvpu4qx5sdcnrji6gxl5gt67bucjlgt35g7akvjoid.onion/place/yy08u95pmobxkhor/,listed,,,,,,no
thegentlemen,AGS Cinemas,IN,Hospitality,2026-08-23,http://tezwsse5czllksjb7cwp65rvnk4oobmzti2znn42i43bjdfd2prqqkad.onion,listed,,,,,,no
thegentlemen,Eyecare Center of Snohomish,US,Healthcare,2026-08-23,http://tezwsse5czllksjb7cwp65rvnk4oobmzti2znn42i43bjdfd2prqqkad.onion,listed,,,,,,no
thegentlemen,Gould Sherwood Consulting,US,Professional Services,2026-08-23,http://tezwsse5czllksjb7cwp65rvnk4oobmzti2znn42i43bjdfd2prqqkad.onion,listed,,,,,,no
thegentlemen,Espac,CL,Technology,2026-08-23,http://tezwsse5czllksjb7cwp65rvnk4oobmzti2znn42i43bjdfd2prqqkad.onion,listed,,,,,,no
thegentlemen,Layher,CL,Manufacturing,2026-08-23,http://tezwsse5czllksjb7cwp65rvnk4oobmzti2znn42i43bjdfd2prqqkad.onion,listed,,,,,,no
thegentlemen,Volktek,TW,Technology,2026-08-23,http://tezwsse5czllksjb7cwp65rvnk4oobmzti2znn42i43bjdfd2prqqkad.onion,listed,,,,,,no
shinyhunters,"ReliaQuest, LLC",US,Technology,2026-08-23,http://toolatedhs5dtr2pv6h5kdraneak5gs3sxrecqhoufc5e45edior7mqd.onion,listed,,,,,,no
incransom,el-group,CH,Other,2026-08-22,http://incblog6qu4y4mm4zvw5nrmue6qbwtgjsxpw6b7ixzssu36tsajldoad.onion/blog/disclosures/6a8979d59cd108bf26069fa7,listed,,,,,,no
helix,AmSpec,US,Energy & Utilities,2026-08-22,http://helixr2sncrd3ndsz5oho6mzqw3x5u7mvox5zcsngc5wm7v4l5k7oryd.onion/p/05d7e14bd3e7d7efce2406aad744dc6daa15edfbca7d38cb8ced622125d3c989,listed,,331.75 GB,814528,published,http://helixr2sncrd3ndsz5oho6mzqw3x5u7mvox5zcsngc5wm7v4l5k7oryd.onion,yes
emperador,Vietnam Electricity(EVNHANOI),VN,Energy & Utilities,2026-08-22,/post/vietnam-electricityevnhanoi/,listed,,300.0 GB,8,listed,http://emprdr4p7iwlhpky33tswt3k2qdeljyjcdpoysabudmmrz4z32laexad.onion,yes
shinyhunters,NovoCure Limited,IL,Healthcare,2026-08-22,http://toolatedhs5dtr2pv6h5kdraneak5gs3sxrecqhoufc5e45edior7mqd.onion,listed,,,,,,no
shinyhunters,BOK Financial,US,Financial Services,2026-08-22,http://toolatedhs5dtr2pv6h5kdraneak5gs3sxrecqhoufc5e45edior7mqd.onion,listed,,,,,,no
coinbasecartel,Integrated Health Systems,US,Healthcare,2026-08-22,http://fjg4zi4opkxkvdz7mvwp7h6goe4tcby3hhkrz43pht4j3vakhy75znyd.onion/companies/ihs911,listed,,,,,,no
coinbasecartel,RXPE Group,CN,Manufacturing,2026-08-22,http://fjg4zi4opkxkvdz7mvwp7h6goe4tcby3hhkrz43pht4j3vakhy75znyd.onion/companies/rxhk,listed,,,,,,no
coinbasecartel,Tower Insurance,NZ,Financial Services,2026-08-22,http://fjg4zi4opkxkvdz7mvwp7h6goe4tcby3hhkrz43pht4j3vakhy75znyd.onion/companies/tower-co-nz,listed,,,,,,no
coinbasecartel,Flecha Bus,AR,Transportation,2026-08-22,http://fjg4zi4opkxkvdz7mvwp7h6goe4tcby3hhkrz43pht4j3vakhy75znyd.onion/companies/flechabus,listed,,,,,,no
coinbasecartel,OTEIS Conseil & Ingénierie,FR,Professional Services,2026-08-22,http://fjg4zi4opkxkvdz7mvwp7h6goe4tcby3hhkrz43pht4j3vakhy75znyd.onion/companies/oteis,listed,,,,,,no
coinbasecartel,Longhorn Investments,,Financial Services,2026-08-22,http://fjg4zi4opkxkvdz7mvwp7h6goe4tcby3hhkrz43pht4j3vakhy75znyd.onion/companies/longhorninvestments,listed,,,,,,no
coinbasecartel,Kessler Creative,US,Professional Services,2026-08-22,http://fjg4zi4opkxkvdz7mvwp7h6goe4tcby3hhkrz43pht4j3vakhy75znyd.onion/companies/kesslercreative,listed,,,,,,no
coinbasecartel,Klasko Immigration Law Partners,US,Professional Services,2026-08-22,http://fjg4zi4opkxkvdz7mvwp7h6goe4tcby3hhkrz43pht4j3vakhy75znyd.onion/companies/klaskolaw,listed,,,,,,no
coinbasecartel,Patel,US,,2026-08-22,http://fjg4zi4opkxkvdz7mvwp7h6goe4tcby3hhkrz43pht4j3vakhy75znyd.onion/companies/patelcpaoffice,listed,,,,,,no
coinbasecartel,Abacus Advisors,,Financial Services,2026-08-22,http://fjg4zi4opkxkvdz7mvwp7h6goe4tcby3hhkrz43pht4j3vakhy75znyd.onion/companies/abacusadv,listed,,,,,,no
coinbasecartel,LifeBank Microfinance Foundation,PH,Financial Services,2026-08-22,http://fjg4zi4opkxkvdz7mvwp7h6goe4tcby3hhkrz43pht4j3vakhy75znyd.onion/companies/lifebankfoundation,listed,,,,,,no
coinbasecartel,PT Perusahaan Jamu Air Mancur,ID,Agriculture and Food Production,2026-08-22,http://fjg4zi4opkxkvdz7mvwp7h6goe4tcby3hhkrz43pht4j3vakhy75znyd.onion/companies/airmancur,listed,,,,,,no
coinbasecartel,PT. Bank Perekonomian Rakyat Bintan,ID,Financial Services,2026-08-22,http://fjg4zi4opkxkvdz7mvwp7h6goe4tcby3hhkrz43pht4j3vakhy75znyd.onion/companies/bprbintan,listed,,,,,,no
lockbit5,icnavais.com,PT,,2026-08-22,http://lockbitapt67g6rwzjbcxnww5efpg4qok6vpfeth7wx3okj52ks4wtad.onion/post/e994f54274410052c992e9eef9bbd031,listed,,,,,,no
spacebears,holzmarkt chemnitz,DE,Retail & E-Commerce,2026-08-22,http://5butbkrljkaorg5maepuca25oma7eiwo6a2rlhvkblb4v6mf3ki2ovid.onion/companies/71/holzmarkt-chemnitz,listed,,,,published,http://5butbkrljkaorg5maepuca25oma7eiwo6a2rlhvkblb4v6mf3ki2ovid.onion,yes
spacebears,Freelom,CZ,,2026-08-22,http://5butbkrljkaorg5maepuca25oma7eiwo6a2rlhvkblb4v6mf3ki2ovid.onion/companies/72/freelom,listed,,,,published,http://5butbkrljkaorg5maepuca25oma7eiwo6a2rlhvkblb4v6mf3ki2ovid.onion,yes
pear,Island Networks,JM,Technology,2026-08-22,http://pearsmob5sn44ismokiusuld34pnfwi6ctgin3qbvonpoob4lh3rmtqd.onion/Companies/islandnetjm,listed,,7.3 Tb,,published,http://peargxn3oki34c4savcbcfqofjjwjnnyrlrbszfv6ujlx36mhrh57did.onion,yes
pear,"Mogren, Glessner & Ahrens, P.S.",US,Professional Services,2026-08-22,http://pearsmob5sn44ismokiusuld34pnfwi6ctgin3qbvonpoob4lh3rmtqd.onion/Companies/mgrlaw,listed,,380 Gb,,published,http://peargxn3oki34c4savcbcfqofjjwjnnyrlrbszfv6ujlx36mhrh57did.onion,yes
rhysida,CRI Electric,US,Energy & Utilities,2026-08-22,http://rhysidafohrhyy2aszi7bm32tnjat5xri65fopcxkdfxhi4tidsg7cad.onion/archive.php?company=264,listed,,,,,,no
termite,Everglades Boats,US,Manufacturing,2026-08-22,http://termiteuslbumdge2zmfmfcsrvmvsfe4gvyudc5j6cdnisnhtftvokid.onion/post/6a7cf68efbf635b18142e1d4,listed,,,,published,http://termiteuslbumdge2zmfmfcsrvmvsfe4gvyudc5j6cdnisnhtftvokid.onion,yes
thegentlemen,Meridian Logistics Group,US,Transportation,2026-08-22,http://tezwsse5czllksjb7cwp65rvnk4oobmzti2znn42i43bjdfd2prqqkad.onion,listed,,,,,,no
nightspire,"Victory Personal Care, Inc",US,Retail & E-Commerce,2026-08-22,http://nspiremkiq44zcxjbgvab4mdedyh2pzj5kzbmvftcugq3mczx3dqogid.onion,listed,,,,,,no
l group,cedarridge.org,US,,2026-08-22,http://4zrjdyuq4sjogm2epwwoleegquavhwo3o7fakstnlgox6guqt3qpe4qd.onion/posts/cedarridge.org/,listed,,,,,,no
panzer,Nteitalia,IT,Technology,2026-08-21,http://pnzruro7syvwvefx5mpo2fhzi4jftgquynsqf3vy5x3no57yp2iz4nyd.onion/company/nteitalia,listed,,,,,,no
qilin,Quaker State Mexico,MX,Energy & Utilities,2026-08-21,http://ijzn3sicrcy7guixkzjkib4ukbiilwc3xhnmby4mcbccnsd7j2rekvqd.onion/site/blog?uuid=59a43842-d0d8-41db-ab38-2cd125d91db2,listed,,,,,,no
qilin,iPic,US,Hospitality,2026-08-21,http://ijzn3sicrcy7guixkzjkib4ukbiilwc3xhnmby4mcbccnsd7j2rekvqd.onion/site/blog?uuid=769179b7-db54-45e8-b3ba-9d7c94951e5d,listed,,,,,,no
akira,JC Sales,US,Retail & E-Commerce,2026-08-21,http://akiralkzxzq2dsrzsrvbr2xgbbu2wgsmxryd4csgfameg52n7efvr2id.onion,listed,,,,,,no
qilin,Cinépolis,MX,Hospitality,2026-08-21,http://ijzn3sicrcy7guixkzjkib4ukbiilwc3xhnmby4mcbccnsd7j2rekvqd.onion/site/blog?uuid=01be5eca-c028-47e8-add2-46a852dccda7,listed,,,,,,no
rhysida,Fairview Dental Group,US,Healthcare,2026-08-21,http://rhysidafohrhyy2aszi7bm32tnjat5xri65fopcxkdfxhi4tidsg7cad.onion/archive.php?company=260,listed,,,,,,no
qilin,Gindre India,IN,Manufacturing,2026-08-21,http://ijzn3sicrcy7guixkzjkib4ukbiilwc3xhnmby4mcbccnsd7j2rekvqd.onion/site/blog?uuid=a4a0d54e-27c5-45ec-a3aa-39184e012167,listed,,,,,,no
rhysida,Battle Creek Public Schools,US,Education,2026-08-21,http://rhysidafohrhyy2aszi7bm32tnjat5xri65fopcxkdfxhi4tidsg7cad.onion/archive.php?company=259,listed,,,,,,no
pear,Clifton Architectural Glass & Metal,US,Manufacturing,2026-08-21,http://pearsmob5sn44ismokiusuld34pnfwi6ctgin3qbvonpoob4lh3rmtqd.onion/Companies/cliftonglass,listed,,2.6 Tb,,published,http://peargxn3oki34c4savcbcfqofjjwjnnyrlrbszfv6ujlx36mhrh57did.onion,yes
pear,First Commerce LLC,US,Financial Services,2026-08-21,http://pearsmob5sn44ismokiusuld34pnfwi6ctgin3qbvonpoob4lh3rmtqd.onion/Companies/firstcommercellc,listed,,1 Tb,,published,http://peargxn3oki34c4savcbcfqofjjwjnnyrlrbszfv6ujlx36mhrh57did.onion,yes
qilin,The Pendas Law Firm,US,Professional Services,2026-08-21,http://ijzn3sicrcy7guixkzjkib4ukbiilwc3xhnmby4mcbccnsd7j2rekvqd.onion/site/blog?uuid=9859bcba-a0f1-4b0a-9653-a68d5327e833,listed,,,,,,no
qilin,Blake Services,US,Other,2026-08-21,http://ijzn3sicrcy7guixkzjkib4ukbiilwc3xhnmby4mcbccnsd7j2rekvqd.onion/site/blog?uuid=dab4ef20-3fbb-4db3-a653-66247f20272f,listed,,,,,,no
qilin,Professional,US,,2026-08-21,http://ijzn3sicrcy7guixkzjkib4ukbiilwc3xhnmby4mcbccnsd7j2rekvqd.onion/site/blog?uuid=86a79d53-e85b-47ba-8ae4-bb869cad0dac,listed,,,,,,no
thegentlemen,UOLconsult,BR,Professional Services,2026-08-21,http://tezwsse5czllksjb7cwp65rvnk4oobmzti2znn42i43bjdfd2prqqkad.onion,listed,,,,,,no
thegentlemen,dlp motive,DE,Technology,2026-08-21,http://tezwsse5czllksjb7cwp65rvnk4oobmzti2znn42i43bjdfd2prqqkad.onion,listed,,,,,,no
thegentlemen,AWJ Holding,AE,,2026-08-21,http://tezwsse5czllksjb7cwp65rvnk4oobmzti2znn42i43bjdfd2prqqkad.onion,listed,,,,,,no
thegentlemen,Lexacaucho,,Other,2026-08-21,http://tezwsse5czllksjb7cwp65rvnk4oobmzti2znn42i43bjdfd2prqqkad.onion,listed,,,,,,no
thegentlemen,LOG Systems,PL,Technology,2026-08-21,http://tezwsse5czllksjb7cwp65rvnk4oobmzti2znn42i43bjdfd2prqqkad.onion,listed,,,,,,no
thegentlemen,Magdalena Grand Beach Golf Resort,MX,Hospitality,2026-08-21,http://tezwsse5czllksjb7cwp65rvnk4oobmzti2znn42i43bjdfd2prqqkad.onion,listed,,,,,,no
thegentlemen,Akatake Engineering,JP,Manufacturing,2026-08-21,http://tezwsse5czllksjb7cwp65rvnk4oobmzti2znn42i43bjdfd2prqqkad.onion,listed,,,,,,no
thegentlemen,ESCON Group,US,Manufacturing,2026-08-21,http://tezwsse5czllksjb7cwp65rvnk4oobmzti2znn42i43bjdfd2prqqkad.onion,listed,,,,,,no
thegentlemen,Almeer,AE,Other,2026-08-21,http://tezwsse5czllksjb7cwp65rvnk4oobmzti2znn42i43bjdfd2prqqkad.onion,listed,,,,,,no
thegentlemen,Geb Sas,FR,,2026-08-21,http://tezwsse5czllksjb7cwp65rvnk4oobmzti2znn42i43bjdfd2prqqkad.onion,listed,,,,,,no
thegentlemen,ARBEITERKAMMERN,AT,Professional Services,2026-08-21,http://tezwsse5czllksjb7cwp65rvnk4oobmzti2znn42i43bjdfd2prqqkad.onion,listed,,,,,,no
thegentlemen,Aquasea,NO,Energy & Utilities,2026-08-21,http://tezwsse5czllksjb7cwp65rvnk4oobmzti2znn42i43bjdfd2prqqkad.onion,listed,,,,,,no
thegentlemen,CAZ Investments,BZ,Financial Services,2026-08-21,http://tezwsse5czllksjb7cwp65rvnk4oobmzti2znn42i43bjdfd2prqqkad.onion,listed,,,,,,no
thegentlemen,Oceanica Internacional,WS,Transportation,2026-08-21,http://tezwsse5czllksjb7cwp65rvnk4oobmzti2znn42i43bjdfd2prqqkad.onion,listed,,,,,,no
thegentlemen,Ariel Energia,IT,Energy & Utilities,2026-08-21,http://tezwsse5czllksjb7cwp65rvnk4oobmzti2znn42i43bjdfd2prqqkad.onion,listed,,,,,,no
dragonforce,Hogan Omidi P.C.,US,Professional Services,2026-08-21,http://z3wqggtxft7id3ibr7srivv5gjof5fwg76slewnzwwakjuf3nlhukdid.onion/blog/?post_uuid=ed288008-26ad-4b2d-babf-32879da1a35d,listed,,,,,,no
dysphor1a,Yoma Fleet,MM,Transportation,2026-08-21,,listed,,,,,,no
settra,avkvalves.com,SE,Manufacturing,2026-08-21,http://settra5ldqwgtw5q7z5awbsvlksakyfojuc5slgrz5lvapune4fantqd.onion/leaks/f7b05ab5-01eb-4c6d-bb5b-75d06969eb43,listed,,,,,,no
settra,gt-tele.com,US,Technology,2026-08-21,http://settra5ldqwgtw5q7z5awbsvlksakyfojuc5slgrz5lvapune4fantqd.onion/leaks/decc6117-3a18-4d1b-9bf1-f265f2cafeca,listed,,,,,,no
anubis,Interim HealthCare [Head office],US,Healthcare,2026-08-21,http://om6q4a6cyipxvt7ioudxt24cw4oqu4yodmqzl25mqd2hgllymrgu4aqd.onion/r/qSyLjdjTxND8z6QcanI76118t3safzffkx25VyrsP8pRisU9uC3yns7FVVZTZ2KwlAv3deD5VCYDtdSoeUz2NJc1JRNFJi,listed,,530 GB,,published,http://anubisyfkh5rixydjpoo3jqucauajz2juybrbtuglcppjj2y3eg3y6ad.onion,yes
direwolf,NorthStar,CA,,2026-08-21,http://direwolfcdkv5whaz2spehizdg22jsuf5aeje4asmetpbt6ri4jnd4qd.onion/api/public/articles/97,listed,,,,countdown,http://direwolfcdkv5whaz2spehizdg22jsuf5aeje4asmetpbt6ri4jnd4qd.onion,yes
direwolf,Aztec Software,MX,Technology,2026-08-21,http://direwolfcdkv5whaz2spehizdg22jsuf5aeje4asmetpbt6ri4jnd4qd.onion/api/public/articles/98,listed,,,,,,no
direwolf,The Revel Collective,US,Other,2026-08-21,http://direwolfcdkv5whaz2spehizdg22jsuf5aeje4asmetpbt6ri4jnd4qd.onion/api/public/articles/99,listed,,,,countdown,http://direwolfcdkv5whaz2spehizdg22jsuf5aeje4asmetpbt6ri4jnd4qd.onion,yes
direwolf,ProSim Aviation Research,NL,Technology,2026-08-21,http://direwolfcdkv5whaz2spehizdg22jsuf5aeje4asmetpbt6ri4jnd4qd.onion/api/public/articles/100,listed,,,,countdown,http://direwolfcdkv5whaz2spehizdg22jsuf5aeje4asmetpbt6ri4jnd4qd.onion,yes
direwolf,Authenticate Information Systems,US,Technology,2026-08-21,http://direwolfcdkv5whaz2spehizdg22jsuf5aeje4asmetpbt6ri4jnd4qd.onion/api/public/articles/101,listed,,,,countdown,http://direwolfcdkv5whaz2spehizdg22jsuf5aeje4asmetpbt6ri4jnd4qd.onion,yes
direwolf,Diaco Global,,Other,2026-08-21,http://direwolfcdkv5whaz2spehizdg22jsuf5aeje4asmetpbt6ri4jnd4qd.onion/api/public/articles/102,listed,,,,countdown,http://direwolfcdkv5whaz2spehizdg22jsuf5aeje4asmetpbt6ri4jnd4qd.onion,yes
direwolf,iSON XPERIENCES,MX,Hospitality,2026-08-21,http://direwolfcdkv5whaz2spehizdg22jsuf5aeje4asmetpbt6ri4jnd4qd.onion/api/public/articles/103,listed,,,,countdown,http://direwolfcdkv5whaz2spehizdg22jsuf5aeje4asmetpbt6ri4jnd4qd.onion,yes
direwolf,Deer Creek-Mackinaw CUSD,US,Education,2026-08-21,http://direwolfcdkv5whaz2spehizdg22jsuf5aeje4asmetpbt6ri4jnd4qd.onion/api/public/articles/105,listed,,,,countdown,http://direwolfcdkv5whaz2spehizdg22jsuf5aeje4asmetpbt6ri4jnd4qd.onion,yes
direwolf,Allstar Industries,US,Manufacturing,2026-08-21,http://direwolfcdkv5whaz2spehizdg22jsuf5aeje4asmetpbt6ri4jnd4qd.onion/api/public/articles/106,listed,,,,countdown,http://direwolfcdkv5whaz2spehizdg22jsuf5aeje4asmetpbt6ri4jnd4qd.onion,yes
direwolf,HP Carriers,US,Transportation,2026-08-21,http://direwolfcdkv5whaz2spehizdg22jsuf5aeje4asmetpbt6ri4jnd4qd.onion/api/public/articles/107,listed,,,,countdown,http://direwolfcdkv5whaz2spehizdg22jsuf5aeje4asmetpbt6ri4jnd4qd.onion,yes
direwolf,MCT Group of Companies,AE,Other,2026-08-21,http://direwolfcdkv5whaz2spehizdg22jsuf5aeje4asmetpbt6ri4jnd4qd.onion/api/public/articles/108,listed,,,,countdown,http://direwolfcdkv5whaz2spehizdg22jsuf5aeje4asmetpbt6ri4jnd4qd.onion,yes
direwolf,Reviso Cloud Accounting Limited,DK,Financial Services,2026-08-21,http://direwolfcdkv5whaz2spehizdg22jsuf5aeje4asmetpbt6ri4jnd4qd.onion/api/public/articles/109,listed,,,,countdown,http://direwolfcdkv5whaz2spehizdg22jsuf5aeje4asmetpbt6ri4jnd4qd.onion,yes
direwolf,Studee,,Education,2026-08-21,http://direwolfcdkv5whaz2spehizdg22jsuf5aeje4asmetpbt6ri4jnd4qd.onion/api/public/articles/110,listed,,,,countdown,http://direwolfcdkv5whaz2spehizdg22jsuf5aeje4asmetpbt6ri4jnd4qd.onion,yes
silentransomgroup,D...,,,2026-08-20,https://business-data-leaks.com/about#0417ca7b8c548d47e48d19c85,listed,,,,,,no
dysphor1a,The University of Delhi (DU),IN,Education,2026-08-20,,listed,,,,,,no
xpl0itrs,Gruppo Spaggiari Parma,IT,Manufacturing,2026-08-20,http://2kieaq6jnwgrru62wwtxaafg35q6rzweg7y2xjfnbhvq5wd4eojqv6yd.onion/company/spaggiari/,listed,,,,,,no
kairos,Ayuntamiento de Velilla de San Antonio,ES,Government & Defense,2026-08-20,http://kairosgeuzkzz3ajntqcyxl3ib36szz3mg62mb3zbui33pbk3uzo4qqd.onion,listed,,77.6 GB,,published,http://kairosgeuzkzz3ajntqcyxl3ib36szz3mg62mb3zbui33pbk3uzo4qqd.onion,yes
shinyhunters,Cyrus******,,Technology,2026-08-20,http://shinypogk4jjniry5qi7247tznop6mxdrdte2k6pdu5cyo43vdzmrwid.onion,listed,,,,,,no
iah6477,regencycenters,US,Retail & E-Commerce,2026-08-20,http://iah6477wcvisc45wl54u524fbrh4dnmtcctpg2fpe5epf3jbpkiwu4qd.onion/a/regencycenters/,listed,,219.5 GiB,108845,published,http://iah6477wcvisc45wl54u524fbrh4dnmtcctpg2fpe5epf3jbpkiwu4qd.onion,yes
iah6477,acima,US,Financial Services,2026-08-20,http://iah6477wcvisc45wl54u524fbrh4dnmtcctpg2fpe5epf3jbpkiwu4qd.onion/a/acima/,listed,,2.1 TiB,541209,published,http://iah6477wcvisc45wl54u524fbrh4dnmtcctpg2fpe5epf3jbpkiwu4qd.onion,yes
iah6477,marvin,,Technology,2026-08-20,http://iah6477wcvisc45wl54u524fbrh4dnmtcctpg2fpe5epf3jbpkiwu4qd.onion/a/marvin/,listed,,2.2 TiB,,countdown,http://iah6477wcvisc45wl54u524fbrh4dnmtcctpg2fpe5epf3jbpkiwu4qd.onion,yes
emperador,NetExam,,Technology,2026-08-20,/post/netexam/,listed,,18.1 MB,5,listed,http://emprdr4p7iwlhpky33tswt3k2qdeljyjcdpoysabudmmrz4z32laexad.onion,yes
play,Be Media,US,Technology,2026-08-20,http://j75o7xvvsm4lpsjhkjvb4wl2q6ajegvabe6oswthuaubbykk4xkzgpid.onion/topic.php?id=HnvwXHCG9p7DS,listed,,,,,,no
play,Latoplast,LV,Manufacturing,2026-08-20,http://j75o7xvvsm4lpsjhkjvb4wl2q6ajegvabe6oswthuaubbykk4xkzgpid.onion/topic.php?id=4dYU8GZcqgxs1J,listed,,,,,,no
payload,"Qualiflex Datacenter | HWZ-Studiengnge (fh-hwz.ch), myenb.ch, etc",CH,Technology,2026-08-20,http://payloadrz5yw227brtbvdqpnlhq3rdcdekdnn3rgucbcdeawq2v6vuyd.onion/posts/33d6a45b-360e-4c37-b5dc-141a87b54a19,listed,,,,,,no
titan,Termotecnica Industriale S.r.l.,IT,Manufacturing,2026-08-20,https://titanblog.org/post/termotecnica-industriale-s-r-l-fully-encrypted-nvq3vlm9az,listed,,,,,,no
panzer,Frisian Flag Indonesia,ID,Agriculture and Food Production,2026-08-20,http://pnzruro7syvwvefx5mpo2fhzi4jftgquynsqf3vy5x3no57yp2iz4nyd.onion/company/frisian-flag-indonesia,listed,,,,,,no
titan,CTP S.r.l.,IT,,2026-08-20,https://titanblog.org/post/ctp-s-r-l-nv982ohgtl,listed,,,,,,no
titan,Alto Calore Servizi SPA,IT,Energy & Utilities,2026-08-20,https://titanblog.org/post/alto-calore-servizi-spa-nvqqni4i99,listed,,,,,,no
titan,Tedesco & Partners STP srl,IT,Professional Services,2026-08-20,https://titanblog.org/post/tedesco-partners-stp-srl-nvsnoipfgr,listed,,,,,,no
titan,POEMA S.r.l.,IT,Other,2026-08-20,https://titanblog.org/post/poema-s-r-l-nvl0i0et3b,listed,,,,,,no
dysphor1a,AYUDHYA TH Insurance,TH,Financial Services,2026-08-20,,listed,,,,,,no
dysphor1a,GUSTO College GLMS,TH,Education,2026-08-20,,listed,,,,,,no
dysphor1a,Indonesian Police Database,ID,Government & Defense,2026-08-20,,listed,,,,,,no
dysphor1a,Job Net .COM.MM,MM,Professional Services,2026-08-20,,listed,,,,,,no
dysphor1a,Strategy First International College,MM,Education,2026-08-20,,listed,,,,,,no
akira,Cascade Coffee,US,Retail & E-Commerce,2026-08-20,http://akiral2iz6a7qgd3ayp3l6yub7xx2uep76idk3u2kollpj5z3z636bad.onion,listed,,,,,,no
thegentlemen,BioPharma,US,Healthcare,2026-08-20,http://tezwsse5czllksjb7cwp65rvnk4oobmzti2znn42i43bjdfd2prqqkad.onion,listed,,,,,,no
thegentlemen,P**** R*****,,,2026-08-20,http://tezwsse5czllksjb7cwp65rvnk4oobmzti2znn42i43bjdfd2prqqkad.onion,listed,,,,,,no
titan,CONDOR SPA,IT,Manufacturing,2026-08-20,https://titanblog.org/post/condor-spa-fully-encrypted-nvn6gfawl6,listed,,,,,,no
titan,Elbor S.p.A.,IT,Manufacturing,2026-08-20,https://titanblog.org/post/elbor-s-p-a-nvpfzeetk4,listed,,,,,,no
everest,CCA Bank,,Financial Services,2026-08-20,http://everestndkvzcibcje2cqxhre2hmmybl3rn2gwzwsblz7gx6uryn5rad.onion/news/cca-bank,listed,,19.04 GB,11837,published,http://everestndkvzcibcje2cqxhre2hmmybl3rn2gwzwsblz7gx6uryn5rad.onion,yes
akira,Deas Millwork,,Manufacturing,2026-08-20,http://akiral2iz6a7qgd3ayp3l6yub7xx2uep76idk3u2kollpj5z3z636bad.onion,listed,,,,,,no
titan,TECNOLOGICA S.r.l.,IT,Technology,2026-08-20,https://titanblog.org/post/tecnologica-s-r-l-fully-encrypted-nveenvscd0,listed,,,,,,no
sovcali,Alert,,Technology,2026-08-20,http://z3mojpjnxt5tgqvu4wgosihl7pxvrcbyjcgquw2bwkyye5gwbhnf4kqd.onion#FN-015,listed,,,,,,no
pear,Medical Arts Chemists and Surgicals,US,Healthcare,2026-08-20,http://pearsmob5sn44ismokiusuld34pnfwi6ctgin3qbvonpoob4lh3rmtqd.onion/Companies/medarts,listed,,490 Gb,,published,http://peargxn3oki34c4savcbcfqofjjwjnnyrlrbszfv6ujlx36mhrh57did.onion,yes
pear,Club One Casino,US,Hospitality,2026-08-20,http://pearsmob5sn44ismokiusuld34pnfwi6ctgin3qbvonpoob4lh3rmtqd.onion/Companies/clubonecasino,listed,,620 Gb,,published,http://peargxn3oki34c4savcbcfqofjjwjnnyrlrbszfv6ujlx36mhrh57did.onion,yes
pear,Practi-Cal,US,Other,2026-08-20,http://pearsmob5sn44ismokiusuld34pnfwi6ctgin3qbvonpoob4lh3rmtqd.onion/Companies/practi-cal,listed,,11 Tb,,published,http://peargxn3oki34c4savcbcfqofjjwjnnyrlrbszfv6ujlx36mhrh57did.onion,yes
pear,Austin Plastic Surgery Institute,US,Healthcare,2026-08-20,http://pearsmob5sn44ismokiusuld34pnfwi6ctgin3qbvonpoob4lh3rmtqd.onion/Companies/austinpsi,listed,,2.7 Tb,,published,http://peargxn3oki34c4savcbcfqofjjwjnnyrlrbszfv6ujlx36mhrh57did.onion,yes
titan,ELCON MEGARAD S.p.A,IT,Manufacturing,2026-08-20,https://titanblog.org/post/elcon-megarad-s-p-a-fully-encrypted-nv34pi6ihb,listed,,,,,,no
lockbit5,usbank.com,US,Financial Services,2026-08-20,http://lockbitapt67g6rwzjbcxnww5efpg4qok6vpfeth7wx3okj52ks4wtad.onion/post/9d0b9595b62e70efa9c62d22143bcde3,listed,,,,,,no
majinahanashi,Grand Ion Delemen Hotel,,Hospitality,2026-08-20,http://lthicpjqc7gkn5eq3epxndc2uig3yngvcbdya4u3m3byjod5km4yuwqd.onion,listed,,,,,,no
majinahanashi,The Margo Hotel,GB,Hospitality,2026-08-20,http://lthicpjqc7gkn5eq3epxndc2uig3yngvcbdya4u3m3byjod5km4yuwqd.onion,listed,,,,,,no
qilin,Questronix,PH,,2026-08-20,http://ijzn3sicrcy7guixkzjkib4ukbiilwc3xhnmby4mcbccnsd7j2rekvqd.onion/site/blog?uuid=33182c8f-74a1-4af9-ba49-b7efdffd6217,listed,,,,,,no
qilin,Provite,NL,Technology,2026-08-20,http://ijzn3sicrcy7guixkzjkib4ukbiilwc3xhnmby4mcbccnsd7j2rekvqd.onion/site/blog?uuid=941da7fa-6ff3-452c-9127-15fa05660c79,listed,,,,,,no
qilin,Trends And Concepts,ZA,Other,2026-08-20,http://ijzn3sicrcy7guixkzjkib4ukbiilwc3xhnmby4mcbccnsd7j2rekvqd.onion/site/blog?uuid=2bfe5896-59d5-44f2-8311-d2be2f67209f,listed,,,,,,no
deadlock,JP Molyneux Studio,GB,Other,2026-08-20,,listed,,700GB,,published,http://deadblogdbdu5wprek7wa2o4ce7rnt6u6ntqeud3hzjjcveosgpsqqqd.onion,yes
everest,Kingston Technology,US,Technology,2026-08-20,http://everestndkvzcibcje2cqxhre2hmmybl3rn2gwzwsblz7gx6uryn5rad.onion/news/kingston-technology,listed,,,,,,no
everest,Experts Entreprendre,FR,Professional Services,2026-08-20,http://everestndkvzcibcje2cqxhre2hmmybl3rn2gwzwsblz7gx6uryn5rad.onion/news/experts-entreprendre,listed,,,,published,http://everestndkvzcibcje2cqxhre2hmmybl3rn2gwzwsblz7gx6uryn5rad.onion,yes
everest,Grupo DT,ES,Other,2026-08-20,http://everestndkvzcibcje2cqxhre2hmmybl3rn2gwzwsblz7gx6uryn5rad.onion/news/grupo-dt,listed,,204.28 GB,31157,published,http://everestndkvzcibcje2cqxhre2hmmybl3rn2gwzwsblz7gx6uryn5rad.onion,yes
everest,Capgemini Engineering,FR,Professional Services,2026-08-20,http://everestndkvzcibcje2cqxhre2hmmybl3rn2gwzwsblz7gx6uryn5rad.onion/news/capgemini-engineering,listed,,13.08 GB,722470,published,http://everestndkvzcibcje2cqxhre2hmmybl3rn2gwzwsblz7gx6uryn5rad.onion,yes
xpl0itrs,Target,US,Retail & E-Commerce,2026-08-20,http://2kieaq6jnwgrru62wwtxaafg35q6rzweg7y2xjfnbhvq5wd4eojqv6yd.onion/company/target/,listed,,,,,,no
qilin,Semana,ES,Other,2026-08-19,http://ijzn3sicrcy7guixkzjkib4ukbiilwc3xhnmby4mcbccnsd7j2rekvqd.onion/site/blog?uuid=398be48d-63a4-4708-9788-1ff935ef6de5,listed,,,,,,no
helix,Delek US,US,Energy & Utilities,2026-08-19,http://helixr2sncrd3ndsz5oho6mzqw3x5u7mvox5zcsngc5wm7v4l5k7oryd.onion/p/169f107db2a3ef002d03c665c3adf1f71560d1c5463ef35f720a9d5062f80d4b,listed,,,720089,countdown,http://helixr2sncrd3ndsz5oho6mzqw3x5u7mvox5zcsngc5wm7v4l5k7oryd.onion,yes
deadlock,UFOC,TW,,2026-08-19,,listed,,470gb,,published,http://deadblogdbdu5wprek7wa2o4ce7rnt6u6ntqeud3hzjjcveosgpsqqqd.onion,yes
deadlock,Global Terminal Services,TR,Transportation,2026-08-19,,listed,,470gb,,published,http://deadblogdbdu5wprek7wa2o4ce7rnt6u6ntqeud3hzjjcveosgpsqqqd.onion,yes
settra,wcmanagement.info,,Other,2026-08-19,http://settra5ldqwgtw5q7z5awbsvlksakyfojuc5slgrz5lvapune4fantqd.onion/leaks/a8964a99-f5d0-4ba6-915b-84c56d5dd4ed,listed,,,,,,no
settra,alphanumeric.com,US,,2026-08-19,http://settra5ldqwgtw5q7z5awbsvlksakyfojuc5slgrz5lvapune4fantqd.onion/leaks/32e26ad4-cbe8-400d-bb2e-4702356c1a59,listed,,,,,,no
settra,am-bition.jp,JP,Other,2026-08-19,http://settra5ldqwgtw5q7z5awbsvlksakyfojuc5slgrz5lvapune4fantqd.onion/leaks/98eee870-bd88-4d77-a437-b3825874ca9a,listed,,,,,,no
settra,grecosteel.com,GR,Manufacturing,2026-08-19,http://settra5ldqwgtw5q7z5awbsvlksakyfojuc5slgrz5lvapune4fantqd.onion/leaks/35d8372b-5df2-4069-9631-4d9501ca6042,listed,,,,,,no
settra,makfreight.com,CA,Transportation,2026-08-19,http://settra5ldqwgtw5q7z5awbsvlksakyfojuc5slgrz5lvapune4fantqd.onion/leaks/fb3b352c-0de1-4152-af0e-0172cc58719c,listed,,,,,,no
xpl0itrs,Mihuru,,Hospitality,2026-08-19,http://2kieaq6jnwgrru62wwtxaafg35q6rzweg7y2xjfnbhvq5wd4eojqv6yd.onion/company/mihuru/,listed,,,,,,no
krybit,sunsea.co.th,TH,Other,2026-08-19,http://krybitqsdzwmhnitvwuhvsntfgf2wrhxveyxroxpc44c6gkft2cqldyd.onion/blog/ce605d864c57ff747e7ecd30b1902f299173d3a000f157f0db042e5176388d4d/,listed,,,,,,no
coinbasecartel,Crowe,US,Professional Services,2026-08-19,http://fjg4zi4opkxkvdz7mvwp7h6goe4tcby3hhkrz43pht4j3vakhy75znyd.onion/companies/crowe,listed,,,,,,no
coinbasecartel,Advanced Engineering Consultants,,Professional Services,2026-08-19,http://fjg4zi4opkxkvdz7mvwp7h6goe4tcby3hhkrz43pht4j3vakhy75znyd.onion/companies/aecmep,listed,,,,,,no
akira,Ericksen Krentel,,Professional Services,2026-08-19,http://akiral2iz6a7qgd3ayp3l6yub7xx2uep76idk3u2kollpj5z3z636bad.onion,listed,,,,,,no
insomnia,Aurora Health Management,US,Healthcare,2026-08-19,http://i62huw7ve22rpyw6lnq3kmfump2dmsg4xpveec3ere73njwatrz74gad.onion/Company/Aurora/,listed,,,,published,http://i62huw7ve22rpyw6lnq3kmfump2dmsg4xpveec3ere73njwatrz74gad.onion,yes
insomnia,***********,US,,2026-08-19,http://i62huw7ve22rpyw6lnq3kmfump2dmsg4xpveec3ere73njwatrz74gad.onion/Company/Announce/,listed,,,,,,no
orova,DL HOLDINGS GROUP,HK,Other,2026-08-19,http://maa2yprc5pldyr5hjn246hw7i66wdhglnostqgqkcbuh4vyyeos4xxyd.onion/zbadosrctherxvxmev/,listed,,,,,,no
interlock,Southeastern Oklahoma State University,US,Education,2026-08-19,http://mfrgymzi6w34lmxojf7hgteoskqo6j5zelunqh3dwxcmz7bbacqzwcad.onion/index.php?p=,listed,,710 GB,,published,http://ebhmkoohccl45qesdbvrjqtyro2hmhkmh6vkyfyjjzfllm3ix72aqaid.onion/leaks.php,yes
incransom,BANGKOKCABLE,TH,Manufacturing,2026-08-19,http://incblog6qu4y4mm4zvw5nrmue6qbwtgjsxpw6b7ixzssu36tsajldoad.onion/blog/disclosures/6a857ba49cd108bf268592d4,listed,,,,,,no
incransom,UNIPLASTICS.COM,US,Manufacturing,2026-08-19,http://incblog6qu4y4mm4zvw5nrmue6qbwtgjsxpw6b7ixzssu36tsajldoad.onion/blog/disclosures/6a857d4d9cd108bf2685c646,listed,,,,,,no
incransom,CDGARVINLAW,US,Professional Services,2026-08-19,http://incblog6qu4y4mm4zvw5nrmue6qbwtgjsxpw6b7ixzssu36tsajldoad.onion/blog/disclosures/6a8586419cd108bf2686ecf0,listed,,,,,,no
incransom,EXEL,CA,Technology,2026-08-19,http://incblog6qu4y4mm4zvw5nrmue6qbwtgjsxpw6b7ixzssu36tsajldoad.onion/blog/disclosures/6a85895b9cd108bf268747e9,listed,,,,,,no
qilin,Thrifty Building Supply,US,Retail & E-Commerce,2026-08-19,http://ijzn3sicrcy7guixkzjkib4ukbiilwc3xhnmby4mcbccnsd7j2rekvqd.onion/site/blog?uuid=f9c78af5-da6e-409e-8916-f40601f00a99,listed,,,,,,no
qilin,Estech,DE,Technology,2026-08-19,http://ijzn3sicrcy7guixkzjkib4ukbiilwc3xhnmby4mcbccnsd7j2rekvqd.onion/site/blog?uuid=7d12c129-ab3f-4b31-8d27-168dc88a06f7,listed,,,,,,no
qilin,Constructora Jimenez,MX,Manufacturing,2026-08-19,http://ijzn3sicrcy7guixkzjkib4ukbiilwc3xhnmby4mcbccnsd7j2rekvqd.onion/site/blog?uuid=b0791915-9158-4565-adc6-3ffa3b4588d3,listed,,,,,,no
qilin,Movitecnica,PE,Manufacturing,2026-08-19,http://ijzn3sicrcy7guixkzjkib4ukbiilwc3xhnmby4mcbccnsd7j2rekvqd.onion/site/blog?uuid=9432f6c7-5205-4a05-a773-8ee39868e21b,listed,,,,,,no
krybit,www.mestojilemnice.cz,CZ,Other,2026-08-19,http://krybitqsdzwmhnitvwuhvsntfgf2wrhxveyxroxpc44c6gkft2cqldyd.onion/blog/46a64b85d31f0d777b0dc5a91f1600a5e5ae008c53047d5894278928d4da5c2c/,listed,,,,,,no
krybit,automotoresrosedal.com.ar,AR,Retail & E-Commerce,2026-08-19,http://krybitqsdzwmhnitvwuhvsntfgf2wrhxveyxroxpc44c6gkft2cqldyd.onion/blog/82b3572f2dadeca89f06a17fd17a8f05f10e23aff09bfc7071d7b6d29e6238e5/,listed,,,,,,no
krybit,sipresitalia.it,IT,Manufacturing,2026-08-19,http://krybitqsdzwmhnitvwuhvsntfgf2wrhxveyxroxpc44c6gkft2cqldyd.onion/blog/b4d8eca0770c757d11f65384178d5b5593c9c56b412f43ceab1594beb5de1669/,listed,,,,,,no
krybit,www.hsi.info,HK,,2026-08-19,http://krybitqsdzwmhnitvwuhvsntfgf2wrhxveyxroxpc44c6gkft2cqldyd.onion/blog/5a53eb10748f0117aaad6cba285ba46741fa0ad62a76966d702b51fad300978a/,listed,,,,,,no
qilin,WIS LOGISTICS,US,Transportation,2026-08-19,http://ijzn3sicrcy7guixkzjkib4ukbiilwc3xhnmby4mcbccnsd7j2rekvqd.onion/site/blog?uuid=c5c36680-2816-4e3c-af6d-270e02802938,listed,,,,,,no
qilin,InVentry,GB,Technology,2026-08-19,http://ijzn3sicrcy7guixkzjkib4ukbiilwc3xhnmby4mcbccnsd7j2rekvqd.onion/site/blog?uuid=ac23046b-ae6c-4f3e-a882-a07d0bf2ae6e,listed,,,,,,no
qilin,Philippe Hottinguer Finance,FR,Financial Services,2026-08-19,http://ijzn3sicrcy7guixkzjkib4ukbiilwc3xhnmby4mcbccnsd7j2rekvqd.onion/site/blog?uuid=576ca72f-43d1-4fa7-83e2-78db0524ab3f,listed,,,,,,no
qilin,Medochemie,CY,Healthcare,2026-08-19,http://ijzn3sicrcy7guixkzjkib4ukbiilwc3xhnmby4mcbccnsd7j2rekvqd.onion/site/blog?uuid=36ee3678-0869-4855-84d6-6c24da6b0595,listed,,,,,,no
qilin,Smart Energies,DE,Energy & Utilities,2026-08-19,http://ijzn3sicrcy7guixkzjkib4ukbiilwc3xhnmby4mcbccnsd7j2rekvqd.onion/site/blog?uuid=cf78de2d-e2cc-4ec1-9100-42954ad8060f,listed,,,,,,no
nightspire,"Vi***** Pe****** C***, Inc",,,2026-08-19,http://nspire7lugml7ybqyjaaxtsgrs4qn3fcon3lrjbih6wamttvdm5ke4qd.onion,listed,,,,,,no
qilin,Integraduanas,UY,,2026-08-19,http://ijzn3sicrcy7guixkzjkib4ukbiilwc3xhnmby4mcbccnsd7j2rekvqd.onion/site/blog?uuid=49409db9-7118-45f9-a6c4-fcc563bd51b7,listed,,,,,,no
threeam,mecasem.org,MX,,2026-08-19,http://threeamkelxicjsaf2czjyz2lc4q3ngqkxhhlexyfcp2o6raw4rphyad.onion/detail/i6ugodb7vvkxpv6l9e74qsyo7z0wv2,listed,,,,,,no
thegentlemen,Euroscreen,IT,Technology,2026-08-19,http://tezwsse5czllksjb7cwp65rvnk4oobmzti2znn42i43bjdfd2prqqkad.onion,listed,,,,,,no
thegentlemen,CRASL,GB,,2026-08-19,http://tezwsse5czllksjb7cwp65rvnk4oobmzti2znn42i43bjdfd2prqqkad.onion,listed,,,,,,no
thegentlemen,Senvest Capital,CA,Financial Services,2026-08-19,http://tezwsse5czllksjb7cwp65rvnk4oobmzti2znn42i43bjdfd2prqqkad.onion,listed,,,,,,no
thegentlemen,Roadvision Systems,SE,Transportation,2026-08-19,http://tezwsse5czllksjb7cwp65rvnk4oobmzti2znn42i43bjdfd2prqqkad.onion,listed,,,,,,no
thegentlemen,Babcock,ZA,Government & Defense,2026-08-19,http://tezwsse5czllksjb7cwp65rvnk4oobmzti2znn42i43bjdfd2prqqkad.onion,listed,,,,,,no
storm,American Contractors Insurance Group,US,Financial Services,2026-08-19,http://yqhecvqtdvq6p7duqcgw2qca77spbgakxcoibtx6zpvfshltsbbbhfqd.onion/company/6a820e0b0c761632afc77edc,listed,,,,,,no
direwolf,"Photon Health, Inc.",US,Healthcare,2026-08-19,http://direwolfcdkv5whaz2spehizdg22jsuf5aeje4asmetpbt6ri4jnd4qd.onion/api/public/articles/94,listed,,,,,,no
direwolf,InfoFlo CRM,US,Technology,2026-08-19,http://direwolfcdkv5whaz2spehizdg22jsuf5aeje4asmetpbt6ri4jnd4qd.onion/api/public/articles/93,listed,,71GB,,published,http://direwolfcdkv5whaz2spehizdg22jsuf5aeje4asmetpbt6ri4jnd4qd.onion,yes
direwolf,PayUp,,Financial Services,2026-08-19,http://direwolfcdkv5whaz2spehizdg22jsuf5aeje4asmetpbt6ri4jnd4qd.onion/api/public/articles/95,listed,,,,published,http://direwolfcdkv5whaz2spehizdg22jsuf5aeje4asmetpbt6ri4jnd4qd.onion,yes
direwolf,Lifesum,SE,Healthcare,2026-08-19,http://direwolfcdkv5whaz2spehizdg22jsuf5aeje4asmetpbt6ri4jnd4qd.onion/api/public/articles/96,listed,,,,published,http://direwolfcdkv5whaz2spehizdg22jsuf5aeje4asmetpbt6ri4jnd4qd.onion,yes
silentransomgroup,Troutman Pepper Locke,US,Professional Services,2026-08-18,,listed,,,,,,no
securotrop,ADL Embedded Solutions,US,Manufacturing,2026-08-18,http://securo45z554mw7rgrt7wcgv5eenj2xmxyrsdj3fcjsvindu63s4bsid.onion,listed,,925 GB,,published,http://securo45z554mw7rgrt7wcgv5eenj2xmxyrsdj3fcjsvindu63s4bsid.onion,yes
silentransomgroup,T... P... L...,,,2026-08-18,https://business-data-leaks.com/about#c60495e8cb28f363781648534,listed,,,,,,no
dragonforce,R & D Machine and Engineering,US,Manufacturing,2026-08-18,http://z3wqggtxft7id3ibr7srivv5gjof5fwg76slewnzwwakjuf3nlhukdid.onion/blog/?post_uuid=9351fab2-40b4-47c9-bf96-a00af22ab27a,listed,,,,,,no
play,Coltrane Systems,US,Technology,2026-08-18,http://j75o7xvvsm4lpsjhkjvb4wl2q6ajegvabe6oswthuaubbykk4xkzgpid.onion/topic.php?id=8hJaqxt2rAbAA5,listed,,,,,,no
akira,Borchert & LaSpina,,,2026-08-18,http://akiralkzxzq2dsrzsrvbr2xgbbu2wgsmxryd4csgfameg52n7efvr2id.onion,listed,,,,,,no
shinyhunters,Logitech/ Streamlabs,CH,Technology,2026-08-18,https://shnyhntww34phqoa6dcgnvps2yu7dlwzmy5lkvejwjdo6z7bmgshzayd.onion/?c=aGKMa8nKgTJvjjps,listed,,,,,,no
qilin,Berlin Brandenburgische Wohnungsbaugenossenschaft,DE,Other,2026-08-18,http://ijzn3sicrcy7guixkzjkib4ukbiilwc3xhnmby4mcbccnsd7j2rekvqd.onion/site/blog?uuid=e32521d0-321e-4489-9db8-5a937a8d9fce,listed,,,,,,no
gunra,BOMOHSA,HN,,2026-08-18,http://gunrabxbig445sjqa535uaymzerj6fp4nwc6ngc2xughf2pedjdhk4ad.onion,listed,,,,,,no
incransom,SpearFin Ltd,MU,Financial Services,2026-08-18,http://incblog6qu4y4mm4zvw5nrmue6qbwtgjsxpw6b7ixzssu36tsajldoad.onion/blog/disclosures/6a84277a9cd108bf265a45d9,listed,,,,,,no
incransom,ssf-int.com ssf-ing.de,DE,Professional Services,2026-08-18,http://incblog6qu4y4mm4zvw5nrmue6qbwtgjsxpw6b7ixzssu36tsajldoad.onion/blog/disclosures/6a842a739cd108bf265a9a4a,listed,,,,,,no
incransom,nyklawfirm.com nyk.ae,AE,Professional Services,2026-08-18,http://incblog6qu4y4mm4zvw5nrmue6qbwtgjsxpw6b7ixzssu36tsajldoad.onion/blog/disclosures/6a842ea69cd108bf265b14cb,listed,,,,,,no
incransom,Foresee Pharmaceuticals,TW,Healthcare,2026-08-18,http://incblog6qu4y4mm4zvw5nrmue6qbwtgjsxpw6b7ixzssu36tsajldoad.onion/blog/disclosures/6a8414a79cd108bf2657cdc6,listed,,,,,,no
emperador,Prefeitura Municipal de Arcos,BR,Government & Defense,2026-08-18,/post/prefeitura-municipal-de-arcos/,listed,,462.3 MB,,published,http://emprdr4p7iwlhpky33tswt3k2qdeljyjcdpoysabudmmrz4z32laexad.onion,yes
storm,"Valor Defense Solutions, Inc",US,Government & Defense,2026-08-18,http://yqhecvqtdvq6p7duqcgw2qca77spbgakxcoibtx6zpvfshltsbbbhfqd.onion/company/6a82d5ca0587fc6c38c9e2f2,listed,,,,,,no
storm,Standard Tool & Die,US,Manufacturing,2026-08-18,http://yqhecvqtdvq6p7duqcgw2qca77spbgakxcoibtx6zpvfshltsbbbhfqd.onion/company/6a82d4cd0587fc6c38c9e2f1,listed,,,,,,no
storm,Westco Motors Cairns,AU,Retail & E-Commerce,2026-08-18,http://yqhecvqtdvq6p7duqcgw2qca77spbgakxcoibtx6zpvfshltsbbbhfqd.onion/company/6a82cfd30587fc6c38c9e2ee,listed,,,,,,no
storm,WindRose Health Network,US,Healthcare,2026-08-18,http://yqhecvqtdvq6p7duqcgw2qca77spbgakxcoibtx6zpvfshltsbbbhfqd.onion/company/6a820a2d0c761632afc77eda,listed,,,,,,no
storm,Penfold,GB,Technology,2026-08-18,http://yqhecvqtdvq6p7duqcgw2qca77spbgakxcoibtx6zpvfshltsbbbhfqd.onion/company/6a82d2c20587fc6c38c9e2f0,listed,,,,,,no
storm,Ramsey Bros,AU,Other,2026-08-18,http://yqhecvqtdvq6p7duqcgw2qca77spbgakxcoibtx6zpvfshltsbbbhfqd.onion/company/6a82d06a0587fc6c38c9e2ef,listed,,,,,,no
lockbit5,terra-petra.com,DE,Energy & Utilities,2026-08-18,http://lockbitapt67g6rwzjbcxnww5efpg4qok6vpfeth7wx3okj52ks4wtad.onion/post/22d6afc5026ed606ba20dd5f2860e718,listed,,,,,,no
anubis,Scholle IPN / SIG,DE,Manufacturing,2026-08-18,http://om6q4a6cyipxvt7ioudxt24cw4oqu4yodmqzl25mqd2hgllymrgu4aqd.onion/r/Dj8yoB2WXxWnsaz7rWtbtYu4vlkCxVt24eIEwa4Rut9nKfSy2ZsAzadrZvrQraO+LEngQYNc7SPDzMAN5mMTlDa1l5QjRT,listed,,737 GB,,published,http://anubisyfkh5rixydjpoo3jqucauajz2juybrbtuglcppjj2y3eg3y6ad.onion,yes
auditteam,De***up,RU,,2026-08-18,http://6tdqqaxftvradka5d2frzgwixis7fmro7rfh4ettzcx7jfapkebe6jad.onion/entity/C1C23C2621D1D387,listed,,,,,,no
nightspire,T****w**x,,Technology,2026-08-18,http://nspirep7orjq73k2x2fwh2mxgh74vm2now6cdbnnxjk2f5wn34bmdxad.onion,listed,,,,,,no
incransom,SD Associates Sdn Bhd,MY,,2026-08-18,http://incblog6qu4y4mm4zvw5nrmue6qbwtgjsxpw6b7ixzssu36tsajldoad.onion/blog/disclosures/6a81fb7c9cd108bf2614728e,listed,,,,,,no
incransom,Third Coast Bancshares,US,Financial Services,2026-08-18,http://incblog6qu4y4mm4zvw5nrmue6qbwtgjsxpw6b7ixzssu36tsajldoad.onion/blog/disclosures/6a7c83d09cd108bf2661c096,listed,,,,,,no
insomnia,Codinter,US,Technology,2026-08-17,http://i62huw7ve22rpyw6lnq3kmfump2dmsg4xpveec3ere73njwatrz74gad.onion/Company/Codinter/,listed,,,,published,http://i62huw7ve22rpyw6lnq3kmfump2dmsg4xpveec3ere73njwatrz74gad.onion,yes
qilin,GSW Gemeinschaftsstadtwerke GmbH,DE,Energy & Utilities,2026-08-17,http://ijzn3sicrcy7guixkzjkib4ukbiilwc3xhnmby4mcbccnsd7j2rekvqd.onion/site/blog?uuid=deca91c9-6f89-4a66-8100-9c70cd25f8f1,listed,,,,,,no
qilin,"White-Daters & Associates, Inc",US,Professional Services,2026-08-17,http://ijzn3sicrcy7guixkzjkib4ukbiilwc3xhnmby4mcbccnsd7j2rekvqd.onion/site/blog?uuid=2fb4586b-aa0e-43f6-9032-4674e0ec567e,listed,,,,,,no
qilin,The University of the West Indies,TT,Education,2026-08-17,http://ijzn3sicrcy7guixkzjkib4ukbiilwc3xhnmby4mcbccnsd7j2rekvqd.onion/site/blog?uuid=15a6c22a-8567-4ffc-8992-3675d3574010,listed,,,,,,no
qilin,EmpireWorks,,Other,2026-08-17,http://ijzn3sicrcy7guixkzjkib4ukbiilwc3xhnmby4mcbccnsd7j2rekvqd.onion/site/blog?uuid=f2aec5e0-95f3-4ad9-8856-594786b67984,listed,,,,,,no
play,Bridgeport Capital Services,US,Financial Services,2026-08-17,http://j75o7xvvsm4lpsjhkjvb4wl2q6ajegvabe6oswthuaubbykk4xkzgpid.onion/topic.php?id=1XoenhPNyc7kvl,listed,,,,,,no
play,Sam Pack Auto Group,US,Retail & E-Commerce,2026-08-17,http://j75o7xvvsm4lpsjhkjvb4wl2q6ajegvabe6oswthuaubbykk4xkzgpid.onion/topic.php?id=QFRJmq96JT1fJm,listed,,,,,,no
play,Woodhaven Association,US,Other,2026-08-17,http://j75o7xvvsm4lpsjhkjvb4wl2q6ajegvabe6oswthuaubbykk4xkzgpid.onion/topic.php?id=PU5fVnduYRm0UF,listed,,,,,,no
xpl0itrs,BMW Group,DE,Manufacturing,2026-08-17,http://2kieaq6jnwgrru62wwtxaafg35q6rzweg7y2xjfnbhvq5wd4eojqv6yd.onion/company/bmw/,listed,,,,,,no
incransom,Lansing Urgent Care,US,Healthcare,2026-08-17,http://incblog6qu4y4mm4zvw5nrmue6qbwtgjsxpw6b7ixzssu36tsajldoad.onion/blog/disclosures/6a834cdb9cd108bf263e89dd,listed,,,,,,no
global secret group,The Rubber Group,US,Manufacturing,2026-08-17,http://o5lsqyar7ox25z734k6zaxt2vf7bsyi4q5rturi5iyxzqo3ica7bjsad.onion/project/42/,listed,,162 GB,207203,listed,http://o5lsqyar7ox25z734k6zaxt2vf7bsyi4q5rturi5iyxzqo3ica7bjsad.onion,yes
panzer,DL E&C,KR,Manufacturing,2026-08-17,http://pnzruro7syvwvefx5mpo2fhzi4jftgquynsqf3vy5x3no57yp2iz4nyd.onion/company/dl-e-c,listed,,,,,,no
global secret group,4M REALTY COMPANY,US,Retail & E-Commerce,2026-08-17,http://o5lsqyar7ox25z734k6zaxt2vf7bsyi4q5rturi5iyxzqo3ica7bjsad.onion/project/41/,listed,,237 GB,54995,listed,http://o5lsqyar7ox25z734k6zaxt2vf7bsyi4q5rturi5iyxzqo3ica7bjsad.onion,yes
aurora,Planungsgruppe M+M AG,DE,Professional Services,2026-08-17,http://u6lieui2dakbctcjea2bz4r4q32r7t36nwljovqbv7mxs6o2smgxixid.onion/blog/planungsgruppe-mm-ag-3eb2a03f,listed,,,,,,no
direwolf,Arizona State University (ASU),US,Education,2026-08-17,http://direwolfcdkv5whaz2spehizdg22jsuf5aeje4asmetpbt6ri4jnd4qd.onion/api/public/articles/91,listed,,,,countdown,http://direwolfcdkv5whaz2spehizdg22jsuf5aeje4asmetpbt6ri4jnd4qd.onion,yes
direwolf,Wishfully Studios,SE,Technology,2026-08-17,http://direwolfcdkv5whaz2spehizdg22jsuf5aeje4asmetpbt6ri4jnd4qd.onion/api/public/articles/90,listed,,,,countdown,http://direwolfcdkv5whaz2spehizdg22jsuf5aeje4asmetpbt6ri4jnd4qd.onion,yes
everest,Rx Networks,CA,Technology,2026-08-17,http://everestndkvzcibcje2cqxhre2hmmybl3rn2gwzwsblz7gx6uryn5rad.onion/news/rx-networks,listed,,,,,,no
direwolf,Mighty Kingdom,AU,Technology,2026-08-17,http://direwolfcdkv5whaz2spehizdg22jsuf5aeje4asmetpbt6ri4jnd4qd.onion/api/public/articles/89,listed,,,,countdown,http://direwolfcdkv5whaz2spehizdg22jsuf5aeje4asmetpbt6ri4jnd4qd.onion,yes
direwolf,Eva AI Limited,GB,Technology,2026-08-17,http://direwolfcdkv5whaz2spehizdg22jsuf5aeje4asmetpbt6ri4jnd4qd.onion/api/public/articles/92,listed,,,,countdown,http://direwolfcdkv5whaz2spehizdg22jsuf5aeje4asmetpbt6ri4jnd4qd.onion,yes
aurora,Natco Home Group,US,Retail & E-Commerce,2026-08-17,http://u6lieui2dakbctcjea2bz4r4q32r7t36nwljovqbv7mxs6o2smgxixid.onion/blog/natco-home-group-77b27d0d,listed,,,,,,no
panzer,Castilla La Mancha,ES,Government & Defense,2026-08-17,http://pnzruro7syvwvefx5mpo2fhzi4jftgquynsqf3vy5x3no57yp2iz4nyd.onion/company/castilla-la-mancha,listed,,,,,,no
panzer,Doimo Cucine,IT,Manufacturing,2026-08-17,http://pnzruro7syvwvefx5mpo2fhzi4jftgquynsqf3vy5x3no57yp2iz4nyd.onion/company/doimo-cucine,listed,,,,,,no
aurora,Lloyd Coils Europe,GB,Manufacturing,2026-08-17,http://u6lieui2dakbctcjea2bz4r4q32r7t36nwljovqbv7mxs6o2smgxixid.onion/blog/lloyd-coils-europe-344e7910,listed,,,,,,no
incransom,"Otter Tail County, Minnesota",US,Government & Defense,2026-08-17,http://incblog6qu4y4mm4zvw5nrmue6qbwtgjsxpw6b7ixzssu36tsajldoad.onion/blog/disclosures/6a82d06d9cd108bf262ee4f8,listed,,,,,,no
dragonforce,Vermont XCenter,BR,,2026-08-17,http://z3wqggtxft7id3ibr7srivv5gjof5fwg76slewnzwwakjuf3nlhukdid.onion/blog/?post_uuid=50670edf-f2a0-45b3-ae78-bfbc7f5e951d,listed,,,,,,no
bravox,Moores,GB,Retail & E-Commerce,2026-08-17,http://bravoxxwcfz5qk43ychgveprpd5mw5hvxfs4a2uz2okx7mumiht4fzyd.onion/blog/c24b4cd2-897f-403d-ade7-57251f96c6d9,listed,,,,,,no
emperador,Albania's Official National Teacher Training Portal,AL,Education,2026-08-17,/post/albanias-official-national-teacher-training-portal/,listed,,5.9 GB,,published,http://emprdr4p7iwlhpky33tswt3k2qdeljyjcdpoysabudmmrz4z32laexad.onion,yes
emperador,Albania's official national teacher training portal.,AL,Education,2026-08-16,/post/albanias-official-national-teacher-training-portal/,listed,,,,,,no
qilin,Teikoku USA,US,Manufacturing,2026-08-16,http://ijzn3sicrcy7guixkzjkib4ukbiilwc3xhnmby4mcbccnsd7j2rekvqd.onion/site/blog?uuid=faf1534e-f3e0-4e2f-8f7d-f873ec8a05e2,listed,,,,,,no
qilin,AGUNSA,CL,Transportation,2026-08-16,http://ijzn3sicrcy7guixkzjkib4ukbiilwc3xhnmby4mcbccnsd7j2rekvqd.onion/site/blog?uuid=deff5c6c-c54e-48fe-aedf-d9f90a9e9c12,listed,,,,,,no
qilin,Coface,IT,Financial Services,2026-08-16,http://ijzn3sicrcy7guixkzjkib4ukbiilwc3xhnmby4mcbccnsd7j2rekvqd.onion/site/blog?uuid=6a247e78-b643-4a64-b2fb-c884d66e3249,listed,,,,,,no
qilin,Spoonful of Comfort,US,Hospitality,2026-08-16,http://ijzn3sicrcy7guixkzjkib4ukbiilwc3xhnmby4mcbccnsd7j2rekvqd.onion/site/blog?uuid=217d66b0-ffa4-4bf9-b90a-92571dd1ff70,listed,,,,,,no
panzer,SAGASTA sro,CZ,,2026-08-16,http://pnzruro7syvwvefx5mpo2fhzi4jftgquynsqf3vy5x3no57yp2iz4nyd.onion/company/sagasta-sro,listed,,,,,,no
eclipse,Moscord,SG,,2026-08-16,http://eclipse4g5kxfwsvpu4qx5sdcnrji6gxl5gt67bucjlgt35g7akvjoid.onion/place/kwie27gounr6uyo7/,listed,,,,,,no
qilin,Mulino Padano,IT,Agriculture and Food Production,2026-08-16,http://ijzn3sicrcy7guixkzjkib4ukbiilwc3xhnmby4mcbccnsd7j2rekvqd.onion/site/blog?uuid=2360c1a5-999d-480c-92a7-9867370a8051,listed,,,,,,no
qilin,WEBA Meubelen,BE,Retail & E-Commerce,2026-08-16,http://ijzn3sicrcy7guixkzjkib4ukbiilwc3xhnmby4mcbccnsd7j2rekvqd.onion/site/blog?uuid=66e54324-f0ab-4773-9d5e-ebbeb662fa59,listed,,,,,,no
settra,galmack.com.ec,EC,Other,2026-08-16,http://settra5ldqwgtw5q7z5awbsvlksakyfojuc5slgrz5lvapune4fantqd.onion/leaks/5cdb3761-49ed-4005-a6c6-b8af721f4266,listed,,,,,,no
settra,airoyal.biz,,Technology,2026-08-16,http://settra5ldqwgtw5q7z5awbsvlksakyfojuc5slgrz5lvapune4fantqd.onion/leaks/67a9e832-68d6-43e6-a377-080b7bc004ad,listed,,,,,,no
settra,tiltstudio.com,DE,Technology,2026-08-16,http://settra5ldqwgtw5q7z5awbsvlksakyfojuc5slgrz5lvapune4fantqd.onion/leaks/6a02f17d-bd76-4f13-bc6b-51b4f4d0c0fa,listed,,,,,,no
medusalocker,Twal Family IT Lab,,Technology,2026-08-16,http://t33zoj4qwv455fog7qnb2azi5xcdxkixughmmduzbw2rtdgryqfbh6id.onion/company/banajah-bajapah/,listed,,,,,,no
medusalocker,All Parts Dry Cleaning,GB,Retail & E-Commerce,2026-08-16,http://t33zoj4qwv455fog7qnb2azi5xcdxkixughmmduzbw2rtdgryqfbh6id.onion/company/bamatah/,listed,,,,,,no
medusalocker,Idex Group,DE,Technology,2026-08-16,http://t33zoj4qwv455fog7qnb2azi5xcdxkixughmmduzbw2rtdgryqfbh6id.onion/company/bakaqah/,listed,,,,,,no
medusalocker,Bija Industrie,FR,Manufacturing,2026-08-16,http://t33zoj4qwv455fog7qnb2azi5xcdxkixughmmduzbw2rtdgryqfbh6id.onion/company/banadah/,listed,,,,,,no
medusalocker,Thecourierguy,ZA,Transportation,2026-08-16,http://t33zoj4qwv455fog7qnb2azi5xcdxkixughmmduzbw2rtdgryqfbh6id.onion/company/bamasah/,listed,,,,,,no
helix,Kennedy Jenks,US,Professional Services,2026-08-16,http://helixr2sncrd3ndsz5oho6mzqw3x5u7mvox5zcsngc5wm7v4l5k7oryd.onion/p/1ba8b0df41a617631d09ae43a2bb4a5748b5b3f2b1cd007251bb3598a5ddcf44,listed,,1203.92 GB,438423,countdown,http://helixr2sncrd3ndsz5oho6mzqw3x5u7mvox5zcsngc5wm7v4l5k7oryd.onion,yes
lockbit5,actua.fr,FR,Professional Services,2026-08-16,http://lockbitapt67g6rwzjbcxnww5efpg4qok6vpfeth7wx3okj52ks4wtad.onion/post/dbe106197da13620f53ed5f2481b1970,listed,,,,,,no
lockbit5,dupouy-associes.fr,FR,Professional Services,2026-08-16,http://lockbitapt67g6rwzjbcxnww5efpg4qok6vpfeth7wx3okj52ks4wtad.onion/post/7c703831ffe8b0b9761a08710d0af29d,listed,,,,,,no
lockbit5,agricolagalbusera.it,IT,Agriculture and Food Production,2026-08-16,http://lockbitapt67g6rwzjbcxnww5efpg4qok6vpfeth7wx3okj52ks4wtad.onion/post/9a49a287d3e0d4a993de4fa5bd968a44,listed,,,,,,no
lockbit5,tecosim.com,DE,Technology,2026-08-16,http://lockbitapt67g6rwzjbcxnww5efpg4qok6vpfeth7wx3okj52ks4wtad.onion/post/29cde1b97f982e6e9517920e9b8ca365,listed,,,,,,no
lockbit5,vgrn.de,DE,Energy & Utilities,2026-08-16,http://lockbitapt67g6rwzjbcxnww5efpg4qok6vpfeth7wx3okj52ks4wtad.onion/post/56802155da7ca00b8af929049da5fcf1,listed,,,,,,no
qilin,MOSAID Technologies,CA,Technology,2026-08-16,http://ijzn3sicrcy7guixkzjkib4ukbiilwc3xhnmby4mcbccnsd7j2rekvqd.onion/site/blog?uuid=d8c30b26-e682-4a35-9f0b-ba5d89532a10,listed,,,,,,no
qilin,INVENSITY,DE,Technology,2026-08-16,http://ijzn3sicrcy7guixkzjkib4ukbiilwc3xhnmby4mcbccnsd7j2rekvqd.onion/site/blog?uuid=e449b4d8-017b-4884-9798-2fe7da3cf0a1,listed,,,,,,no
qilin,Megawide,PH,Manufacturing,2026-08-16,http://ijzn3sicrcy7guixkzjkib4ukbiilwc3xhnmby4mcbccnsd7j2rekvqd.onion/site/blog?uuid=452339ce-71d9-40e3-9af4-95eb820a0be8,listed,,,,,,no
panzer,Infosat,,Technology,2026-08-16,http://pnzruro7syvwvefx5mpo2fhzi4jftgquynsqf3vy5x3no57yp2iz4nyd.onion/company/infosat,listed,,,,,,no
qilin,Desatera Sdn Bhd,MY,,2026-08-16,http://ijzn3sicrcy7guixkzjkib4ukbiilwc3xhnmby4mcbccnsd7j2rekvqd.onion/site/blog?uuid=573d5082-4973-4a85-ba93-a924bcb1f03c,listed,,,,,,no
qilin,Loescher editore Torino,IT,Education,2026-08-16,http://ijzn3sicrcy7guixkzjkib4ukbiilwc3xhnmby4mcbccnsd7j2rekvqd.onion/site/blog?uuid=584fdb63-130f-4199-aa8f-a5dcf1be0bca,listed,,,,,,no
qilin,Botek,DE,Manufacturing,2026-08-16,http://ijzn3sicrcy7guixkzjkib4ukbiilwc3xhnmby4mcbccnsd7j2rekvqd.onion/site/blog?uuid=85f47a4b-ad97-4d15-b532-96c340b6235c,listed,,,,,,no
qilin,Zanichelli,IT,Education,2026-08-16,http://ijzn3sicrcy7guixkzjkib4ukbiilwc3xhnmby4mcbccnsd7j2rekvqd.onion/site/blog?uuid=f2695bd2-1efb-4617-a01f-6f50a9e53f34,listed,,,,,,no
qilin,Jone Précision,FR,Manufacturing,2026-08-16,http://ijzn3sicrcy7guixkzjkib4ukbiilwc3xhnmby4mcbccnsd7j2rekvqd.onion/site/blog?uuid=40c19069-fd91-4f43-846b-71806c93607a,listed,,,,,,no
qilin,Arnall Golden Gregory,US,Professional Services,2026-08-16,http://ijzn3sicrcy7guixkzjkib4ukbiilwc3xhnmby4mcbccnsd7j2rekvqd.onion/site/blog?uuid=d9559304-65e3-4e4a-bd09-1458a353040a,listed,,,,,,no
qilin,ASCII Group,JP,Technology,2026-08-16,http://ijzn3sicrcy7guixkzjkib4ukbiilwc3xhnmby4mcbccnsd7j2rekvqd.onion/site/blog?uuid=ed7ed937-727c-4371-9d4d-4502c16433b2,listed,,,,,,no
qilin,DELTA WAYS,DE,Transportation,2026-08-16,http://ijzn3sicrcy7guixkzjkib4ukbiilwc3xhnmby4mcbccnsd7j2rekvqd.onion/site/blog?uuid=36fd56c5-beb5-4603-a83d-e57f7033a1c5,listed,,,,,,no
qilin,motorenmaier gmbh,DE,Manufacturing,2026-08-16,http://ijzn3sicrcy7guixkzjkib4ukbiilwc3xhnmby4mcbccnsd7j2rekvqd.onion/site/blog?uuid=177d0f71-0d17-4b81-965c-1258d7575d1d,listed,,,,,,no
qilin,Double H Equipment,US,Manufacturing,2026-08-16,http://ijzn3sicrcy7guixkzjkib4ukbiilwc3xhnmby4mcbccnsd7j2rekvqd.onion/site/blog?uuid=e7cab978-cf1e-42fe-9f4d-4a920708b9db,listed,,,,,,no
orova,Smartsoft,TW,Technology,2026-08-16,http://mzlajyncb2rafn5bsb7esmo73kyawjxeirunba27n6nermmafzlcp4qd.onion/omtxosclqflpiwyoei/,listed,,,,,,no
majinahanashi,PIO PIO,CO,Retail & E-Commerce,2026-08-16,http://lthicpjqc7gkn5eq3epxndc2uig3yngvcbdya4u3m3byjod5km4yuwqd.onion/#post/blog-1,listed,,,,,,no
majinahanashi,BONJOUR GROUP,IN,Other,2026-08-16,http://lthicpjqc7gkn5eq3epxndc2uig3yngvcbdya4u3m3byjod5km4yuwqd.onion/#post/blog-2,listed,,,,,,no
majinahanashi,KT RESTAURANT,TH,Hospitality,2026-08-16,http://lthicpjqc7gkn5eq3epxndc2uig3yngvcbdya4u3m3byjod5km4yuwqd.onion/#post/blog-3,listed,,,,,,no
xpl0itrs,Dynatrace,AT,Technology,2026-08-15,http://2kieaq6jnwgrru62wwtxaafg35q6rzweg7y2xjfnbhvq5wd4eojqv6yd.onion/company/dynatrace/,listed,,,,,,no
xpl0itrs,Oz Hair & Beauty,AU,Retail & E-Commerce,2026-08-15,http://2kieaq6jnwgrru62wwtxaafg35q6rzweg7y2xjfnbhvq5wd4eojqv6yd.onion/company/ozhairandbeauty/,listed,,,,,,no
xpl0itrs,*********,,,2026-08-15,http://2kieaq6jnwgrru62wwtxaafg35q6rzweg7y2xjfnbhvq5wd4eojqv6yd.onion/company/apj39fjogm3w90vmxmq3ct3t0mx209/,listed,,,,,,no
xpl0itrs,RapidFort,US,Technology,2026-08-15,http://2kieaq6jnwgrru62wwtxaafg35q6rzweg7y2xjfnbhvq5wd4eojqv6yd.onion/company/rapidfort/,listed,,,,,,no
direwolf,DodoPayments,IN,Financial Services,2026-08-15,http://direwolfcdkv5whaz2spehizdg22jsuf5aeje4asmetpbt6ri4jnd4qd.onion/article/82,listed,,,,published,http://direwolfcdkv5whaz2spehizdg22jsuf5aeje4asmetpbt6ri4jnd4qd.onion,yes
direwolf,AAM:HOA Management,US,Professional Services,2026-08-15,http://direwolfcdkv5whaz2spehizdg22jsuf5aeje4asmetpbt6ri4jnd4qd.onion/article/83,listed,,,,published,http://direwolfcdkv5whaz2spehizdg22jsuf5aeje4asmetpbt6ri4jnd4qd.onion,yes
direwolf,TOTVS,BR,Technology,2026-08-15,http://direwolfcdkv5whaz2spehizdg22jsuf5aeje4asmetpbt6ri4jnd4qd.onion/article/84,listed,,,,published,http://direwolfcdkv5whaz2spehizdg22jsuf5aeje4asmetpbt6ri4jnd4qd.onion,yes
direwolf,Colla Health,US,Healthcare,2026-08-15,http://direwolfcdkv5whaz2spehizdg22jsuf5aeje4asmetpbt6ri4jnd4qd.onion/article/85,listed,,,,published,http://direwolfcdkv5whaz2spehizdg22jsuf5aeje4asmetpbt6ri4jnd4qd.onion,yes
direwolf,PayrHealth,US,Healthcare,2026-08-15,http://direwolfcdkv5whaz2spehizdg22jsuf5aeje4asmetpbt6ri4jnd4qd.onion/article/86,listed,,,,,,no
direwolf,DXS International,GB,Technology,2026-08-15,http://direwolfcdkv5whaz2spehizdg22jsuf5aeje4asmetpbt6ri4jnd4qd.onion/article/87,listed,,,,published,http://direwolfcdkv5whaz2spehizdg22jsuf5aeje4asmetpbt6ri4jnd4qd.onion,yes
ms13089,servmarmg.cl,CL,Other,2026-08-15,http://msleakjir7pxbe6onlqe5uwgvdmy6nq4mnwfy7ojswbhnleenm77vgad.onion/MGS/index.html,listed,,,,published,http://msleakjir7pxbe6onlqe5uwgvdmy6nq4mnwfy7ojswbhnleenm77vgad.onion,yes
spacebears,SEARS (Grupo Sanborns),MX,Retail & E-Commerce,2026-08-15,http://5butbkrljkaorg5maepuca25oma7eiwo6a2rlhvkblb4v6mf3ki2ovid.onion/companies/70/sears-grupo-sanborns,listed,,,,published,http://5butbkrljkaorg5maepuca25oma7eiwo6a2rlhvkblb4v6mf3ki2ovid.onion,yes
securotrop,Lepi Enterprises,US,,2026-08-15,http://securo45z554mw7rgrt7wcgv5eenj2xmxyrsdj3fcjsvindu63s4bsid.onion,listed,,692 GB,,published,http://securo45z554mw7rgrt7wcgv5eenj2xmxyrsdj3fcjsvindu63s4bsid.onion,yes
barracuda,VR Advogados,BR,Professional Services,2026-08-15,http://uvm6hk4wwstfddja5z5htgtlehmfyflffijz6iozsuqyacyibzxefkqd.onion,listed,,,,,,no
blackwater,www.amca.org.ar,AR,Professional Services,2026-08-15,http://ejzl7cjxmkx7lzhiqwidmrwtfjv45pkczbc4fnyaut3t7gll3yaiq5id.onion/blog?uuid=b4bdc6d3-3c1e-349b-821f-543ab3a4c7fa,listed,,,,,,no
blackwater,www.shalina.com,IN,,2026-08-15,http://ejzl7cjxmkx7lzhiqwidmrwtfjv45pkczbc4fnyaut3t7gll3yaiq5id.onion/blog?uuid=67ef1aa3-bfe3-35fa-8712-c3b6977bc7be,listed,,,,,,no
anubis,Interim HealthCare,US,Healthcare,2026-08-15,http://om6q4a6cyipxvt7ioudxt24cw4oqu4yodmqzl25mqd2hgllymrgu4aqd.onion/r/xjzBCfUkCOzKIJhTh9nwY7NPbaLxJGgene7s3HohBcLhET3VwjRQ5Za64O19nnRB2nOWIYc0F5Y5ccdhMpg7XJLRVdOcTdh,listed,,530 GB,,published,http://anubisyfkh5rixydjpoo3jqucauajz2juybrbtuglcppjj2y3eg3y6ad.onion,yes
panzer,Alpine Electronics Europe,DE,Manufacturing,2026-08-15,http://pnzruro7syvwvefx5mpo2fhzi4jftgquynsqf3vy5x3no57yp2iz4nyd.onion/company/alpine-electronics-europe,listed,,,,,,no
qilin,FERRARI MANGIMI SRL,IT,Agriculture and Food Production,2026-08-14,http://ijzn3sicrcy7guixkzjkib4ukbiilwc3xhnmby4mcbccnsd7j2rekvqd.onion/site/blog?uuid=20b0f435-7e06-4b3f-a805-8a8739b3eaab,listed,,,,,,no
safepay,granjarinya.com,ES,Agriculture and Food Production,2026-08-14,http://safepaypfxntwixwjrlcscft433ggemlhgkkdupi2ynhtcmvdgubmoyd.onion/blog/post/granjarinyacom/,listed,,,,published,http://safepaypfxntwixwjrlcscft433ggemlhgkkdupi2ynhtcmvdgubmoyd.onion,yes
global secret group,Columbia University Information (Dental),US,Healthcare,2026-08-14,http://o5lsqyar7ox25z734k6zaxt2vf7bsyi4q5rturi5iyxzqo3ica7bjsad.onion/project/40/,listed,,296 GB,283387,listed,http://o5lsqyar7ox25z734k6zaxt2vf7bsyi4q5rturi5iyxzqo3ica7bjsad.onion,yes
qilin,Connections,BE,,2026-08-14,http://ijzn3sicrcy7guixkzjkib4ukbiilwc3xhnmby4mcbccnsd7j2rekvqd.onion/site/blog?uuid=bd697a46-b40e-465b-bb87-3be33c8047e0,listed,,,,,,no
interlock,Connell Enterprises LLC,US,Other,2026-08-14,http://sq5gowklqcw4uqwzdsebnpxaynffzctjs6r5mmzzpn6jn76au7qwexid.onion/index.php?p=,listed,,,,,,no
coinbasecartel,Turner and Townsend,GB,Professional Services,2026-08-14,http://fjg4zi4opkxkvdz7mvwp7h6goe4tcby3hhkrz43pht4j3vakhy75znyd.onion/companies/tandt,listed,,,,,,no
coinbasecartel,Serruya private equity,US,Agriculture and Food Production,2026-08-14,http://fjg4zi4opkxkvdz7mvwp7h6goe4tcby3hhkrz43pht4j3vakhy75znyd.onion/companies/serruya,listed,,,,,,no
coinbasecartel,Sweet Water Holdings,US,Agriculture and Food Production,2026-08-14,http://fjg4zi4opkxkvdz7mvwp7h6goe4tcby3hhkrz43pht4j3vakhy75znyd.onion/companies/sweet,listed,,,,,,no
akira,Keystops,US,Technology,2026-08-14,http://akiralkzxzq2dsrzsrvbr2xgbbu2wgsmxryd4csgfameg52n7efvr2id.onion,listed,,,,,,no
akira,Cozad Asset Management,US,Financial Services,2026-08-14,http://akiralkzxzq2dsrzsrvbr2xgbbu2wgsmxryd4csgfameg52n7efvr2id.onion,listed,,,,,,no
bluewhale,FiferFox Minecraft Server,,Technology,2026-08-14,http://bluewh6bk2qt6wjib7qxdtplhgbwbi3p7cgofwnshfl5xo3xgwgstrid.onion/api/victims#fiferfox-3427065f,listed,,,,,,no
bluewhale,Satellite Developer Server,,Technology,2026-08-14,http://bluewh6bk2qt6wjib7qxdtplhgbwbi3p7cgofwnshfl5xo3xgwgstrid.onion/api/victims#satellite-3e956c87,listed,,,,,,no
qilin,Aletex Group,ES,Manufacturing,2026-08-14,http://ijzn3sicrcy7guixkzjkib4ukbiilwc3xhnmby4mcbccnsd7j2rekvqd.onion/site/blog?uuid=26737f12-4b99-468b-8106-1127bd7f98a5,listed,,,,,,no
rhysida,Pierce Township,US,Government & Defense,2026-08-14,http://rhysidafohrhyy2aszi7bm32tnjat5xri65fopcxkdfxhi4tidsg7cad.onion/archive.php?company=259,listed,,,,,,no
qilin,Radiant,SG,,2026-08-14,http://ijzn3sicrcy7guixkzjkib4ukbiilwc3xhnmby4mcbccnsd7j2rekvqd.onion/site/blog?uuid=cc2f4575-21b9-4a39-911f-ff46b675f64c,listed,,,,,,no
clop,ZEBRA.COM,US,Manufacturing,2026-08-14,http://ekbgzchl6x2ias37.onion,listed,,,,,,no
qilin,Lercher Werkzeugbau,AT,Manufacturing,2026-08-14,http://ijzn3sicrcy7guixkzjkib4ukbiilwc3xhnmby4mcbccnsd7j2rekvqd.onion/site/blog?uuid=0a89537d-3153-43ab-818b-ea2994bb5459,listed,,,,,,no
qilin,3f,DK,,2026-08-14,http://ijzn3sicrcy7guixkzjkib4ukbiilwc3xhnmby4mcbccnsd7j2rekvqd.onion/site/blog?uuid=c80def38-53a7-49d1-9727-54c3a576330c,listed,,,,,,no
qilin,PenLink,US,Government & Defense,2026-08-14,http://ijzn3sicrcy7guixkzjkib4ukbiilwc3xhnmby4mcbccnsd7j2rekvqd.onion/site/blog?uuid=1fc225ea-e524-4f35-9a18-dfb1e1a6cefc,listed,,,,,,no
qilin,Urban Worldwide,NL,Other,2026-08-14,http://ijzn3sicrcy7guixkzjkib4ukbiilwc3xhnmby4mcbccnsd7j2rekvqd.onion/site/blog?uuid=72327559-ff5b-4769-99b2-5c59365f99f3,listed,,,,,,no
m3rx,tecnoabi.com,BR,Technology,2026-08-14,http://4k6plf4h2cm2nco6ae3inrsxnmqgl6lllmwefydhnlcq4tuhwbj4qpad.onion#tecnoabi.com,listed,,300 GB,,published,http://4k6plf4h2cm2nco6ae3inrsxnmqgl6lllmwefydhnlcq4tuhwbj4qpad.onion,yes
storm,Hinman Straub,US,Professional Services,2026-08-14,http://yqhecvqtdvq6p7duqcgw2qca77spbgakxcoibtx6zpvfshltsbbbhfqd.onion/company/6a7dc4cf45ae13d15ffa974e,listed,,,,,,no
storm,3-point Australia,AU,Other,2026-08-14,http://yqhecvqtdvq6p7duqcgw2qca77spbgakxcoibtx6zpvfshltsbbbhfqd.onion/company/6a7dc33045ae13d15ffa974d,listed,,,,,,no
storm,Rood & Riddle Equine Hospital,US,Healthcare,2026-08-14,http://yqhecvqtdvq6p7duqcgw2qca77spbgakxcoibtx6zpvfshltsbbbhfqd.onion/company/6a7b26b0a345574b57c7c5dc,listed,,,,,,no
storm,Canadian Mental Health Association,CA,Healthcare,2026-08-14,http://yqhecvqtdvq6p7duqcgw2qca77spbgakxcoibtx6zpvfshltsbbbhfqd.onion/company/6a7b2351a345574b57c7c5db,listed,,,,,,no
storm,Tapper Cuddy LLP,CA,Professional Services,2026-08-14,http://yqhecvqtdvq6p7duqcgw2qca77spbgakxcoibtx6zpvfshltsbbbhfqd.onion/company/6a7b2075a345574b57c7c5da,listed,,,,,,no
storm,Integra Castings,CA,Manufacturing,2026-08-14,http://yqhecvqtdvq6p7duqcgw2qca77spbgakxcoibtx6zpvfshltsbbbhfqd.onion/company/6a7b1621a345574b57c7c5d9,listed,,,,,,no
storm,Southern Metals Company,US,Manufacturing,2026-08-14,http://yqhecvqtdvq6p7duqcgw2qca77spbgakxcoibtx6zpvfshltsbbbhfqd.onion/company/6a7a2e2aa345574b57c7c5d8,listed,,,,,,no
shinyhunters,Metabase,US,Technology,2026-08-14,http://toolatedhs5dtr2pv6h5kdraneak5gs3sxrecqhoufc5e45edior7mqd.onion,listed,,,,,,no
shinyhunters,"Sharecare, Inc.",US,Healthcare,2026-08-14,http://toolatedhs5dtr2pv6h5kdraneak5gs3sxrecqhoufc5e45edior7mqd.onion,listed,,,,,,no
thegentlemen,IPS,IT,,2026-08-14,http://tezwsse5czllksjb7cwp65rvnk4oobmzti2znn42i43bjdfd2prqqkad.onion,listed,,,,,,no
shinyhunters,"Carhartt, Inc.",US,Retail & E-Commerce,2026-08-14,http://toolatedhs5dtr2pv6h5kdraneak5gs3sxrecqhoufc5e45edior7mqd.onion,listed,,,,,,no
thegentlemen,Gfeller Treuhand und Verwaltungs,CH,Professional Services,2026-08-14,http://tezwsse5czllksjb7cwp65rvnk4oobmzti2znn42i43bjdfd2prqqkad.onion,listed,,,,,,no
shinyhunters,Cook Medical LLC,US,Healthcare,2026-08-14,http://toolatedhs5dtr2pv6h5kdraneak5gs3sxrecqhoufc5e45edior7mqd.onion,listed,,,,,,no
thegentlemen,Gravity Coffee,US,Retail & E-Commerce,2026-08-14,http://tezwsse5czllksjb7cwp65rvnk4oobmzti2znn42i43bjdfd2prqqkad.onion,listed,,,,,,no
shinyhunters,"Baxter International, Inc.",US,Healthcare,2026-08-14,http://toolatedhs5dtr2pv6h5kdraneak5gs3sxrecqhoufc5e45edior7mqd.onion,listed,,,,,,no
thegentlemen,Ollies Place Kidswear,AU,Retail & E-Commerce,2026-08-14,http://tezwsse5czllksjb7cwp65rvnk4oobmzti2znn42i43bjdfd2prqqkad.onion,listed,,,,,,no
thegentlemen,The Coffee Bean,MY,Retail & E-Commerce,2026-08-14,http://tezwsse5czllksjb7cwp65rvnk4oobmzti2znn42i43bjdfd2prqqkad.onion,listed,,,,,,no
thegentlemen,KFC Kosova,,Hospitality,2026-08-14,http://tezwsse5czllksjb7cwp65rvnk4oobmzti2znn42i43bjdfd2prqqkad.onion,listed,,,,,,no
thegentlemen,First Coast Heart Vascular Center,US,Healthcare,2026-08-14,http://tezwsse5czllksjb7cwp65rvnk4oobmzti2znn42i43bjdfd2prqqkad.onion,listed,,,,,,no
thegentlemen,Cityside Homes,GB,,2026-08-14,http://tezwsse5czllksjb7cwp65rvnk4oobmzti2znn42i43bjdfd2prqqkad.onion,listed,,,,,,no
thegentlemen,Retail Business Management Systems,GB,Retail & E-Commerce,2026-08-14,http://tezwsse5czllksjb7cwp65rvnk4oobmzti2znn42i43bjdfd2prqqkad.onion,listed,,,,,,no
thegentlemen,TOA,JP,,2026-08-14,http://tezwsse5czllksjb7cwp65rvnk4oobmzti2znn42i43bjdfd2prqqkad.onion,listed,,,,,,no
thegentlemen,Tempel,DE,Other,2026-08-14,http://tezwsse5czllksjb7cwp65rvnk4oobmzti2znn42i43bjdfd2prqqkad.onion,listed,,,,,,no
thegentlemen,Plaza Auto Mall,MX,Retail & E-Commerce,2026-08-14,http://tezwsse5czllksjb7cwp65rvnk4oobmzti2znn42i43bjdfd2prqqkad.onion,listed,,,,,,no
thegentlemen,Avanta Maroc Ex Adecco,MA,Professional Services,2026-08-14,http://tezwsse5czllksjb7cwp65rvnk4oobmzti2znn42i43bjdfd2prqqkad.onion,listed,,,,,,no
thegentlemen,EKEPIS,GR,,2026-08-14,http://tezwsse5czllksjb7cwp65rvnk4oobmzti2znn42i43bjdfd2prqqkad.onion,listed,,,,,,no
thegentlemen,Megalaser Industria Metalurgica LTDA,BR,Manufacturing,2026-08-14,http://tezwsse5czllksjb7cwp65rvnk4oobmzti2znn42i43bjdfd2prqqkad.onion,listed,,,,,,no
thegentlemen,Community Connections,US,Other,2026-08-14,http://tezwsse5czllksjb7cwp65rvnk4oobmzti2znn42i43bjdfd2prqqkad.onion,listed,,,,,,no
thegentlemen,Acli,IT,,2026-08-14,http://tezwsse5czllksjb7cwp65rvnk4oobmzti2znn42i43bjdfd2prqqkad.onion,listed,,,,,,no
thegentlemen,Vector Two Technology,BR,Technology,2026-08-14,http://tezwsse5czllksjb7cwp65rvnk4oobmzti2znn42i43bjdfd2prqqkad.onion,listed,,,,,,no
blacknevas,ASCOM S.p.A. ascom-italy.it serviced by an IT company Emilcom S.r.l.,IT,Manufacturing,2026-08-14,http://ctyfftrjgtwdjzlgqh4avbd35sqrs6tde4oyam2ufbjch6oqpqtkdtid.onion/ce0e49bd-ae59-477d-abf8-af67fe2a29c0,listed,,,,,,no
silentransomgroup,Reminger,DE,Professional Services,2026-08-13,,listed,,,,,,no
incransom,https://pacific-construction.com/,GB,Manufacturing,2026-08-13,http://incblog6qu4y4mm4zvw5nrmue6qbwtgjsxpw6b7ixzssu36tsajldoad.onion/blog/disclosures/6a7e4ea49cd108bf269e158e,listed,,,,,,no
incransom,cambrialawfirm.com,CA,Professional Services,2026-08-13,http://incblog6qu4y4mm4zvw5nrmue6qbwtgjsxpw6b7ixzssu36tsajldoad.onion/blog/disclosures/6a7e49da9cd108bf269d76d0,listed,,,,,,no
coinbasecartel,Hitachi High-Tech,JP,Manufacturing,2026-08-13,http://fjg4zi4opkxkvdz7mvwp7h6goe4tcby3hhkrz43pht4j3vakhy75znyd.onion/companies/hitachi,listed,,,,,,no
rhysida,SIA Medical Centre,AU,Healthcare,2026-08-13,http://rhysidafohrhyy2aszi7bm32tnjat5xri65fopcxkdfxhi4tidsg7cad.onion/archive.php?company=258,listed,,,,,,no
dragonforce,GB Group S.A,PL,Financial Services,2026-08-13,http://z3wqggtxft7id3ibr7srivv5gjof5fwg76slewnzwwakjuf3nlhukdid.onion/blog/?post_uuid=172d1161-42f6-4f69-89a0-d401a2be2b54,listed,,,,,,no
qilin,D & J Beverage Service,US,Hospitality,2026-08-13,http://ijzn3sicrcy7guixkzjkib4ukbiilwc3xhnmby4mcbccnsd7j2rekvqd.onion/site/blog?uuid=775c1b28-1eb6-4ee7-b14f-277932b229d4,listed,,,,,,no
akira,CF Supply,,Retail & E-Commerce,2026-08-13,http://akiralkzxzq2dsrzsrvbr2xgbbu2wgsmxryd4csgfameg52n7efvr2id.onion,listed,,,,,,no
payload,Zara Investment Holding,JO,Financial Services,2026-08-13,http://payloadrz5yw227brtbvdqpnlhq3rdcdekdnn3rgucbcdeawq2v6vuyd.onion/posts/d137bbd6-880d-4822-9520-80f60c037465,listed,,64 GB,,countdown,http://payloadrz5yw227brtbvdqpnlhq3rdcdekdnn3rgucbcdeawq2v6vuyd.onion,yes
ailock,DAISEN,JP,Technology,2026-08-13,http://dhnsppqjaaa22lsqxl2tfhji4ca43743kubltnodvsft3hkvai77p6ad.onion,listed,,195Gb uncompressed data,,countdown,http://dhnsppqjaaa22lsqxl2tfhji4ca43743kubltnodvsft3hkvai77p6ad.onion,yes
ailock,Yaomasa,JP,,2026-08-13,http://dhnsppqjaaa22lsqxl2tfhji4ca43743kubltnodvsft3hkvai77p6ad.onion,listed,,628Gb uncompressed data,,countdown,http://dhnsppqjaaa22lsqxl2tfhji4ca43743kubltnodvsft3hkvai77p6ad.onion,yes
thegentlemen,Safeware,US,Technology,2026-08-13,http://tezwsse5czllksjb7cwp65rvnk4oobmzti2znn42i43bjdfd2prqqkad.onion,listed,,,,,,no
incransom,clgroup,US,Professional Services,2026-08-13,http://incblog6qu4y4mm4zvw5nrmue6qbwtgjsxpw6b7ixzssu36tsajldoad.onion/blog/disclosures/6a7d23ea9cd108bf2677be7a,listed,,,,,,no
nightspire,eas****,,,2026-08-13,http://nspireyzmvapgiwgtuoznlafqvlyz7ey6himtgn5bdvdcowfyto3yryd.onion,listed,,,,,,no
blacknevas,Portable Intelligence Inc www.portable-intelligence.com serviced by an IT company Computer...,US,Technology,2026-08-13,http://ctyfftrjgtwdjzlgqh4avbd35sqrs6tde4oyam2ufbjch6oqpqtkdtid.onion/334ea365-5531-4a9e-902e-8936568e0e87,listed,,,,,,no
silentransomgroup,Riker Danzig Scherer Hyland & Perretti,,Professional Services,2026-08-12,,listed,,,,,,no
kairos,Hightech Signs,US,Manufacturing,2026-08-12,http://erqnacjmdy3obvevyol7qhazkwkv57dwqvye5v46k5bcujtfa6sduad.onion,listed,,293 GB,,published,http://kairosgeuzkzz3ajntqcyxl3ib36szz3mg62mb3zbui33pbk3uzo4qqd.onion,yes
silentransomgroup,Riker Danzig LLP,US,Professional Services,2026-08-12,,listed,,,,,,no
incransom,gamaus.com,US,Technology,2026-08-12,http://incblog6qu4y4mm4zvw5nrmue6qbwtgjsxpw6b7ixzssu36tsajldoad.onion/blog/disclosures/6a7cc2679cd108bf266aea60,listed,,,,,,no
nightspire,Tianji Auto Care Service Company,TR,Transportation,2026-08-12,http://nspireyzmvapgiwgtuoznlafqvlyz7ey6himtgn5bdvdcowfyto3yryd.onion,listed,,,,,,no
blacknevas,Westbrook Greenhouse Systems www.westbrooksystems.com serviced by an IT company Computer C...,US,Agriculture and Food Production,2026-08-12,http://ctyfftrjgtwdjzlgqh4avbd35sqrs6tde4oyam2ufbjch6oqpqtkdtid.onion/fadee59c-ae05-4149-a569-e553a06c5ec5,listed,,,,,,no
blacknevas,Enteroptyx Ophthalmology Products www.enteroptyx.com serviced by an IT company Computer Co...,US,Healthcare,2026-08-12,http://ctyfftrjgtwdjzlgqh4avbd35sqrs6tde4oyam2ufbjch6oqpqtkdtid.onion/e5ed8156-9986-4589-abe1-1a42c865f891,listed,,,,,,no
blacknevas,Jack Rutherford Customs Brokers Ltd / The Rutherford Group www.therg.ca serviced by an IT ...,CA,Professional Services,2026-08-12,http://ctyfftrjgtwdjzlgqh4avbd35sqrs6tde4oyam2ufbjch6oqpqtkdtid.onion/e3eb3b89-131b-4e57-83fd-3fcb58ac35c9,listed,,,,,,no
qilin,United Association Local Union 345,US,Other,2026-08-12,http://ijzn3sicrcy7guixkzjkib4ukbiilwc3xhnmby4mcbccnsd7j2rekvqd.onion/site/blog?uuid=6ab8ea48-5461-4614-a76a-a70fd3a42589,listed,,,,,,no
incransom,BEDC.COM.AU,AU,Energy & Utilities,2026-08-12,http://incblog6qu4y4mm4zvw5nrmue6qbwtgjsxpw6b7ixzssu36tsajldoad.onion/blog/disclosures/6a7c86919cd108bf266231b4,listed,,,,,,no
incransom,diabetesandmetabolism.com,US,Healthcare,2026-08-12,http://incblog6qu4y4mm4zvw5nrmue6qbwtgjsxpw6b7ixzssu36tsajldoad.onion/blog/disclosures/6a7c827d9cd108bf26618d5d,listed,,,,,,no
clop,AOL.COM,US,Technology,2026-08-12,http://santat7kpllt6iyvqbr7q4amdv6dzrh6paatvyrzl7ry3zm72zigf4ad.onion/,listed,,,,,,no
clop,GATE7LLC.COMGBBEV.COM,GB,,2026-08-12,http://santat7kpllt6iyvqbr7q4amdv6dzrh6paatvyrzl7ry3zm72zigf4ad.onion/,listed,,,,,,no
clop,ENTERATEK.MXESBERBEVERAGE.COM,MX,Agriculture and Food Production,2026-08-12,http://santat7kpllt6iyvqbr7q4amdv6dzrh6paatvyrzl7ry3zm72zigf4ad.onion/,listed,,,,,,no
clop,NUVITIA.COM,ES,Technology,2026-08-12,http://toznnag5o3ambca56s2yacteu7q7x2avrfherzmz4nmujrjuib4iusad.onion,listed,,,,,,no
clop,IPMSOLUTIONS.SK,SK,Professional Services,2026-08-12,http://toznnag5o3ambca56s2yacteu7q7x2avrfherzmz4nmujrjuib4iusad.onion,listed,,,,,,no
clop,ECCELLENT.COM,IT,Other,2026-08-12,http://toznnag5o3ambca56s2yacteu7q7x2avrfherzmz4nmujrjuib4iusad.onion,listed,,,,,,no
clop,STNET.IT,IT,Technology,2026-08-12,http://toznnag5o3ambca56s2yacteu7q7x2avrfherzmz4nmujrjuib4iusad.onion,listed,,,,,,no
clop,QCPL.IN,IN,Manufacturing,2026-08-12,http://ekbgzchl6x2ias37.onion,listed,,,,,,no
clop,FLUIDLOGIC.COM,US,Technology,2026-08-12,http://ekbgzchl6x2ias37.onion,listed,,,,,,no
clop,MIDLANDIND.COM.AU,AU,Manufacturing,2026-08-12,http://ekbgzchl6x2ias37.onion,listed,,,,,,no
clop,ITKHOLDING.HU,HU,Technology,2026-08-12,http://ekbgzchl6x2ias37.onion,listed,,,,,,no
clop,G3AEROSPACE.COM,US,Government & Defense,2026-08-12,http://ekbgzchl6x2ias37.onion,listed,,,,,,no
clop,ARCHERGREY.COM,US,Other,2026-08-12,http://ekbgzchl6x2ias37.onion,listed,,,,,,no
clop,OMNITANKER.COM,US,Transportation,2026-08-12,http://ekbgzchl6x2ias37.onion,listed,,,,,,no
clop,LIFESTRAW.COM,US,Retail & E-Commerce,2026-08-12,http://ekbgzchl6x2ias37.onion,listed,,,,,,no
clop,SPKAA.COM,KZ,,2026-08-12,http://ekbgzchl6x2ias37.onion,listed,,,,,,no
clop,IVALUESYS.COM,US,Technology,2026-08-12,http://ekbgzchl6x2ias37.onion,listed,,,,,,no
clop,NUOVACMM.COM,IT,Other,2026-08-12,http://ekbgzchl6x2ias37.onion,listed,,,,,,no
clop,THERMOS.COM,US,Retail & E-Commerce,2026-08-12,http://ekbgzchl6x2ias37.onion,listed,,,,,,no
clop,WATERLANDPE.COM,PE,Other,2026-08-12,http://ekbgzchl6x2ias37.onion,listed,,,,,,no
clop,9ALTITUDES.COM,IN,Technology,2026-08-12,http://ekbgzchl6x2ias37.onion,listed,,,,,,no
clop,INTELLIHOT.COM,US,Hospitality,2026-08-12,http://ekbgzchl6x2ias37.onion,listed,,,,,,no
clop,INTELLIGENTGROWTHSOLUTIONS.COM,US,Professional Services,2026-08-12,http://ekbgzchl6x2ias37.onion,listed,,,,,,no
clop,HONGHE-TECH.COM,CN,Technology,2026-08-12,http://ekbgzchl6x2ias37.onion,listed,,,,,,no
clop,ATOMBERG.COM,IN,Manufacturing,2026-08-12,http://ekbgzchl6x2ias37.onion,listed,,,,,,no
clop,CLOVER.COM,US,Retail & E-Commerce,2026-08-12,http://ekbgzchl6x2ias37.onion,listed,,,,,,no
clop,JPMGROUP.CO.IN,IN,Financial Services,2026-08-12,http://ekbgzchl6x2ias37.onion,listed,,,,,,no
clop,BRILLONCONSUMER.COM (BRILLONCONSUMER.COM),MX,Retail & E-Commerce,2026-08-12,http://ekbgzchl6x2ias37.onion,listed,,,,,,no
clop,SUUNTO.CN (SUUNTO.COM),FI,Retail & E-Commerce,2026-08-12,http://ekbgzchl6x2ias37.onion,listed,,,,,,no
clop,SMAPCENTER.UAH.EDU,US,Education,2026-08-12,http://ekbgzchl6x2ias37.onion,listed,,,,,,no
clop,TRISTAR.COM,US,,2026-08-12,http://ekbgzchl6x2ias37.onion,listed,,,,,,no
clop,MAMASANDPAPAS.COM,GB,Retail & E-Commerce,2026-08-12,http://ekbgzchl6x2ias37.onion,listed,,,,,,no
clop,CORNELIUS.COM,US,,2026-08-12,http://ekbgzchl6x2ias37.onion,listed,,,,,,no
clop,MAMMUT.COM,CH,Retail & E-Commerce,2026-08-12,http://ekbgzchl6x2ias37.onion,listed,,,,,,no
clop,PARTECH.COM,US,Technology,2026-08-12,http://ekbgzchl6x2ias37.onion,listed,,,,,,no
clop,STARKEY.COM,US,Healthcare,2026-08-12,http://ekbgzchl6x2ias37.onion,listed,,,,,,no
clop,LARGAN.COM.TW,TW,Manufacturing,2026-08-12,http://ekbgzchl6x2ias37.onion,listed,,,,,,no
clop,TOASTTAB.COM,US,Hospitality,2026-08-12,http://ekbgzchl6x2ias37.onion,listed,,,,,,no
clop,IRCO.COM,IR,,2026-08-12,http://ekbgzchl6x2ias37.onion,listed,,,,,,no
clop,ALDOGROUP.COM (ALDOSHOES.COM),CA,Retail & E-Commerce,2026-08-12,http://ekbgzchl6x2ias37.onion,listed,,,,,,no
clop,PHILIPS.COM,NL,Healthcare,2026-08-12,http://ekbgzchl6x2ias37.onion,listed,,,,,,no
clop,FISERV.COM,US,Financial Services,2026-08-12,http://ekbgzchl6x2ias37.onion,listed,,,,,,no
clop,GE.COM,US,Technology,2026-08-12,http://ekbgzchl6x2ias37.onion,listed,,,,,,no
clop,NETPOWER.COM,,Technology,2026-08-12,http://ekbgzchl6x2ias37.onion,listed,,,,,,no
clop,SHELL.COM (August 2026),GB,Energy & Utilities,2026-08-12,http://ekbgzchl6x2ias37.onion,listed,,,,,,no
blacknevas,COMPUTER COUNTRY AND NETWORKS,,Technology,2026-08-12,http://ctyfftrjgtwdjzlgqh4avbd35sqrs6tde4oyam2ufbjch6oqpqtkdtid.onion/80fc5086-bf81-4cb1-beb4-ddf5c5b598d9,listed,,,,,,no
incransom,stuartandassociates.com,US,Professional Services,2026-08-12,http://incblog6qu4y4mm4zvw5nrmue6qbwtgjsxpw6b7ixzssu36tsajldoad.onion/blog/disclosures/6a7c7a059cd108bf26607e5f,listed,,,,,,no
majinahanashi,SON-VIDEO,FR,Retail & E-Commerce,2026-08-12,http://lthicpjqc7gkn5eq3epxndc2uig3yngvcbdya4u3m3byjod5km4yuwqd.onion/#post/blog-4,listed,,,,,,no
majinahanashi,GRUPO STARFOODS,PT,Agriculture and Food Production,2026-08-12,,listed,,,,,,no
majinahanashi,CDA,IT,,2026-08-12,,listed,,,,,,no
majinahanashi,WONDR DIAMONDS & D GEM MOUNT,US,Retail & E-Commerce,2026-08-12,,listed,,,,,,no
majinahanashi,CARIBE / SUBRA,CO,Other,2026-08-12,,listed,,,,,,no
majinahanashi,SCHMITZ & NITTENWILM,DE,Manufacturing,2026-08-12,,listed,,,,,,no
majinahanashi,Goccia S.p.A.,IT,Manufacturing,2026-08-12,,listed,,,,,,no
majinahanashi,Camandona SA,CH,,2026-08-12,,listed,,,,,,no
majinahanashi,ALTAIR,US,Technology,2026-08-12,,listed,,,,,,no
majinahanashi,UAB Biotecha,LT,Healthcare,2026-08-12,,listed,,,,,,no
majinahanashi,ETICOD,,,2026-08-12,,listed,,,,,,no
majinahanashi,CALICHE,CL,Energy & Utilities,2026-08-12,,listed,,,,,,no
emperador,City Government of Baguio,PH,Government & Defense,2026-08-12,http://emprdr4p7iwlhpky33tswt3k2qdeljyjcdpoysabudmmrz4z32laexad.onion/post/city-government-of-baguio/,listed,,2.9 GB,1,published,http://emprdr4p7iwlhpky33tswt3k2qdeljyjcdpoysabudmmrz4z32laexad.onion,yes
krybit,hisstw.com,TW,,2026-08-12,http://krybitxdpxohsmjooeb3gbgpmdddreh6mnflzac6bnezz74b7yje67yd.onion/blog/ff84b7d0b77969b42cd3abe145d477e021bc2dd5852a20d715e3d08d731232e2/,listed,,,,,,no
krybit,labindia.com,IN,Healthcare,2026-08-12,http://krybitxdpxohsmjooeb3gbgpmdddreh6mnflzac6bnezz74b7yje67yd.onion/blog/459776472b220d683a312e1fa3dc5166c3827df67d9f6b829d500ec04e52e15f/,listed,,,,,,no
krybit,lhyk.com.sg,SG,Other,2026-08-12,http://krybitxdpxohsmjooeb3gbgpmdddreh6mnflzac6bnezz74b7yje67yd.onion/blog/2126d4e8e748b01c022bb4c8b74a674adcab995ab861bf99c810422bfec6d57f/,listed,,,,,,no
qilin,Wanted,NL,,2026-08-12,http://ijzn3sicrcy7guixkzjkib4ukbiilwc3xhnmby4mcbccnsd7j2rekvqd.onion/site/blog?uuid=fb9a3982-5863-4b3f-8621-5ffe07df3847,listed,,,,,,no
ethics,BerlinerLuft. Technology GmbH,DE,Technology,2026-08-12,http://ethics67vxjomvlcugjovv4fc3g6ru5tpwotg533d4j3uf2btmnndead.onion/showcase#a76a246c-fc46-4c31-b3a3-a565d0b7ec29,listed,,,,,,no
ethics,"Holstrom, Block & Parke, A Professional Law",US,Professional Services,2026-08-12,http://ethics67vxjomvlcugjovv4fc3g6ru5tpwotg533d4j3uf2btmnndead.onion/showcase#61fbecca-a68d-4ef5-8c66-5c2543ddd9ef,listed,,,,,,no
ethics,Philadelphia Insurance Companies,US,Financial Services,2026-08-12,http://ethics67vxjomvlcugjovv4fc3g6ru5tpwotg533d4j3uf2btmnndead.onion/showcase#015bbfda-0511-4345-9933-7523b0b0a30f,listed,,,,,,no
silentransomgroup,R...er,,,2026-08-12,https://business-data-leaks.com/about#eac8494dbf48d8d6a0c1edb1f,listed,,,,,,no
silentransomgroup,R... D...,,,2026-08-12,https://business-data-leaks.com/about#66235b940dde0d7390718de91,listed,,,,,,no
spacebears,Basso Fedele & Figli S.r.l. (Olio Basso) / Villa Raiano,IT,Agriculture and Food Production,2026-08-12,http://5butbkrljkaorg5maepuca25oma7eiwo6a2rlhvkblb4v6mf3ki2ovid.onion/companies/68/basso-fedele-figli-srl-olio-basso-villa-raiano,listed,,,,published,http://5butbkrljkaorg5maepuca25oma7eiwo6a2rlhvkblb4v6mf3ki2ovid.onion,yes
genesis,**E***,US,,2026-08-11,http://genesis6ixpb5mcy4kudybtw5op2wqlrkocfogbnenz3c647ibqixiad.onion/9e19757b54df85888c12/,listed,,,,,,no
orova,"Ganzhou Xinye Craft Co., Ltd.",HK,Manufacturing,2026-08-11,http://mzlajyncb2rafn5bsb7esmo73kyawjxeirunba27n6nermmafzlcp4qd.onion/idlfthynicdrnnzkss/,listed,,,,,,no
panzer,Xpress Tech,,Technology,2026-08-11,http://pnzruro7syvwvefx5mpo2fhzi4jftgquynsqf3vy5x3no57yp2iz4nyd.onion/company/xpress-tech,listed,,,,,,no
settra,powdr.com,US,Hospitality,2026-08-11,http://settra5ldqwgtw5q7z5awbsvlksakyfojuc5slgrz5lvapune4fantqd.onion/leaks/18694f37-4515-482b-b7e0-c42933eb6947,listed,,,,,,no
settra,firstdigital.com,US,Technology,2026-08-11,http://settra5ldqwgtw5q7z5awbsvlksakyfojuc5slgrz5lvapune4fantqd.onion/leaks/085455e1-d0cb-40e1-b49c-0be6cc545f35,listed,,,,,,no
settra,flowco-inc.com,US,Other,2026-08-11,http://settra5ldqwgtw5q7z5awbsvlksakyfojuc5slgrz5lvapune4fantqd.onion/leaks/e5376563-0e93-42cb-b2e1-82c8ea3d3139,listed,,,,,,no
settra,oligo.de,DE,Technology,2026-08-11,http://settra5ldqwgtw5q7z5awbsvlksakyfojuc5slgrz5lvapune4fantqd.onion/leaks/e7a01ccb-36fb-4a9b-b0a3-e695450b3ac3,listed,,,,,,no
qilin,G.M.A. GRANDI MARCHE AUTOMOBILI - S.R.L,IT,Transportation,2026-08-11,http://ijzn3sicrcy7guixkzjkib4ukbiilwc3xhnmby4mcbccnsd7j2rekvqd.onion/site/blog?uuid=4e83e92f-9bdd-4f12-907b-e98a783774fe,listed,,,,,,no
qilin,Crown Group,PK,Other,2026-08-11,http://ijzn3sicrcy7guixkzjkib4ukbiilwc3xhnmby4mcbccnsd7j2rekvqd.onion/site/blog?uuid=6072235c-e4c9-4151-b086-8e83ed5b9fd7,listed,,,,,,no
dragonforce,QPC Global,GB,Other,2026-08-11,http://z3wqggtxft7id3ibr7srivv5gjof5fwg76slewnzwwakjuf3nlhukdid.onion/blog/?post_uuid=13482e3f-7d7f-4b88-b6bd-b0e8468b7498,listed,,,,,,no
settra,profinrg.nl,NL,Professional Services,2026-08-11,http://settra5ldqwgtw5q7z5awbsvlksakyfojuc5slgrz5lvapune4fantqd.onion/leaks/06d0e9fa-fb15-42d7-8663-c530e7763fcd,listed,,,,,,no
settra,advancedtaxsolutions.com,US,Professional Services,2026-08-11,http://settra5ldqwgtw5q7z5awbsvlksakyfojuc5slgrz5lvapune4fantqd.onion/leaks/d44ace04-b8f0-4b39-be26-39c9eaa783a6,listed,,,,,,no
interlock,AngMar Companies,,,2026-08-11,http://xkqqpb46vk7appesxtmotbrweogkux6gheyonqpk2dxbuqetgt3cvrad.onion/index.php?p=,listed,,710 GB,,published,http://ebhmkoohccl45qesdbvrjqtyro2hmhkmh6vkyfyjjzfllm3ix72aqaid.onion/leaks.php,yes
payload,B&B Hydraulik,DE,Manufacturing,2026-08-11,http://payloadrz5yw227brtbvdqpnlhq3rdcdekdnn3rgucbcdeawq2v6vuyd.onion/posts/aea6bcf8-61d1-4eae-a870-f7c7367b2d34,listed,,54 GB,,countdown,http://payloadrz5yw227brtbvdqpnlhq3rdcdekdnn3rgucbcdeawq2v6vuyd.onion,yes
payload,Stücheli Architekten,CH,Professional Services,2026-08-11,http://payloadrz5yw227brtbvdqpnlhq3rdcdekdnn3rgucbcdeawq2v6vuyd.onion/posts/4669b9bc-d2ca-4dbd-915c-3602406b8132,listed,,5 GB,,countdown,http://payloadrz5yw227brtbvdqpnlhq3rdcdekdnn3rgucbcdeawq2v6vuyd.onion,yes
payload,Baya Technologies,,Technology,2026-08-11,http://payloadrz5yw227brtbvdqpnlhq3rdcdekdnn3rgucbcdeawq2v6vuyd.onion/posts/72905d59-7eea-4b01-9739-e2eec504e371,listed,,45 GB,,countdown,http://payloadrz5yw227brtbvdqpnlhq3rdcdekdnn3rgucbcdeawq2v6vuyd.onion,yes
krybit,www.kilpi-koskinen.fi,FI,Other,2026-08-11,http://krybitqsdzwmhnitvwuhvsntfgf2wrhxveyxroxpc44c6gkft2cqldyd.onion/blog/67f8d9ab763c7643085b2123508f6e46cc5d8319f906fd54b45439219b8ad67f/,listed,,,,,,no
krybit,www.apsanet.com.ar,AR,Professional Services,2026-08-11,http://krybitqsdzwmhnitvwuhvsntfgf2wrhxveyxroxpc44c6gkft2cqldyd.onion/blog/63c6dd880c17eb4b5d36f88b3ce7a82cf1ea4b87e2bff56763b2116879dcf604/,listed,,,,,,no
qilin,Service Evaluation Concepts,US,Professional Services,2026-08-11,http://ijzn3sicrcy7guixkzjkib4ukbiilwc3xhnmby4mcbccnsd7j2rekvqd.onion/site/blog?uuid=801161a8-5902-4a46-bebb-0162cc2d2990,listed,,,,,,no
qilin,tommer construction,US,Manufacturing,2026-08-11,http://ijzn3sicrcy7guixkzjkib4ukbiilwc3xhnmby4mcbccnsd7j2rekvqd.onion/site/blog?uuid=9e4c0161-1011-4c9a-88f7-412512a69477,listed,,,,,,no
direwolf,Leafwell,US,Healthcare,2026-08-11,http://direwolfcdkv5whaz2spehizdg22jsuf5aeje4asmetpbt6ri4jnd4qd.onion/api/public/articles/81,listed,,,,published,http://direwolfcdkv5whaz2spehizdg22jsuf5aeje4asmetpbt6ri4jnd4qd.onion,yes
aurora,FREYWILLE,AT,Retail & E-Commerce,2026-08-11,http://u6lieui2dakbctcjea2bz4r4q32r7t36nwljovqbv7mxs6o2smgxixid.onion/blog/freywille-7c86d6ae,listed,,,,,,no
genesis,Interim HealthCare,US,Healthcare,2026-08-11,http://genesis6ixpb5mcy4kudybtw5op2wqlrkocfogbnenz3c647ibqixiad.onion/7f2a0a2775f800d932ea/,listed,,,,published,http://genesis6ixpb5mcy4kudybtw5op2wqlrkocfogbnenz3c647ibqixiad.onion,yes
direwolf,BigSpark,AI,,2026-08-10,http://direwolfcdkv5whaz2spehizdg22jsuf5aeje4asmetpbt6ri4jnd4qd.onion/api/public/articles/80,listed,,,,published,http://direwolfcdkv5whaz2spehizdg22jsuf5aeje4asmetpbt6ri4jnd4qd.onion,yes
anubis,Cleaver-Brooks,US,Manufacturing,2026-08-10,http://om6q4a6cyipxvt7ioudxt24cw4oqu4yodmqzl25mqd2hgllymrgu4aqd.onion/r/dYhaxPlEm+MM1HGZrdjsCQ2zwR+TdXRV5fWA04IB7AJL7GAC53hyLGgzLN25Kh6uDrrSTzDBmSVEqH1eIJWIHM0WUtyWlU5,listed,,737 GB,,published,http://anubisyfkh5rixydjpoo3jqucauajz2juybrbtuglcppjj2y3eg3y6ad.onion,yes
deadlock,LT Group / Fortune Tobacco Corp,PH,Manufacturing,2026-08-10,,listed,,"27 GB | Files: 14,836",,published,http://deadblogdbdu5wprek7wa2o4ce7rnt6u6ntqeud3hzjjcveosgpsqqqd.onion,yes
genesis,Consolidated Medical Practices of Memphis,US,Healthcare,2026-08-10,http://genesis6ixpb5mcy4kudybtw5op2wqlrkocfogbnenz3c647ibqixiad.onion/8134b54f8d2622fd7303/,listed,,,,published,http://genesis6ixpb5mcy4kudybtw5op2wqlrkocfogbnenz3c647ibqixiad.onion,yes
genesis,Interim HealthCare (Oklahoma and Tulsa),US,Healthcare,2026-08-10,http://genesis6ixpb5mcy4kudybtw5op2wqlrkocfogbnenz3c647ibqixiad.onion/7f2a0a2775f800d932ea/,listed,,,,,,no
direwolf,Chat Jurídico,BR,Professional Services,2026-08-10,http://direwolfcdkv5whaz2spehizdg22jsuf5aeje4asmetpbt6ri4jnd4qd.onion/api/public/articles/78,listed,,,,,,no
direwolf,Merge,US,Technology,2026-08-10,http://direwolfcdkv5whaz2spehizdg22jsuf5aeje4asmetpbt6ri4jnd4qd.onion/api/public/articles/79,listed,,,,,,no
qilin,HIGEN MOTOR(critical data),KR,Manufacturing,2026-08-10,http://ijzn3sicrcy7guixkzjkib4ukbiilwc3xhnmby4mcbccnsd7j2rekvqd.onion/site/blog?uuid=42480710-90bb-40d8-a036-99178d61af50,listed,,,,,,no
direwolf,Swyft Inc.,US,Technology,2026-08-10,http://direwolfcdkv5whaz2spehizdg22jsuf5aeje4asmetpbt6ri4jnd4qd.onion/api/public/articles/77,listed,,,,,,no
direwolf,"AliveCor, Inc.",US,Healthcare,2026-08-10,http://direwolfcdkv5whaz2spehizdg22jsuf5aeje4asmetpbt6ri4jnd4qd.onion/api/public/articles/71,listed,,,,,,no
direwolf,Statista GmbH,DE,Professional Services,2026-08-10,http://direwolfcdkv5whaz2spehizdg22jsuf5aeje4asmetpbt6ri4jnd4qd.onion/api/public/articles/72,listed,,,,,,no
direwolf,Quironsalud,ES,Healthcare,2026-08-10,http://direwolfcdkv5whaz2spehizdg22jsuf5aeje4asmetpbt6ri4jnd4qd.onion/api/public/articles/73,listed,,,,,,no
direwolf,Health Carousel,PH,Healthcare,2026-08-10,http://direwolfcdkv5whaz2spehizdg22jsuf5aeje4asmetpbt6ri4jnd4qd.onion/api/public/articles/74,listed,,,,,,no
direwolf,Fondo,,Financial Services,2026-08-10,http://direwolfcdkv5whaz2spehizdg22jsuf5aeje4asmetpbt6ri4jnd4qd.onion/api/public/articles/75,listed,,,,,,no
direwolf,Osmo Wallet,US,Financial Services,2026-08-10,http://direwolfcdkv5whaz2spehizdg22jsuf5aeje4asmetpbt6ri4jnd4qd.onion/api/public/articles/76,listed,,,,,,no
bravox,Elettrica System,IT,Energy & Utilities,2026-08-10,http://bravoxxwcfz5qk43ychgveprpd5mw5hvxfs4a2uz2okx7mumiht4fzyd.onion/blog/1cb930f6-d190-4bc2-bea6-c39d503ce9e2,listed,,,,,,no
global secret group,Coggins Insurance Agency,US,Financial Services,2026-08-10,http://o5lsqyar7ox25z734k6zaxt2vf7bsyi4q5rturi5iyxzqo3ica7bjsad.onion/project/18/,listed,,85.9 GB,,listed,http://o5lsqyar7ox25z734k6zaxt2vf7bsyi4q5rturi5iyxzqo3ica7bjsad.onion,yes
bravox,Verona 83,IT,,2026-08-10,http://bravoxxwcfz5qk43ychgveprpd5mw5hvxfs4a2uz2okx7mumiht4fzyd.onion/blog/90f902f2-8f2a-4812-a692-e5d7c9ff2204,listed,,,,,,no
unsafe,Presentations.AI,US,Technology,2026-08-10,http://unsafeipw6wbkzzmj7yqp7bz6j7ivzynggmwxsm6u2wwfmfqrxqrrhyd.onion/reel/6a79814c8b907544821fbbb6?page=1,listed,,,12,countdown,http://unsafeipw6wbkzzmj7yqp7bz6j7ivzynggmwxsm6u2wwfmfqrxqrrhyd.onion,yes
akira,Alcast,,Manufacturing,2026-08-10,http://akiralkzxzq2dsrzsrvbr2xgbbu2wgsmxryd4csgfameg52n7efvr2id.onion,listed,,,,,,no
panzer,The Minor Food Group,TH,Agriculture and Food Production,2026-08-10,http://pnzruro7syvwvefx5mpo2fhzi4jftgquynsqf3vy5x3no57yp2iz4nyd.onion/company/the-minor-food-group,listed,,,,,,no
akira,One Vision Imaging,,Healthcare,2026-08-10,http://akiralkzxzq2dsrzsrvbr2xgbbu2wgsmxryd4csgfameg52n7efvr2id.onion,listed,,,,,,no
akira,i4 Solutions,,Technology,2026-08-10,http://akiralkzxzq2dsrzsrvbr2xgbbu2wgsmxryd4csgfameg52n7efvr2id.onion,listed,,,,,,no
global secret group,MACOFIN HELLAS S.A.,GR,Financial Services,2026-08-10,http://o5lsqyar7ox25z734k6zaxt2vf7bsyi4q5rturi5iyxzqo3ica7bjsad.onion/project/38/,listed,,55.3 GB,48089,listed,http://o5lsqyar7ox25z734k6zaxt2vf7bsyi4q5rturi5iyxzqo3ica7bjsad.onion,yes
qilin,City of Winchester,US,Government & Defense,2026-08-10,http://ijzn3sicrcy7guixkzjkib4ukbiilwc3xhnmby4mcbccnsd7j2rekvqd.onion/site/blog?uuid=3df43ee6-1240-49b4-beaa-0711e332d8e1,listed,,,,,,no
qilin,B Wright Drywall,US,Manufacturing,2026-08-10,http://ijzn3sicrcy7guixkzjkib4ukbiilwc3xhnmby4mcbccnsd7j2rekvqd.onion/site/blog?uuid=c579404e-4bb7-4cee-b62a-e7119942263a,listed,,,,,,no
global secret group,Cook Remodeling,US,Other,2026-08-10,http://o5lsqyar7ox25z734k6zaxt2vf7bsyi4q5rturi5iyxzqo3ica7bjsad.onion/project/37/,listed,,23.2 GB,47193,listed,http://o5lsqyar7ox25z734k6zaxt2vf7bsyi4q5rturi5iyxzqo3ica7bjsad.onion,yes
storm,Southern Metals,US,Manufacturing,2026-08-10,http://yqhecvqtdvq6p7duqcgw2qca77spbgakxcoibtx6zpvfshltsbbbhfqd.onion/company/6a79a2bb7a5bd158e10b4e55,listed,,,,,,no
storm,TRP International,US,Other,2026-08-10,http://yqhecvqtdvq6p7duqcgw2qca77spbgakxcoibtx6zpvfshltsbbbhfqd.onion/company/6a79a2387a5bd158e10b4e54,listed,,,,,,no
storm,Supportive Insurance Services,US,Financial Services,2026-08-10,http://yqhecvqtdvq6p7duqcgw2qca77spbgakxcoibtx6zpvfshltsbbbhfqd.onion/company/6a79a1897a5bd158e10b4e53,listed,,,,,,no
wallstreet,T.RAD North America,US,Technology,2026-08-10,,listed,,,,,,no
wallstreet,Black Hills Bentonite,US,Manufacturing,2026-08-10,,listed,,,,,,no
spacebears,Elixi International SA,CH,Healthcare,2026-08-10,http://5butbkrljkaorg5maepuca25oma7eiwo6a2rlhvkblb4v6mf3ki2ovid.onion/companies/67/elixi-international-sa,listed,,,,published,http://5butbkrljkaorg5maepuca25oma7eiwo6a2rlhvkblb4v6mf3ki2ovid.onion,yes
unsafe,DECK APP TECHNOLOGIES PTE. LTD,IN,Technology,2026-08-10,http://unsafeipw6wbkzzmj7yqp7bz6j7ivzynggmwxsm6u2wwfmfqrxqrrhyd.onion/reel/6a79814c8b907544821fbbb6?page=1,listed,,,,,,no
thegentlemen,PharmaEssentia,TW,Healthcare,2026-08-10,http://tezwsse5czllksjb7cwp65rvnk4oobmzti2znn42i43bjdfd2prqqkad.onion,listed,,,,,,no
thegentlemen,CONTAC Ingenieros,CL,Professional Services,2026-08-10,http://tezwsse5czllksjb7cwp65rvnk4oobmzti2znn42i43bjdfd2prqqkad.onion,listed,,,,,,no
thegentlemen,RAK Construction,IN,Manufacturing,2026-08-10,http://tezwsse5czllksjb7cwp65rvnk4oobmzti2znn42i43bjdfd2prqqkad.onion,listed,,,,,,no
thegentlemen,Lancesoft India,IN,Technology,2026-08-10,http://tezwsse5czllksjb7cwp65rvnk4oobmzti2znn42i43bjdfd2prqqkad.onion,listed,,,,,,no
thegentlemen,AIMS Group,GB,Other,2026-08-10,http://tezwsse5czllksjb7cwp65rvnk4oobmzti2znn42i43bjdfd2prqqkad.onion,listed,,,,,,no
thegentlemen,AnMed,US,Healthcare,2026-08-10,http://tezwsse5czllksjb7cwp65rvnk4oobmzti2znn42i43bjdfd2prqqkad.onion,listed,,,,,,no
thegentlemen,NTU Alumni Club,SG,Education,2026-08-10,http://tezwsse5czllksjb7cwp65rvnk4oobmzti2znn42i43bjdfd2prqqkad.onion,listed,,,,,,no
thegentlemen,Canopy Support Services,CA,Professional Services,2026-08-10,http://tezwsse5czllksjb7cwp65rvnk4oobmzti2znn42i43bjdfd2prqqkad.onion,listed,,,,,,no
thegentlemen,Mikel Coffee,GR,Retail & E-Commerce,2026-08-10,http://tezwsse5czllksjb7cwp65rvnk4oobmzti2znn42i43bjdfd2prqqkad.onion,listed,,,,,,no
thegentlemen,Hong Kong Baptist University,HK,Education,2026-08-10,http://tezwsse5czllksjb7cwp65rvnk4oobmzti2znn42i43bjdfd2prqqkad.onion,listed,,,,,,no
thegentlemen,Eva Care,GB,Healthcare,2026-08-10,http://tezwsse5czllksjb7cwp65rvnk4oobmzti2znn42i43bjdfd2prqqkad.onion,listed,,,,,,no
thegentlemen,Premier Pigs,GB,Agriculture and Food Production,2026-08-10,http://tezwsse5czllksjb7cwp65rvnk4oobmzti2znn42i43bjdfd2prqqkad.onion,listed,,,,,,no
thegentlemen,Zion Contracting,US,Other,2026-08-10,http://tezwsse5czllksjb7cwp65rvnk4oobmzti2znn42i43bjdfd2prqqkad.onion,listed,,,,,,no
play,MIE Solutions,GB,Professional Services,2026-08-09,http://j75o7xvvsm4lpsjhkjvb4wl2q6ajegvabe6oswthuaubbykk4xkzgpid.onion/topic.php?id=jgnbxtBA0AKyzY,listed,,,,,,no
play,Rilpa Enterprises,,,2026-08-09,http://j75o7xvvsm4lpsjhkjvb4wl2q6ajegvabe6oswthuaubbykk4xkzgpid.onion/topic.php?id=tlzf4PYMpW8BZK,listed,,,,,,no
play,Marconi Industrial Services,IT,Manufacturing,2026-08-09,http://j75o7xvvsm4lpsjhkjvb4wl2q6ajegvabe6oswthuaubbykk4xkzgpid.onion/topic.php?id=HwXk2QZx36SxC,listed,,,,,,no
qilin,Synergy Interactive,US,Technology,2026-08-09,http://ijzn3sicrcy7guixkzjkib4ukbiilwc3xhnmby4mcbccnsd7j2rekvqd.onion/site/blog?uuid=b55a52c0-4816-4ca7-a89c-024e46c24a16,listed,,,,,,no
qilin,Energetic Development Corp,TW,Energy & Utilities,2026-08-09,http://ijzn3sicrcy7guixkzjkib4ukbiilwc3xhnmby4mcbccnsd7j2rekvqd.onion/site/blog?uuid=2bf31111-a40e-4647-bb53-b01d0b72f8ad,listed,,,,,,no
qilin,Panda Logistics Taichung Branch,TW,Transportation,2026-08-09,http://ijzn3sicrcy7guixkzjkib4ukbiilwc3xhnmby4mcbccnsd7j2rekvqd.onion/site/blog?uuid=4de511f7-4127-4bb4-befe-5081979525ce,listed,,,,,,no
qilin,East Field Corporation,JP,Agriculture and Food Production,2026-08-09,http://ijzn3sicrcy7guixkzjkib4ukbiilwc3xhnmby4mcbccnsd7j2rekvqd.onion/site/blog?uuid=cc5662c2-688c-4658-aadb-8061b82637fc,listed,,,,,,no
qilin,Chun Tai Sing Chemical Industry,HK,Manufacturing,2026-08-09,http://ijzn3sicrcy7guixkzjkib4ukbiilwc3xhnmby4mcbccnsd7j2rekvqd.onion/site/blog?uuid=dbd3a953-b173-430a-ba8f-45711f80893c,listed,,,,,,no
qilin,pm-energy Die Solarexperten,DE,Energy & Utilities,2026-08-09,http://ijzn3sicrcy7guixkzjkib4ukbiilwc3xhnmby4mcbccnsd7j2rekvqd.onion/site/blog?uuid=bc867830-0246-450d-bbae-f93b24ef345d,listed,,,,,,no
unsafe,Constellation HomeBuilder Systems,US,Manufacturing,2026-08-09,http://unsafeipw6wbkzzmj7yqp7bz6j7ivzynggmwxsm6u2wwfmfqrxqrrhyd.onion/reel/6a788dc78b907544821fb857?page=1,listed,,,,countdown,http://unsafeipw6wbkzzmj7yqp7bz6j7ivzynggmwxsm6u2wwfmfqrxqrrhyd.onion,yes
qilin,Harplast SRL,RO,Manufacturing,2026-08-09,http://ijzn3sicrcy7guixkzjkib4ukbiilwc3xhnmby4mcbccnsd7j2rekvqd.onion/site/blog?uuid=9b358bc3-8762-4521-8745-6f84463cf078,listed,,,,,,no
qilin,Price Shoes,MX,Retail & E-Commerce,2026-08-09,http://ijzn3sicrcy7guixkzjkib4ukbiilwc3xhnmby4mcbccnsd7j2rekvqd.onion/site/blog?uuid=7628b972-0301-4538-b81f-b05da191a574,listed,,,,,,no
qilin,Naval Interior Team,FI,Government & Defense,2026-08-09,http://ijzn3sicrcy7guixkzjkib4ukbiilwc3xhnmby4mcbccnsd7j2rekvqd.onion/site/blog?uuid=ab374723-8098-489f-b410-22f166d857f1,listed,,,,,,no
qilin,Phithan Phanich,TH,Manufacturing,2026-08-09,http://ijzn3sicrcy7guixkzjkib4ukbiilwc3xhnmby4mcbccnsd7j2rekvqd.onion/site/blog?uuid=1a755bb9-ed64-4b19-9afd-a24a2458e050,listed,,,,,,no
qilin,Grupo Diestra,PE,Manufacturing,2026-08-09,http://ijzn3sicrcy7guixkzjkib4ukbiilwc3xhnmby4mcbccnsd7j2rekvqd.onion/site/blog?uuid=38a0301d-4b84-4f56-a5d4-8d8181bf9980,listed,,,,,,no
qilin,Université Libre de Bruxelles,BE,Education,2026-08-09,http://ijzn3sicrcy7guixkzjkib4ukbiilwc3xhnmby4mcbccnsd7j2rekvqd.onion/site/blog?uuid=ef8cba54-167e-47a1-b86c-205daf4c8ad4,listed,,,,,,no
shinyhunters,Ali** **********,,Technology,2026-08-09,https://shnyhntww34phqoa6dcgnvps2yu7dlwzmy5lkvejwjdo6z7bmgshzayd.onion/#AlienTechnology,listed,,,,,,no
sovcali,Lucidmotors,US,Transportation,2026-08-09,http://z3mojpjnxt5tgqvu4wgosihl7pxvrcbyjcgquw2bwkyye5gwbhnf4kqd.onion#FN-014,listed,,,,,,no
qilin,Service d'usinage 9002,CA,Manufacturing,2026-08-09,http://ijzn3sicrcy7guixkzjkib4ukbiilwc3xhnmby4mcbccnsd7j2rekvqd.onion/site/blog?uuid=7c0be3ef-a162-4795-8fb1-9d4375a743bd,listed,,,,,,no
krybit,studiotibaldi.it,IT,Professional Services,2026-08-09,http://krybitx3fh5krdnhegyp2ob3lhizsaiadturtio3ginf7it5gsdgu2yd.onion/blog/39b1b6646b2110e79ac532e169720824c3d842d02ce0c61e95658835ac24d084/,listed,,,,,,no
panzer,Siam Oil Product,TH,Energy & Utilities,2026-08-09,http://pnzruro7syvwvefx5mpo2fhzi4jftgquynsqf3vy5x3no57yp2iz4nyd.onion/company/siam-oil-product,listed,,,,,,no
panzer,Daily Trust,NG,Other,2026-08-08,http://pnzruro7syvwvefx5mpo2fhzi4jftgquynsqf3vy5x3no57yp2iz4nyd.onion/company/daily-trust,listed,,,,,,no
qilin,Impact Centre Chrétien,FR,Other,2026-08-08,http://ijzn3sicrcy7guixkzjkib4ukbiilwc3xhnmby4mcbccnsd7j2rekvqd.onion/site/blog?uuid=beeeda5d-f120-4c05-8e03-78c2d8785c59,listed,,,,,,no
incransom,Louisville Bar Association,US,Professional Services,2026-08-08,http://incblog6qu4y4mm4zvw5nrmue6qbwtgjsxpw6b7ixzssu36tsajldoad.onion/blog/disclosures/6a623df35ae71db30c7eabbf,listed,,,,,,no
qilin,Clausing,DE,Manufacturing,2026-08-08,http://ijzn3sicrcy7guixkzjkib4ukbiilwc3xhnmby4mcbccnsd7j2rekvqd.onion/site/blog?uuid=6a51158d-1290-4eb0-884a-597a8ffd28a0,listed,,,,,,no
qilin,CLLS Co Ltd,SG,,2026-08-08,http://ijzn3sicrcy7guixkzjkib4ukbiilwc3xhnmby4mcbccnsd7j2rekvqd.onion/site/blog?uuid=519326ff-4372-4dd4-82d5-a11cc4270a2f,listed,,,,,,no
everest,Ingersoll Rand,US,Manufacturing,2026-08-08,http://everestndkvzcibcje2cqxhre2hmmybl3rn2gwzwsblz7gx6uryn5rad.onion/news/ingersoll-rand,listed,,118 GB,,published,http://everestndkvzcibcje2cqxhre2hmmybl3rn2gwzwsblz7gx6uryn5rad.onion,yes
everest,Omnicell,US,Healthcare,2026-08-08,http://everestndkvzcibcje2cqxhre2hmmybl3rn2gwzwsblz7gx6uryn5rad.onion/news/omnicell,listed,,,,,,no
storm,United Group of Companies,US,Other,2026-08-08,http://yqhecvqtdvq6p7duqcgw2qca77spbgakxcoibtx6zpvfshltsbbbhfqd.onion/company/6a7641d97a5bd158e10b4e50,listed,,,,,,no
storm,Sawyer Savings Bank,US,Financial Services,2026-08-08,http://yqhecvqtdvq6p7duqcgw2qca77spbgakxcoibtx6zpvfshltsbbbhfqd.onion/company/6a7640d37a5bd158e10b4e4f,listed,,,,,,no
bravox,MEDICOS,FR,Healthcare,2026-08-07,http://bravoxxwcfz5qk43ychgveprpd5mw5hvxfs4a2uz2okx7mumiht4fzyd.onion/blog/7c38473b-91cb-4ca1-a5a2-6f3b6d9b750b,listed,,,,,,no
blacknevas,OTEGROUP,OM,Other,2026-08-07,http://ctyfftrjgtwdjzlgqh4avbd35sqrs6tde4oyam2ufbjch6oqpqtkdtid.onion/f8830413-b940-4d3e-899c-7deb7cc7816e,listed,,,,,,no
spacebears,Hitech Distribuzione Informatica S.r.l. (HTDI),IT,Technology,2026-08-07,http://5butbkrljkaorg5maepuca25oma7eiwo6a2rlhvkblb4v6mf3ki2ovid.onion/companies/66/hitech-distribuzione-informatica-srl-htdi,listed,,,,published,http://5butbkrljkaorg5maepuca25oma7eiwo6a2rlhvkblb4v6mf3ki2ovid.onion,yes
storm,Pioneer Bank,US,Financial Services,2026-08-07,http://yqhecvqtdvq6p7duqcgw2qca77spbgakxcoibtx6zpvfshltsbbbhfqd.onion/company/6a74574247a334030324d8d2,listed,,,,,,no
thegentlemen,Hartfiel Automation,DE,Manufacturing,2026-08-07,http://tezwsse5czllksjb7cwp65rvnk4oobmzti2znn42i43bjdfd2prqqkad.onion,listed,,,,,,no
ransomhouse,Alya Construtora,BR,Manufacturing,2026-08-07,http://zohlm7ahjwegcedoz7lrdrti7bvpofymcayotp744qhx6gjmxbuo2yid.onion/r/19bca2b67df413d91b31d025de4d2f745cb3c60a,listed,,,,,,no
qilin,Astro Electroplating,US,Manufacturing,2026-08-07,http://ijzn3sicrcy7guixkzjkib4ukbiilwc3xhnmby4mcbccnsd7j2rekvqd.onion/site/blog?uuid=4906fb28-6622-49df-9338-73f4b4e91a86,listed,,,,,,no
qilin,Filtronic,GB,Manufacturing,2026-08-07,http://ijzn3sicrcy7guixkzjkib4ukbiilwc3xhnmby4mcbccnsd7j2rekvqd.onion/site/blog?uuid=c75881ec-b0e7-4099-aee0-caef7b261b65,listed,,,,,,no
qilin,EISNER ZT GMBH,AT,Professional Services,2026-08-07,http://ijzn3sicrcy7guixkzjkib4ukbiilwc3xhnmby4mcbccnsd7j2rekvqd.onion/site/blog?uuid=974b106a-a203-4569-b4e4-a567d7e21946,listed,,,,,,no
qilin,"John C Saunders, CPA",US,Professional Services,2026-08-07,http://ijzn3sicrcy7guixkzjkib4ukbiilwc3xhnmby4mcbccnsd7j2rekvqd.onion/site/blog?uuid=2eec9b51-1ccb-4bf6-a228-7d751fe967f1,listed,,,,,,no
qilin,Nikan Awasisak Agency,CA,,2026-08-07,http://ijzn3sicrcy7guixkzjkib4ukbiilwc3xhnmby4mcbccnsd7j2rekvqd.onion/site/blog?uuid=63e7d7e4-5f75-4113-9b47-10bf1b87fd57,listed,,,,,,no
qilin,Depona,SE,Technology,2026-08-07,http://ijzn3sicrcy7guixkzjkib4ukbiilwc3xhnmby4mcbccnsd7j2rekvqd.onion/site/blog?uuid=2a00e647-2aa5-4227-97f8-73df2d6bf8e4,listed,,,,,,no
clop,CONTINENTAL.AERO,US,Transportation,2026-08-07,http://santat7kpllt6iyvqbr7q4amdv6dzrh6paatvyrzl7ry3zm72zigf4ad.onion/continental-aero,listed,,,,,,no
clop,MINDRAY.COM,CN,Healthcare,2026-08-07,http://santat7kpllt6iyvqbr7q4amdv6dzrh6paatvyrzl7ry3zm72zigf4ad.onion/mindray-com,listed,,,,,,no
incransom,ATMS,IN,Transportation,2026-08-07,http://incblog6qu4y4mm4zvw5nrmue6qbwtgjsxpw6b7ixzssu36tsajldoad.onion/blog/disclosures/6a705e329cd108bf26faa3a1,listed,,,,,,no
nightspire,T***w**x,,,2026-08-07,http://nspire7lugml7ybqyjaaxtsgrs4qn3fcon3lrjbih6wamttvdm5ke4qd.onion,listed,,,,,,no
l group,uva.edu.br,BR,Education,2026-08-07,http://4zrjdyuq4sjogm2epwwoleegquavhwo3o7fakstnlgox6guqt3qpe4qd.onion/posts/uva.edu.br/,listed,,,,,,no
l group,ausfec1.com.au,AU,Other,2026-08-07,http://4zrjdyuq4sjogm2epwwoleegquavhwo3o7fakstnlgox6guqt3qpe4qd.onion/posts/ausfec1.com.au/,listed,,,,,,no
l group,rosekennedygreenway.org,US,Other,2026-08-07,http://4zrjdyuq4sjogm2epwwoleegquavhwo3o7fakstnlgox6guqt3qpe4qd.onion/posts/rosekennedygreenway.org/,listed,,,,,,no
l group,jean-petit.lu,LU,Retail & E-Commerce,2026-08-07,http://4zrjdyuq4sjogm2epwwoleegquavhwo3o7fakstnlgox6guqt3qpe4qd.onion/posts/jean-petit.lu/,listed,,,,,,no
l group,atp.chaco.gob.ar,AR,Government & Defense,2026-08-07,http://4zrjdyuq4sjogm2epwwoleegquavhwo3o7fakstnlgox6guqt3qpe4qd.onion/posts/atp.chaco.gob.ar/,listed,,,,,,no
l group,l-a.com.vn,VN,,2026-08-07,http://4zrjdyuq4sjogm2epwwoleegquavhwo3o7fakstnlgox6guqt3qpe4qd.onion/posts/l-a.com.vn/,listed,,,,,,no
l group,automobile-mueller.info,DE,Transportation,2026-08-07,http://4zrjdyuq4sjogm2epwwoleegquavhwo3o7fakstnlgox6guqt3qpe4qd.onion/posts/automobile-mueller.info/,listed,,,,,,no
l group,laticrete.com.cn,CN,Manufacturing,2026-08-07,http://4zrjdyuq4sjogm2epwwoleegquavhwo3o7fakstnlgox6guqt3qpe4qd.onion/posts/laticrete.com.cn/,listed,,,,,,no
l group,mygoalseek.com,US,Professional Services,2026-08-07,http://4zrjdyuq4sjogm2epwwoleegquavhwo3o7fakstnlgox6guqt3qpe4qd.onion/posts/mygoalseek.com/,listed,,,,,,no
l group,psec.com.ar,AR,Technology,2026-08-07,http://4zrjdyuq4sjogm2epwwoleegquavhwo3o7fakstnlgox6guqt3qpe4qd.onion/posts/psec.com.ar/,listed,,,,,,no
l group,bouygues-es.fr,FR,Energy & Utilities,2026-08-07,http://4zrjdyuq4sjogm2epwwoleegquavhwo3o7fakstnlgox6guqt3qpe4qd.onion/posts/bouygues-es.fr/,listed,,,,,,no
l group,ferretornillos.com,MX,Retail & E-Commerce,2026-08-07,http://4zrjdyuq4sjogm2epwwoleegquavhwo3o7fakstnlgox6guqt3qpe4qd.onion/posts/ferretornillos.com/,listed,,,,,,no
l group,ratnasagar.com,IN,,2026-08-07,http://4zrjdyuq4sjogm2epwwoleegquavhwo3o7fakstnlgox6guqt3qpe4qd.onion/posts/ratnasagar.com/,listed,,,,,,no
l group,brdigital.net.br,BR,Technology,2026-08-07,http://4zrjdyuq4sjogm2epwwoleegquavhwo3o7fakstnlgox6guqt3qpe4qd.onion/posts/brdigital.net.br/,listed,,,,,,no
l group,daycohost.com,US,Technology,2026-08-07,http://4zrjdyuq4sjogm2epwwoleegquavhwo3o7fakstnlgox6guqt3qpe4qd.onion/posts/daycohost.com/,listed,,,,,,no
l group,venezolanadepinturas.com,VE,Manufacturing,2026-08-07,http://4zrjdyuq4sjogm2epwwoleegquavhwo3o7fakstnlgox6guqt3qpe4qd.onion/posts/venezolanadepinturas.com/,listed,,,,,,no
l group,nokotapackers.com,US,Agriculture and Food Production,2026-08-07,http://4zrjdyuq4sjogm2epwwoleegquavhwo3o7fakstnlgox6guqt3qpe4qd.onion/posts/nokotapackers.com/,listed,,,,,,no
l group,immobilia.hu,HU,Retail & E-Commerce,2026-08-07,http://4zrjdyuq4sjogm2epwwoleegquavhwo3o7fakstnlgox6guqt3qpe4qd.onion/posts/immobilia.hu/,listed,,,,,,no
l group,gslusa.com,US,Professional Services,2026-08-07,http://4zrjdyuq4sjogm2epwwoleegquavhwo3o7fakstnlgox6guqt3qpe4qd.onion/posts/gslusa.com/,listed,,,,,,no
l group,www.racheljulien.com,CA,Professional Services,2026-08-07,http://4zrjdyuq4sjogm2epwwoleegquavhwo3o7fakstnlgox6guqt3qpe4qd.onion/posts/racheljulien.com/,listed,,,,,,no
l group,coastproduce.com,AU,Agriculture and Food Production,2026-08-07,http://4zrjdyuq4sjogm2epwwoleegquavhwo3o7fakstnlgox6guqt3qpe4qd.onion/posts/coastproduce.com/,listed,,,,,,no
l group,zuckers.com,DE,Retail & E-Commerce,2026-08-07,http://4zrjdyuq4sjogm2epwwoleegquavhwo3o7fakstnlgox6guqt3qpe4qd.onion/posts/zuckers.com/,listed,,,,,,no
l group,onsite-eng.ca,CA,Professional Services,2026-08-07,http://4zrjdyuq4sjogm2epwwoleegquavhwo3o7fakstnlgox6guqt3qpe4qd.onion/posts/onsite-eng/,listed,,,,,,no
l group,doclv.com,LV,Professional Services,2026-08-07,http://4zrjdyuq4sjogm2epwwoleegquavhwo3o7fakstnlgox6guqt3qpe4qd.onion/posts/doclv.com/,listed,,,,,,no
l group,www.upbrand.com,US,Retail & E-Commerce,2026-08-07,http://4zrjdyuq4sjogm2epwwoleegquavhwo3o7fakstnlgox6guqt3qpe4qd.onion/posts/upbrand.com/,listed,,,,,,no
l group,cookieskids.com,US,Retail & E-Commerce,2026-08-07,http://4zrjdyuq4sjogm2epwwoleegquavhwo3o7fakstnlgox6guqt3qpe4qd.onion/posts/cookieskids.com/,listed,,,,,,no
thegentlemen,DHC,JP,,2026-08-07,http://tezwsse5czllksjb7cwp65rvnk4oobmzti2znn42i43bjdfd2prqqkad.onion,listed,,,,,,no
thegentlemen,INKA Group GmbH Co,DE,Manufacturing,2026-08-07,http://tezwsse5czllksjb7cwp65rvnk4oobmzti2znn42i43bjdfd2prqqkad.onion,listed,,,,,,no
thegentlemen,Vitex Pharmaceuticals,,Healthcare,2026-08-07,http://tezwsse5czllksjb7cwp65rvnk4oobmzti2znn42i43bjdfd2prqqkad.onion,listed,,,,,,no
thegentlemen,Mdj Management,,Other,2026-08-07,http://tezwsse5czllksjb7cwp65rvnk4oobmzti2znn42i43bjdfd2prqqkad.onion,listed,,,,,,no
thegentlemen,Hst,US,,2026-08-07,http://tezwsse5czllksjb7cwp65rvnk4oobmzti2znn42i43bjdfd2prqqkad.onion,listed,,,,,,no
thegentlemen,Groupe BPCE,VN,Financial Services,2026-08-07,http://tezwsse5czllksjb7cwp65rvnk4oobmzti2znn42i43bjdfd2prqqkad.onion/#Groupe_BPCE,listed,,,,,,no
thegentlemen,Axson Teknik,SE,Manufacturing,2026-08-07,http://tezwsse5czllksjb7cwp65rvnk4oobmzti2znn42i43bjdfd2prqqkad.onion,listed,,,,,,no
thegentlemen,Ponti,PL,Other,2026-08-07,http://tezwsse5czllksjb7cwp65rvnk4oobmzti2znn42i43bjdfd2prqqkad.onion,listed,,,,,,no
thegentlemen,Godollo,HU,Agriculture and Food Production,2026-08-07,http://tezwsse5czllksjb7cwp65rvnk4oobmzti2znn42i43bjdfd2prqqkad.onion,listed,,,,,,no
thegentlemen,Hoang Chiropractic Center,US,Healthcare,2026-08-07,http://tezwsse5czllksjb7cwp65rvnk4oobmzti2znn42i43bjdfd2prqqkad.onion,listed,,,,,,no
thegentlemen,aZaaS,US,Technology,2026-08-07,http://tezwsse5czllksjb7cwp65rvnk4oobmzti2znn42i43bjdfd2prqqkad.onion,listed,,,,,,no
thegentlemen,HIWIN,IT,Manufacturing,2026-08-07,http://tezwsse5czllksjb7cwp65rvnk4oobmzti2znn42i43bjdfd2prqqkad.onion,listed,,,,,,no
thegentlemen,National Furniture Outlet,US,Retail & E-Commerce,2026-08-07,http://tezwsse5czllksjb7cwp65rvnk4oobmzti2znn42i43bjdfd2prqqkad.onion,listed,,,,,,no
thegentlemen,TESI,IT,,2026-08-07,http://tezwsse5czllksjb7cwp65rvnk4oobmzti2znn42i43bjdfd2prqqkad.onion,listed,,,,,,no
thegentlemen,Intranet Gov Brasil,BR,Government & Defense,2026-08-07,http://tezwsse5czllksjb7cwp65rvnk4oobmzti2znn42i43bjdfd2prqqkad.onion,listed,,,,,,no
thegentlemen,Feraboli Zootech,IT,Agriculture and Food Production,2026-08-07,http://tezwsse5czllksjb7cwp65rvnk4oobmzti2znn42i43bjdfd2prqqkad.onion,listed,,,,,,no
thegentlemen,Nobema,DE,Technology,2026-08-07,http://tezwsse5czllksjb7cwp65rvnk4oobmzti2znn42i43bjdfd2prqqkad.onion,listed,,,,,,no
thegentlemen,Vemec,AR,Manufacturing,2026-08-07,http://tezwsse5czllksjb7cwp65rvnk4oobmzti2znn42i43bjdfd2prqqkad.onion,listed,,,,,,no
thegentlemen,LensAss Architecten,BE,Professional Services,2026-08-07,http://tezwsse5czllksjb7cwp65rvnk4oobmzti2znn42i43bjdfd2prqqkad.onion,listed,,,,,,no
thegentlemen,Phase Technologies,US,Technology,2026-08-07,http://tezwsse5czllksjb7cwp65rvnk4oobmzti2znn42i43bjdfd2prqqkad.onion,listed,,,,,,no
thegentlemen,Holborn European Marketing,CY,Professional Services,2026-08-07,http://tezwsse5czllksjb7cwp65rvnk4oobmzti2znn42i43bjdfd2prqqkad.onion,listed,,,,,,no
thegentlemen,ZS Salovnova,CZ,,2026-08-07,http://tezwsse5czllksjb7cwp65rvnk4oobmzti2znn42i43bjdfd2prqqkad.onion,listed,,,,,,no
thegentlemen,Halliday Watkins Mann,US,Professional Services,2026-08-07,http://tezwsse5czllksjb7cwp65rvnk4oobmzti2znn42i43bjdfd2prqqkad.onion,listed,,,,,,no
thegentlemen,YY Business Solutions,US,Other,2026-08-07,http://tezwsse5czllksjb7cwp65rvnk4oobmzti2znn42i43bjdfd2prqqkad.onion/#YY,listed,,,,,,no
storm,NCA Alarms,US,Other,2026-08-07,http://yqhecvqtdvq6p7duqcgw2qca77spbgakxcoibtx6zpvfshltsbbbhfqd.onion/company/6a74686547a334030324d8d4,listed,,,,,,no
storm,Nelson Manufacturing,US,Manufacturing,2026-08-07,http://yqhecvqtdvq6p7duqcgw2qca77spbgakxcoibtx6zpvfshltsbbbhfqd.onion/company/6a74677347a334030324d8d3,listed,,,,,,no
storm,Southern Indiana Radiological Associates,US,Healthcare,2026-08-07,http://yqhecvqtdvq6p7duqcgw2qca77spbgakxcoibtx6zpvfshltsbbbhfqd.onion/company/6a74565c47a334030324d8d1,listed,,,,,,no
storm,Liberty Healthcare Corporation,US,Healthcare,2026-08-07,http://yqhecvqtdvq6p7duqcgw2qca77spbgakxcoibtx6zpvfshltsbbbhfqd.onion/company/6a73308f318c975b8c8812f7,listed,,,,,,no
storm,EvansPetree,US,Other,2026-08-07,http://yqhecvqtdvq6p7duqcgw2qca77spbgakxcoibtx6zpvfshltsbbbhfqd.onion/company/6a73280f318c975b8c8812f5,listed,,,,,,no
storm,OVP Health,US,Healthcare,2026-08-07,http://yqhecvqtdvq6p7duqcgw2qca77spbgakxcoibtx6zpvfshltsbbbhfqd.onion/company/6a70923f2e24aea81135223b,listed,,,,,,no
helix,Venture Logistics,,Transportation,2026-08-07,http://helix2kvkqjzrkh3ospyukij7uemxwvbdmqberjmrudjmqy4hspwzzqd.onion/p/f2cb1153792fbedb831aa6280d414b35473e8e3a297904b810003b04d8eca445,listed,,,,countdown,http://helixr2sncrd3ndsz5oho6mzqw3x5u7mvox5zcsngc5wm7v4l5k7oryd.onion/leaks,yes
helix,Uber,US,Transportation,2026-08-07,http://helix2kvkqjzrkh3ospyukij7uemxwvbdmqberjmrudjmqy4hspwzzqd.onion/p/98709deba70bbdf82c24ed60e779c06c8cf8fec574c10403a9c0caff8e5b84df,listed,,,,countdown,http://helixr2sncrd3ndsz5oho6mzqw3x5u7mvox5zcsngc5wm7v4l5k7oryd.onion/leaks,yes
helix,Highwoods Properties,US,Other,2026-08-07,http://helix2kvkqjzrkh3ospyukij7uemxwvbdmqberjmrudjmqy4hspwzzqd.onion/p/0194658fe7e20d85cecdfb41e2e7545b5d60ac3a53314ecc52c0e239ac6e912c,listed,,,,countdown,http://helixr2sncrd3ndsz5oho6mzqw3x5u7mvox5zcsngc5wm7v4l5k7oryd.onion/leaks,yes
helix,Morguard,US,,2026-08-07,http://helix2kvkqjzrkh3ospyukij7uemxwvbdmqberjmrudjmqy4hspwzzqd.onion/p/c986586defd4792920f696b167ebdef91eca624746fe6cb5c6a06a0661e43d09,listed,,,,published,http://helixr2sncrd3ndsz5oho6mzqw3x5u7mvox5zcsngc5wm7v4l5k7oryd.onion/leaks,yes
helix,Westland Insurance,CA,Financial Services,2026-08-07,http://helix2kvkqjzrkh3ospyukij7uemxwvbdmqberjmrudjmqy4hspwzzqd.onion/p/380506d310d5417b836512938f95a302a7fb021fbe54b9f392da079aaf9ade1e,listed,,,,published,http://helixr2sncrd3ndsz5oho6mzqw3x5u7mvox5zcsngc5wm7v4l5k7oryd.onion/leaks,yes
krybit,reflet2000.fr,FR,Other,2026-08-07,http://krybitqsdzwmhnitvwuhvsntfgf2wrhxveyxroxpc44c6gkft2cqldyd.onion/blog/6a016f41ca1953ff139063dbb3c3871fbf732c574f69562ccc6db847eb3f24e2/,listed,,,,,,no
krybit,www.actini.com,FR,Technology,2026-08-07,http://krybitqsdzwmhnitvwuhvsntfgf2wrhxveyxroxpc44c6gkft2cqldyd.onion/blog/8a0bdf901623710a4eef9699878ae33d2fc778edb5e3b5f6302f955744120676/,listed,,,,,,no
krybit,www.ernat-bureau-etudes.fr,FR,Professional Services,2026-08-07,http://krybitqsdzwmhnitvwuhvsntfgf2wrhxveyxroxpc44c6gkft2cqldyd.onion/blog/80cae2a90e73a84acb9e51e10c40dd58a836d3f650b8f27c39558c72443c56f2/,listed,,,,,,no
krybit,www.serengetiestates.co.za,ZA,,2026-08-07,http://krybitqsdzwmhnitvwuhvsntfgf2wrhxveyxroxpc44c6gkft2cqldyd.onion/blog/7e121542cd77343c3ec610ab2858bc58699b2db394b17158f892e8aecab5efa5/,listed,,,,,,no
krybit,www.hymiasa.com,PE,Other,2026-08-07,http://krybitqsdzwmhnitvwuhvsntfgf2wrhxveyxroxpc44c6gkft2cqldyd.onion/blog/1ab5f193436e8e5bac8c4accc7a225451aa0ed1ca4e6d65d8a1491dc289a84f0/,listed,,,,,,no
silentransomgroup,Mayer Brown,US,Professional Services,2026-08-07,,listed,,,,,,no
qilin,Crystal Pharmatech,US,Healthcare,2026-08-06,http://ijzn3sicrcy7guixkzjkib4ukbiilwc3xhnmby4mcbccnsd7j2rekvqd.onion/site/blog?uuid=7bd8601b-91ae-4038-beed-c1874f4bbf01,listed,,,,listed,http://ijzn3sicrcy7guixkzjkib4ukbiilwc3xhnmby4mcbccnsd7j2rekvqd.onion,yes
play,Signature Services,,Professional Services,2026-08-06,http://j75o7xvvsm4lpsjhkjvb4wl2q6ajegvabe6oswthuaubbykk4xkzgpid.onion/topic.php?id=dj7YZ0SGIBx7A0,listed,,,,,,no
play,GCATS Investments,US,Financial Services,2026-08-06,http://j75o7xvvsm4lpsjhkjvb4wl2q6ajegvabe6oswthuaubbykk4xkzgpid.onion/topic.php?id=rSQ3WyESL5wR6,listed,,,,,,no
play,Platinum Group,US,Manufacturing,2026-08-06,http://j75o7xvvsm4lpsjhkjvb4wl2q6ajegvabe6oswthuaubbykk4xkzgpid.onion/topic.php?id=J7ZK0cLljprQOb,listed,,,,,,no
lynx,www.jerryleigh.com,US,Other,2026-08-06,http://lynxblogoxllth4b46cfwlop5pfj4s7dyv37yuy7qn2ftan6gd72hsad.onion/leaks/6a74c1aec192cbbf2fa8acff,listed,,,,,,no
lynx,www.talbotdes.org,GB,Other,2026-08-06,http://lynxblogoxllth4b46cfwlop5pfj4s7dyv37yuy7qn2ftan6gd72hsad.onion/leaks/6a74c293c192cbbf2fa8bfa1,listed,,,,,,no
gammax,King International LLC,US,Other,2026-08-06,http://gammax6w3dkfdjfrjthtmqzsioue52vzy6lz54qy6jcvmogfpubutjyd.onion/post/AFBmWr4p81arGYJQASFrgaRwBcLLK1Ta,listed,,171GB,51783,countdown,http://gammax6w3dkfdjfrjthtmqzsioue52vzy6lz54qy6jcvmogfpubutjyd.onion,yes
qilin,AmSpec,US,Energy & Utilities,2026-08-06,http://ijzn3sicrcy7guixkzjkib4ukbiilwc3xhnmby4mcbccnsd7j2rekvqd.onion/site/blog?uuid=4dc4bd1c-9916-4149-a82b-642a9e23b294,listed,,,,,,no
qilin,ALIZE (alize-sud.fr),FR,Professional Services,2026-08-06,http://ijzn3sicrcy7guixkzjkib4ukbiilwc3xhnmby4mcbccnsd7j2rekvqd.onion/site/blog?uuid=26abaf2b-fb11-4a68-a1cb-1cd418b7e57b,listed,,,,,,no
qilin,Jakle & Alexander,US,,2026-08-06,http://ijzn3sicrcy7guixkzjkib4ukbiilwc3xhnmby4mcbccnsd7j2rekvqd.onion/site/blog?uuid=72242ba7-5d40-4846-aaa2-074acda345bc,listed,,,,,,no
insomnia,Park Place Behavioral Health Care,US,Healthcare,2026-08-06,http://i62huw7ve22rpyw6lnq3kmfump2dmsg4xpveec3ere73njwatrz74gad.onion/Company/PPBH/,listed,,,,published,http://i62huw7ve22rpyw6lnq3kmfump2dmsg4xpveec3ere73njwatrz74gad.onion,yes
qilin,Akuur Law Firm,TR,Professional Services,2026-08-06,http://ijzn3sicrcy7guixkzjkib4ukbiilwc3xhnmby4mcbccnsd7j2rekvqd.onion/site/blog?uuid=37b6cd2d-889f-4ab4-8b97-0d8528ae86ab,listed,,,,,,no
qilin,J&T Bank and Trust,US,Financial Services,2026-08-06,http://ijzn3sicrcy7guixkzjkib4ukbiilwc3xhnmby4mcbccnsd7j2rekvqd.onion/site/blog?uuid=6ff6f42f-5a9e-47f9-8466-1920875d8b0e,listed,,,,,,no
bravox,MITC AG,CH,Other,2026-08-06,http://bravoxxwcfz5qk43ychgveprpd5mw5hvxfs4a2uz2okx7mumiht4fzyd.onion/blog/4dfabb7f-0484-4c9b-8f89-b42e7d21cc58,listed,,,,,,no
ransomhouse,TECHVENTURES BANK S.A.,PA,Financial Services,2026-08-06,http://zohlm7ahjwegcedoz7lrdrti7bvpofymcayotp744qhx6gjmxbuo2yid.onion/r/ebf1b68993fb6222ae653b1fa298cbccbc64e605,listed,,,,,,no
ransomhouse,City of Beacon,US,Government & Defense,2026-08-06,http://zohlm7ahjwegcedoz7lrdrti7bvpofymcayotp744qhx6gjmxbuo2yid.onion/r/715db150ad850a9455eb727f04e3e9d458c8708d,listed,,,,,,no
ransomhouse,lya Construtora,US,Manufacturing,2026-08-06,http://zohlm7ahjwegcedoz7lrdrti7bvpofymcayotp744qhx6gjmxbuo2yid.onion/r/462c9c93d6b73f0e5f64daec38abb925c9df816b,listed,,,,,,no
akira,Basic Grain Products,,Agriculture and Food Production,2026-08-06,http://akiral2iz6a7qgd3ayp3l6yub7xx2uep76idk3u2kollpj5z3z636bad.onion,listed,,,,,,no
akira,Pharma Test Apparatebau AG,CH,Manufacturing,2026-08-06,http://akiral2iz6a7qgd3ayp3l6yub7xx2uep76idk3u2kollpj5z3z636bad.onion,listed,,,,,,no
orova,First Baptist Church of Belleview,US,Other,2026-08-06,http://mzlajyncb2rafn5bsb7esmo73kyawjxeirunba27n6nermmafzlcp4qd.onion/vnrsqdwoflnrtavese/,listed,,,,,,no
ransomhouse,City of McMinnville OR,US,Government & Defense,2026-08-06,http://zohlm7ahjwegcedoz7lrdrti7bvpofymcayotp744qhx6gjmxbuo2yid.onion/r/a4bf23a23b9cb2aacd895899716edae314a98808,listed,,,,,,no
orova,Hilliard's Air Conditioning & Heating Inc,US,Professional Services,2026-08-06,http://mzlajyncb2rafn5bsb7esmo73kyawjxeirunba27n6nermmafzlcp4qd.onion/jlenxnweytiywqwjwm/,listed,,,,,,no
orova,Gemstone UK,US,Other,2026-08-06,http://mzlajyncb2rafn5bsb7esmo73kyawjxeirunba27n6nermmafzlcp4qd.onion/isrdaqhfinbvgfeqzu/,listed,,,,,,no
dragonforce,EduSpa,US,Hospitality,2026-08-06,http://z3wqggtxft7id3ibr7srivv5gjof5fwg76slewnzwwakjuf3nlhukdid.onion/blog/?post_uuid=9a456609-e7aa-4034-a7de-1645f7c50e6d,listed,,,,,,no
cry0,Hope's Windows,US,Retail & E-Commerce,2026-08-06,http://cryoblogedawivdcknyd4jsjxkrx3xrqqltxla6wwjjnzm3f3jaxjzqd.onion,listed,,,,,,no
dragonforce,Primary Eye Care,US,Healthcare,2026-08-06,http://z3wqggtxft7id3ibr7srivv5gjof5fwg76slewnzwwakjuf3nlhukdid.onion/blog/?post_uuid=b7c7a087-21bf-459f-b236-f1018767bacf,listed,,,,,,no
orova,St Theresa Catholic Church,US,Other,2026-08-06,http://mzlajyncb2rafn5bsb7esmo73kyawjxeirunba27n6nermmafzlcp4qd.onion/jbljtswysngszxoggh/,listed,,,,,,no
orova,"Stoneybrook West Master Association, Inc",US,Other,2026-08-06,http://mzlajyncb2rafn5bsb7esmo73kyawjxeirunba27n6nermmafzlcp4qd.onion/ludzaszoggbsdqxmjv/,listed,,,,,,no
orova,Stonecrest POA,US,Other,2026-08-06,http://mzlajyncb2rafn5bsb7esmo73kyawjxeirunba27n6nermmafzlcp4qd.onion/okkrxtpwnkasdxdndj/,listed,,,,,,no
qilin,Bloom Financials,GB,Financial Services,2026-08-06,http://ijzn3sicrcy7guixkzjkib4ukbiilwc3xhnmby4mcbccnsd7j2rekvqd.onion/site/blog?uuid=8c155e5e-9652-4932-bacf-267584f65001,listed,,,,,,no
orova,Magnolia Dental,US,Healthcare,2026-08-06,http://mzlajyncb2rafn5bsb7esmo73kyawjxeirunba27n6nermmafzlcp4qd.onion/ohxkatwccvyplxndpu/,listed,,,,,,no
orova,Country Oaks Veterinary Clinic,US,Healthcare,2026-08-06,http://mzlajyncb2rafn5bsb7esmo73kyawjxeirunba27n6nermmafzlcp4qd.onion/kpdlxnjjihwozqwadq/,listed,,,,,,no
orova,David King Architect,US,Professional Services,2026-08-06,http://mzlajyncb2rafn5bsb7esmo73kyawjxeirunba27n6nermmafzlcp4qd.onion/dwvmpvrnmffncsidph/,listed,,,,,,no
orova,Woodside Ranch,US,Agriculture and Food Production,2026-08-06,http://mzlajyncb2rafn5bsb7esmo73kyawjxeirunba27n6nermmafzlcp4qd.onion/qgsaxmqqasmlhbjqpk/,listed,,,,,,no
barracuda,Ferrell \ Skyline Implants & Periodontics \ Dr. Scott Ferguson,,Healthcare,2026-08-06,"http://qr6uopkqxmq254osyct3oibil32xp3qsimkkbqdscsrsb4zqbagnifad.onion/Ferrell,Skyline%20Implants",listed,,,,,,no
barracuda,Micro-Comm Inc.,US,Technology,2026-08-06,http://darkfoxaqhfpxkrbt7vxns2z2u2k72sgmqbzeorupaiottw3ecm2wgyd.onion/Thread-Selling-USA-Micro-Comm-Inc-micro-comm-com-643-GB,listed,,,,,,no
barracuda,"Namyang Industrial Co., Ltd. \ NAMYANG NEXMO",KR,Manufacturing,2026-08-06,http://darkfoxaqhfpxkrbt7vxns2z2u2k72sgmqbzeorupaiottw3ecm2wgyd.onion/Thread-Selling-South-Korea-DATABASE-DUMPS-Namyang-Industrial-Co-Ltd-nynexmo-com-nyi-co-kr,listed,,,,,,no
barracuda,"RS Automation Co., Ltd.",CN,Manufacturing,2026-08-06,http://uvm6hk4wwstfddja5z5htgtlehmfyflffijz6iozsuqyacyibzxefkqd.onion,listed,,,,,,no
threeam,clubonecasino.com,US,Hospitality,2026-08-06,http://threeamkelxicjsaf2czjyz2lc4q3ngqkxhhlexyfcp2o6raw4rphyad.onion/detail/8xgddoy34759ibwfcklxm7qehjil1l,listed,,,,,,no
incransom,vprj.org,US,,2026-08-05,http://incblog6qu4y4mm4zvw5nrmue6qbwtgjsxpw6b7ixzssu36tsajldoad.onion/blog/disclosures/6a6fb7ac9cd108bf26e25640,listed,,,,,,no
panzer,Surakarta University,ID,Education,2026-08-05,http://pnzruro7syvwvefx5mpo2fhzi4jftgquynsqf3vy5x3no57yp2iz4nyd.onion/company/surakarta-university,listed,,,,,,no
panzer,Festina Group,CH,Retail & E-Commerce,2026-08-05,http://pnzruro7syvwvefx5mpo2fhzi4jftgquynsqf3vy5x3no57yp2iz4nyd.onion/company/festina-group,listed,,,,,,no
clop,nuv*******,,,2026-08-05,http://santat7kpllt6iyvqbr7q4amdv6dzrh6paatvyrzl7ry3zm72zigf4ad.onion/,listed,,,,,,no
clop,ipm*******,,,2026-08-05,http://santat7kpllt6iyvqbr7q4amdv6dzrh6paatvyrzl7ry3zm72zigf4ad.onion/,listed,,,,,,no
clop,ecc*******,,,2026-08-05,http://santat7kpllt6iyvqbr7q4amdv6dzrh6paatvyrzl7ry3zm72zigf4ad.onion/,listed,,,,,,no
clop,st*******,,,2026-08-05,http://santat7kpllt6iyvqbr7q4amdv6dzrh6paatvyrzl7ry3zm72zigf4ad.onion/,listed,,,,,,no
clop,qc*******,,,2026-08-05,http://santat7kpllt6iyvqbr7q4amdv6dzrh6paatvyrzl7ry3zm72zigf4ad.onion/,listed,,,,,,no
clop,flu*******,,,2026-08-05,http://santat7kpllt6iyvqbr7q4amdv6dzrh6paatvyrzl7ry3zm72zigf4ad.onion/,listed,,,,,,no
clop,mid*******,,,2026-08-05,http://santat7kpllt6iyvqbr7q4amdv6dzrh6paatvyrzl7ry3zm72zigf4ad.onion/,listed,,,,,,no
clop,itk*******,,,2026-08-05,http://santat7kpllt6iyvqbr7q4amdv6dzrh6paatvyrzl7ry3zm72zigf4ad.onion/,listed,,,,,,no
clop,G3A*******,,,2026-08-05,http://santat7kpllt6iyvqbr7q4amdv6dzrh6paatvyrzl7ry3zm72zigf4ad.onion/,listed,,,,,,no
clop,arc*******,,Technology,2026-08-05,http://santat7kpllt6iyvqbr7q4amdv6dzrh6paatvyrzl7ry3zm72zigf4ad.onion/,listed,,,,,,no
clop,omn*******,,,2026-08-05,http://santat7kpllt6iyvqbr7q4amdv6dzrh6paatvyrzl7ry3zm72zigf4ad.onion/,listed,,,,,,no
clop,lif*******,,,2026-08-05,http://santat7kpllt6iyvqbr7q4amdv6dzrh6paatvyrzl7ry3zm72zigf4ad.onion/,listed,,,,,,no
clop,sp*******,,,2026-08-05,http://santat7kpllt6iyvqbr7q4amdv6dzrh6paatvyrzl7ry3zm72zigf4ad.onion/,listed,,,,,,no
clop,iva*******,,,2026-08-05,http://santat7kpllt6iyvqbr7q4amdv6dzrh6paatvyrzl7ry3zm72zigf4ad.onion/,listed,,,,,,no
clop,nuo*******,,,2026-08-05,http://santat7kpllt6iyvqbr7q4amdv6dzrh6paatvyrzl7ry3zm72zigf4ad.onion/,listed,,,,,,no
clop,the*******,,,2026-08-05,http://santat7kpllt6iyvqbr7q4amdv6dzrh6paatvyrzl7ry3zm72zigf4ad.onion/,listed,,,,,,no
clop,wat*******,,,2026-08-05,http://santat7kpllt6iyvqbr7q4amdv6dzrh6paatvyrzl7ry3zm72zigf4ad.onion/,listed,,,,,,no
clop,9al*******,,,2026-08-05,http://santat7kpllt6iyvqbr7q4amdv6dzrh6paatvyrzl7ry3zm72zigf4ad.onion/,listed,,,,,,no
clop,int*******,,Technology,2026-08-05,http://santat7kpllt6iyvqbr7q4amdv6dzrh6paatvyrzl7ry3zm72zigf4ad.onion/,listed,,,,,,no
clop,hon*******,,,2026-08-05,http://santat7kpllt6iyvqbr7q4amdv6dzrh6paatvyrzl7ry3zm72zigf4ad.onion/,listed,,,,,,no
clop,ato*******,,,2026-08-05,http://santat7kpllt6iyvqbr7q4amdv6dzrh6paatvyrzl7ry3zm72zigf4ad.onion/,listed,,,,,,no
clop,clo*******,,,2026-08-05,http://santat7kpllt6iyvqbr7q4amdv6dzrh6paatvyrzl7ry3zm72zigf4ad.onion/,listed,,,,,,no
clop,jpm*******,,Financial Services,2026-08-05,http://santat7kpllt6iyvqbr7q4amdv6dzrh6paatvyrzl7ry3zm72zigf4ad.onion/,listed,,,,,,no
clop,bri*******,,Financial Services,2026-08-05,http://santat7kpllt6iyvqbr7q4amdv6dzrh6paatvyrzl7ry3zm72zigf4ad.onion/,listed,,,,,,no
clop,suu*******,,,2026-08-05,http://santat7kpllt6iyvqbr7q4amdv6dzrh6paatvyrzl7ry3zm72zigf4ad.onion/,listed,,,,,,no
clop,sma*******,,,2026-08-05,http://santat7kpllt6iyvqbr7q4amdv6dzrh6paatvyrzl7ry3zm72zigf4ad.onion/,listed,,,,,,no
clop,tri*******,,,2026-08-05,http://santat7kpllt6iyvqbr7q4amdv6dzrh6paatvyrzl7ry3zm72zigf4ad.onion/,listed,,,,,,no
clop,cor*******,,,2026-08-05,http://santat7kpllt6iyvqbr7q4amdv6dzrh6paatvyrzl7ry3zm72zigf4ad.onion/,listed,,,,,,no
clop,mam*******,,,2026-08-05,http://santat7kpllt6iyvqbr7q4amdv6dzrh6paatvyrzl7ry3zm72zigf4ad.onion/,listed,,,,,,no
clop,par*******,,Technology,2026-08-05,http://santat7kpllt6iyvqbr7q4amdv6dzrh6paatvyrzl7ry3zm72zigf4ad.onion/,listed,,,,,,no
clop,sta*******,,,2026-08-05,http://santat7kpllt6iyvqbr7q4amdv6dzrh6paatvyrzl7ry3zm72zigf4ad.onion/,listed,,,,,,no
clop,lar*******,,,2026-08-05,http://santat7kpllt6iyvqbr7q4amdv6dzrh6paatvyrzl7ry3zm72zigf4ad.onion/,listed,,,,,,no
clop,toa*******,,,2026-08-05,http://santat7kpllt6iyvqbr7q4amdv6dzrh6paatvyrzl7ry3zm72zigf4ad.onion/,listed,,,,,,no
clop,ir******,,,2026-08-05,http://santat7kpllt6iyvqbr7q4amdv6dzrh6paatvyrzl7ry3zm72zigf4ad.onion/,listed,,,,,,no
clop,ald*******,,,2026-08-05,http://santat7kpllt6iyvqbr7q4amdv6dzrh6paatvyrzl7ry3zm72zigf4ad.onion/,listed,,,,,,no
clop,phi*******,,,2026-08-05,http://santat7kpllt6iyvqbr7q4amdv6dzrh6paatvyrzl7ry3zm72zigf4ad.onion/,listed,,,,,,no
clop,fis*******,,Financial Services,2026-08-05,http://santat7kpllt6iyvqbr7q4amdv6dzrh6paatvyrzl7ry3zm72zigf4ad.onion/,listed,,,,,,no
clop,g*******,,Technology,2026-08-05,http://santat7kpllt6iyvqbr7q4amdv6dzrh6paatvyrzl7ry3zm72zigf4ad.onion/,listed,,,,,,no
clop,sh*******,,,2026-08-05,http://santat7kpllt6iyvqbr7q4amdv6dzrh6paatvyrzl7ry3zm72zigf4ad.onion/,listed,,,,,,no
clop,net*******,,,2026-08-05,http://santat7kpllt6iyvqbr7q4amdv6dzrh6paatvyrzl7ry3zm72zigf4ad.onion/,listed,,,,,,no
lockbit5,briggsplc.com,GB,Manufacturing,2026-08-05,http://lockbitapt67g6rwzjbcxnww5efpg4qok6vpfeth7wx3okj52ks4wtad.onion/post/cdb90636b6749657025c1dce3441180a,listed,,,,,,no
orion,huntongroup.com,GB,Professional Services,2026-08-05,http://cjfntkj5qeizxowuy3srceg7zo6namc3kfeor7pfn6bpdkl3w265ooid.onion/news/home?page=2/news/article?id=18,listed,,,,,,no
orion,hphood.com,US,Other,2026-08-05,http://cjfntkj5qeizxowuy3srceg7zo6namc3kfeor7pfn6bpdkl3w265ooid.onion/news/home?page=2/news/article?id=19,listed,,,,,,no
orion,bridgestoneamericas.com,US,Manufacturing,2026-08-05,http://cjfntkj5qeizxowuy3srceg7zo6namc3kfeor7pfn6bpdkl3w265ooid.onion/news/home?page=2/news/article?id=20,listed,,,,,,no
orion,albanybank.com,US,Financial Services,2026-08-05,http://cjfntkj5qeizxowuy3srceg7zo6namc3kfeor7pfn6bpdkl3w265ooid.onion/news/home?page=2/news/article?id=21,listed,,,,,,no
orion,ipsenlogistics.com,,Transportation,2026-08-05,http://cjfntkj5qeizxowuy3srceg7zo6namc3kfeor7pfn6bpdkl3w265ooid.onion/news/article?id=22,listed,,,,published,http://cjfntkj5qeizxowuy3srceg7zo6namc3kfeor7pfn6bpdkl3w265ooid.onion,yes
orion,hetero.com,,Healthcare,2026-08-05,http://cjfntkj5qeizxowuy3srceg7zo6namc3kfeor7pfn6bpdkl3w265ooid.onion/news/article?id=23,listed,,,,published,http://cjfntkj5qeizxowuy3srceg7zo6namc3kfeor7pfn6bpdkl3w265ooid.onion,yes
orion,sitrack.com,DE,Transportation,2026-08-05,http://cjfntkj5qeizxowuy3srceg7zo6namc3kfeor7pfn6bpdkl3w265ooid.onion/news/article?id=24,listed,,,,published,http://cjfntkj5qeizxowuy3srceg7zo6namc3kfeor7pfn6bpdkl3w265ooid.onion,yes
orion,kioti.com,US,Agriculture and Food Production,2026-08-05,http://cjfntkj5qeizxowuy3srceg7zo6namc3kfeor7pfn6bpdkl3w265ooid.onion/news/article?id=25,listed,,,,published,http://cjfntkj5qeizxowuy3srceg7zo6namc3kfeor7pfn6bpdkl3w265ooid.onion,yes
orion,udhaiyamdhall.com,IN,Retail & E-Commerce,2026-08-05,http://cjfntkj5qeizxowuy3srceg7zo6namc3kfeor7pfn6bpdkl3w265ooid.onion/news/article?id=26,listed,,,,published,http://cjfntkj5qeizxowuy3srceg7zo6namc3kfeor7pfn6bpdkl3w265ooid.onion,yes
orion,emanic.net,DE,Technology,2026-08-05,http://cjfntkj5qeizxowuy3srceg7zo6namc3kfeor7pfn6bpdkl3w265ooid.onion/news/article?id=27,listed,,,,published,http://cjfntkj5qeizxowuy3srceg7zo6namc3kfeor7pfn6bpdkl3w265ooid.onion,yes
orion,daubertchemical.com,US,Manufacturing,2026-08-05,http://cjfntkj5qeizxowuy3srceg7zo6namc3kfeor7pfn6bpdkl3w265ooid.onion/news/article?id=28,listed,,,,published,http://cjfntkj5qeizxowuy3srceg7zo6namc3kfeor7pfn6bpdkl3w265ooid.onion,yes
orion,morrisgroupint.com,GB,Professional Services,2026-08-05,http://cjfntkj5qeizxowuy3srceg7zo6namc3kfeor7pfn6bpdkl3w265ooid.onion/news/article?id=29,listed,,,,published,http://cjfntkj5qeizxowuy3srceg7zo6namc3kfeor7pfn6bpdkl3w265ooid.onion,yes
orion,pricemodern.com,,Retail & E-Commerce,2026-08-05,http://cjfntkj5qeizxowuy3srceg7zo6namc3kfeor7pfn6bpdkl3w265ooid.onion/news/article?id=30,listed,,,,published,http://cjfntkj5qeizxowuy3srceg7zo6namc3kfeor7pfn6bpdkl3w265ooid.onion,yes
orion,Nitrex Chemicals India,IN,Manufacturing,2026-08-05,http://cjfntkj5qeizxowuy3srceg7zo6namc3kfeor7pfn6bpdkl3w265ooid.onion/news/article?id=37,listed,,,,published,http://cjfntkj5qeizxowuy3srceg7zo6namc3kfeor7pfn6bpdkl3w265ooid.onion,yes
qilin,Mera Metal,PL,Manufacturing,2026-08-05,http://ijzn3sicrcy7guixkzjkib4ukbiilwc3xhnmby4mcbccnsd7j2rekvqd.onion/site/blog?uuid=02b04460-11bf-4f5e-b8a8-025127a60601,listed,,,,,,no
global secret group,Pavillon,US,Other,2026-08-05,http://o5lsqyar7ox25z734k6zaxt2vf7bsyi4q5rturi5iyxzqo3ica7bjsad.onion/project/36/,listed,,646 GB,47950,listed,http://o5lsqyar7ox25z734k6zaxt2vf7bsyi4q5rturi5iyxzqo3ica7bjsad.onion,yes
dragonforce,P. A. Inc. (Performance Alloys),US,Manufacturing,2026-08-05,http://z3wqggtxft7id3ibr7srivv5gjof5fwg76slewnzwwakjuf3nlhukdid.onion/blog/?post_uuid=720bcaea-bde0-4b88-b487-d72bc4d233ce,listed,,,,,,no
dragonforce,Mike Graham Heating And Air Conditioning,US,Other,2026-08-05,http://z3wqggtxft7id3ibr7srivv5gjof5fwg76slewnzwwakjuf3nlhukdid.onion/blog/?post_uuid=e633d61f-8e85-4f38-884b-56a9fde31cde,listed,,,,,,no
qilin,STADLER Sensorik CNC-Technik,AT,Manufacturing,2026-08-05,http://ijzn3sicrcy7guixkzjkib4ukbiilwc3xhnmby4mcbccnsd7j2rekvqd.onion/site/blog?uuid=5b9da671-b54b-4836-970a-d34ef5c6e054,listed,,,,,,no
chaos,tomorrowsoffice.com,GB,Professional Services,2026-08-05,http://hptqq2o2qjva7lcaaq67w36jihzivkaitkexorauw7b2yul2z6zozpqd.onion/post/SeL9gpPcxoqiuI6wlYlReBciNb1Mmk0v,listed,,,,,,no
dark project,Long-Lewis Automotive Group,US,,2026-08-05,http://darkprn3d3udnhpuxknsrhft3376lrz5tenhgkrxge5hxqe46pkbrwid.onion/article?slug=long-lewis-automotive-group,listed,,,,,,no
triple x,Henshaw Law,GB,Professional Services,2026-08-05,,listed,,,,,,no
qilin,Stade Francais,FR,Hospitality,2026-08-05,http://ijzn3sicrcy7guixkzjkib4ukbiilwc3xhnmby4mcbccnsd7j2rekvqd.onion/site/blog?uuid=84f95786-5afa-42c0-8497-df4f2f88a889,listed,,,,,,no
everest,EPM,CO,Energy & Utilities,2026-08-05,http://everestndkvzcibcje2cqxhre2hmmybl3rn2gwzwsblz7gx6uryn5rad.onion/news/epm,listed,,,,published,http://everestndkvzcibcje2cqxhre2hmmybl3rn2gwzwsblz7gx6uryn5rad.onion,yes
payoutsking,H****r,US,,2026-08-05,http://payoutsgn7cy6uliwevdqspncjpfxpmzgirwl2au65la7rfs5x3qnbqd.onion,listed,,,,,,no
everest,AKM Enterprises INC,US,Other,2026-08-05,http://everestndkvzcibcje2cqxhre2hmmybl3rn2gwzwsblz7gx6uryn5rad.onion/news/akm-enterprises-inc,listed,,,,published,http://everestndkvzcibcje2cqxhre2hmmybl3rn2gwzwsblz7gx6uryn5rad.onion,yes
dark project,The Metropolitan Entertainment & Convention Authority,US,Hospitality,2026-08-05,http://darkprn3d3udnhpuxknsrhft3376lrz5tenhgkrxge5hxqe46pkbrwid.onion/article?slug=the-metropolitan-entertainment-convention-authority,listed,,,,,,no
everest,Formulatrix,US,Technology,2026-08-05,http://everestndkvzcibcje2cqxhre2hmmybl3rn2gwzwsblz7gx6uryn5rad.onion/news/formulatrix,listed,,455.76 GB,19285,published,http://everestndkvzcibcje2cqxhre2hmmybl3rn2gwzwsblz7gx6uryn5rad.onion,yes
dark project,Laurel Institutes,US,Education,2026-08-05,http://darkprn3d3udnhpuxknsrhft3376lrz5tenhgkrxge5hxqe46pkbrwid.onion/article?slug=laurel-institutes,listed,,,,,,no
everest,Oasis Legal Group,US,Professional Services,2026-08-05,http://everestndkvzcibcje2cqxhre2hmmybl3rn2gwzwsblz7gx6uryn5rad.onion/news/oasis-legal-group,listed,,,,published,http://everestndkvzcibcje2cqxhre2hmmybl3rn2gwzwsblz7gx6uryn5rad.onion,yes
everest,Conway Analytics,US,Technology,2026-08-05,http://everestndkvzcibcje2cqxhre2hmmybl3rn2gwzwsblz7gx6uryn5rad.onion/news/conway-analytics,listed,,40 TB,78077,published,http://everestndkvzcibcje2cqxhre2hmmybl3rn2gwzwsblz7gx6uryn5rad.onion,yes
dark project,Ohio Living Home Health & Hospice,US,Healthcare,2026-08-05,http://darkprn3d3udnhpuxknsrhft3376lrz5tenhgkrxge5hxqe46pkbrwid.onion/article?slug=ohio-living-home-health-hospice,listed,,,,,,no
everest,Greenbotz,IN,Technology,2026-08-05,http://everestndkvzcibcje2cqxhre2hmmybl3rn2gwzwsblz7gx6uryn5rad.onion/news/greenbotz,listed,,approximately 15 TB,8313,published,http://everestndkvzcibcje2cqxhre2hmmybl3rn2gwzwsblz7gx6uryn5rad.onion,yes
dark project,Labpharma,MX,Healthcare,2026-08-05,http://darkprn3d3udnhpuxknsrhft3376lrz5tenhgkrxge5hxqe46pkbrwid.onion/article?slug=labpharma,listed,,,,,,no
everest,NIMR Oil,AE,Energy & Utilities,2026-08-05,http://everestndkvzcibcje2cqxhre2hmmybl3rn2gwzwsblz7gx6uryn5rad.onion/news/nimr-oil,listed,,233.59 GB,83375,published,http://everestndkvzcibcje2cqxhre2hmmybl3rn2gwzwsblz7gx6uryn5rad.onion,yes
dark project,Ruhrpumpen,DE,Manufacturing,2026-08-05,http://darkprn3d3udnhpuxknsrhft3376lrz5tenhgkrxge5hxqe46pkbrwid.onion/article?slug=ruhrpumpen,listed,,,,,,no
everest,TechCorr,,Technology,2026-08-05,http://everestndkvzcibcje2cqxhre2hmmybl3rn2gwzwsblz7gx6uryn5rad.onion/news/techcorr,listed,,136 GB,49506,published,http://everestndkvzcibcje2cqxhre2hmmybl3rn2gwzwsblz7gx6uryn5rad.onion,yes
dark project,Thermo King,US,Transportation,2026-08-05,http://darkprn3d3udnhpuxknsrhft3376lrz5tenhgkrxge5hxqe46pkbrwid.onion/article?slug=thermo-king,listed,,,,,,no
everest,Rodschinson Investment,BE,Financial Services,2026-08-05,http://everestndkvzcibcje2cqxhre2hmmybl3rn2gwzwsblz7gx6uryn5rad.onion/news/rodschinson-investment,listed,,64.72 GB,28495,published,http://everestndkvzcibcje2cqxhre2hmmybl3rn2gwzwsblz7gx6uryn5rad.onion,yes
dark project,Storer Transportation and Storer Coachways,US,Transportation,2026-08-05,http://darkprn3d3udnhpuxknsrhft3376lrz5tenhgkrxge5hxqe46pkbrwid.onion/article?slug=storer-transportation-and-storer-coachways,listed,,,,,,no
everest,Allied Telesis,JP,Technology,2026-08-05,http://everestndkvzcibcje2cqxhre2hmmybl3rn2gwzwsblz7gx6uryn5rad.onion/news/allied-telesis,listed,,221 GB,,published,http://everestndkvzcibcje2cqxhre2hmmybl3rn2gwzwsblz7gx6uryn5rad.onion,yes
dark project,Genesis Engineering Group,US,Manufacturing,2026-08-05,http://darkprn3d3udnhpuxknsrhft3376lrz5tenhgkrxge5hxqe46pkbrwid.onion/article?slug=genesis-engineering-group,listed,,,,,,no
everest,Dharma Group,IT,Other,2026-08-05,http://everestndkvzcibcje2cqxhre2hmmybl3rn2gwzwsblz7gx6uryn5rad.onion/news/dharma-group,listed,,133 GB,157000,published,http://everestndkvzcibcje2cqxhre2hmmybl3rn2gwzwsblz7gx6uryn5rad.onion,yes
dark project,Mayco International,US,Manufacturing,2026-08-05,http://darkprn3d3udnhpuxknsrhft3376lrz5tenhgkrxge5hxqe46pkbrwid.onion/article?slug=mayco-international,listed,,,,,,no
everest,Emirates Flight Catering,AE,Hospitality,2026-08-05,http://everestndkvzcibcje2cqxhre2hmmybl3rn2gwzwsblz7gx6uryn5rad.onion/news/emirates-flight-catering,listed,,24 GB,13823,published,http://everestndkvzcibcje2cqxhre2hmmybl3rn2gwzwsblz7gx6uryn5rad.onion,yes
dark project,Sutherland Packaging,GB,Manufacturing,2026-08-05,http://darkprn3d3udnhpuxknsrhft3376lrz5tenhgkrxge5hxqe46pkbrwid.onion/article?slug=sutherland-packaging,listed,,,,,,no
everest,Alzone Software,,Technology,2026-08-05,http://everestndkvzcibcje2cqxhre2hmmybl3rn2gwzwsblz7gx6uryn5rad.onion/news/alzone-software,listed,,145 GB,,published,http://everestndkvzcibcje2cqxhre2hmmybl3rn2gwzwsblz7gx6uryn5rad.onion,yes
dark project,Brainhunter Companies LLC. and Brainhunter Systems Ltd.,US,Professional Services,2026-08-05,http://darkprn3d3udnhpuxknsrhft3376lrz5tenhgkrxge5hxqe46pkbrwid.onion/article?slug=brainhunter-companies-llc-and-brainhunter-systems-ltd,listed,,,,,,no
everest,Al-Futtaim Group,AE,Retail & E-Commerce,2026-08-05,http://everestndkvzcibcje2cqxhre2hmmybl3rn2gwzwsblz7gx6uryn5rad.onion/news/al-futtaim-group,listed,,307 GB,161149,published,http://everestndkvzcibcje2cqxhre2hmmybl3rn2gwzwsblz7gx6uryn5rad.onion,yes
dark project,Leviton,US,Manufacturing,2026-08-05,http://darkprn3d3udnhpuxknsrhft3376lrz5tenhgkrxge5hxqe46pkbrwid.onion/article?slug=leviton,listed,,,,,,no
everest,Aptara,IN,Professional Services,2026-08-05,http://everestndkvzcibcje2cqxhre2hmmybl3rn2gwzwsblz7gx6uryn5rad.onion/news/aptara,listed,,681 GB,305325,published,http://everestndkvzcibcje2cqxhre2hmmybl3rn2gwzwsblz7gx6uryn5rad.onion,yes
dark project,The Family Medicine Clinic,US,Healthcare,2026-08-05,http://darkprn3d3udnhpuxknsrhft3376lrz5tenhgkrxge5hxqe46pkbrwid.onion/article?slug=the-family-medicine-clinic,listed,,,,,,no
everest,Powerweave,IN,Manufacturing,2026-08-05,http://everestndkvzcibcje2cqxhre2hmmybl3rn2gwzwsblz7gx6uryn5rad.onion/news/powerweave,listed,,1.6 TB,3900856,published,http://everestndkvzcibcje2cqxhre2hmmybl3rn2gwzwsblz7gx6uryn5rad.onion,yes
dark project,Rocky Mount Recyclers,US,Manufacturing,2026-08-05,http://darkprn3d3udnhpuxknsrhft3376lrz5tenhgkrxge5hxqe46pkbrwid.onion/article?slug=rocky-mount-recyclers,listed,,,,,,no
everest,Mansfield Family Dentistry,US,Healthcare,2026-08-05,http://everestndkvzcibcje2cqxhre2hmmybl3rn2gwzwsblz7gx6uryn5rad.onion/news/mansfield-family-dentistry,listed,,683.86 GB,597482,published,http://everestndkvzcibcje2cqxhre2hmmybl3rn2gwzwsblz7gx6uryn5rad.onion,yes
dark project,The Miller Group,GB,Other,2026-08-05,http://darkprn3d3udnhpuxknsrhft3376lrz5tenhgkrxge5hxqe46pkbrwid.onion/article?slug=the-miller-group,listed,,,,,,no
everest,Stadler Rail,CH,Transportation,2026-08-05,http://everestndkvzcibcje2cqxhre2hmmybl3rn2gwzwsblz7gx6uryn5rad.onion/news/stadler-rail,listed,,201 GB DataBase,271868,published,http://everestndkvzcibcje2cqxhre2hmmybl3rn2gwzwsblz7gx6uryn5rad.onion,yes
dark project,TSC Logistics,PH,Transportation,2026-08-05,http://darkprn3d3udnhpuxknsrhft3376lrz5tenhgkrxge5hxqe46pkbrwid.onion/article?slug=tsc-logistics,listed,,,,,,no
everest,Keysight,US,Technology,2026-08-05,http://everestndkvzcibcje2cqxhre2hmmybl3rn2gwzwsblz7gx6uryn5rad.onion/news/keysight,listed,,The dataset occupies approximately 489 GB on disk in its arc,1050000,published,http://everestndkvzcibcje2cqxhre2hmmybl3rn2gwzwsblz7gx6uryn5rad.onion,yes
dark project,"Reid Electric Service, Inc",US,Energy & Utilities,2026-08-05,http://darkprn3d3udnhpuxknsrhft3376lrz5tenhgkrxge5hxqe46pkbrwid.onion/article?slug=reid-electric-service-inc,listed,,,,,,no
dark project,Mile Bluff Medical Center,US,Healthcare,2026-08-05,http://darkprn3d3udnhpuxknsrhft3376lrz5tenhgkrxge5hxqe46pkbrwid.onion/article?slug=mile-bluff-medical-center,listed,,,,,,no
spacebears,PontoBR Sistemas,BR,Technology,2026-08-05,http://5butbkrljkaorg5maepuca25oma7eiwo6a2rlhvkblb4v6mf3ki2ovid.onion/companies/65/pontobr-sistemas,listed,,,,published,http://5butbkrljkaorg5maepuca25oma7eiwo6a2rlhvkblb4v6mf3ki2ovid.onion,yes
gunra,PT All Cosmos Biotek,ID,Healthcare,2026-08-05,http://lgiil72vkmdtbc3qv4tyq6wedyjxqr2qd4ze7xl2cxgerdnymxj7soqd.onion,listed,,,,,,no
orova,FixIT Tek,US,Technology,2026-08-05,http://mzlajyncb2rafn5bsb7esmo73kyawjxeirunba27n6nermmafzlcp4qd.onion/MK3UE2I6814ROIUKLV/,listed,,,,,,no
incransom,lantisnet.com,US,Technology,2026-08-05,http://incblog6qu4y4mm4zvw5nrmue6qbwtgjsxpw6b7ixzssu36tsajldoad.onion/blog/disclosures/6a6fb5629cd108bf26e205ca,listed,,,,,,no
incransom,Loyalist College,CA,Education,2026-08-04,http://incblog6qu4y4mm4zvw5nrmue6qbwtgjsxpw6b7ixzssu36tsajldoad.onion/blog/disclosures/6a70f8179cd108bf2610d332,listed,,,,,,no
blacknevas,"Arkın Group / Arkın Casino, The Arkın Colony, The Arkın Iskele, and Arkın Palm Beach",TR,Hospitality,2026-08-04,http://ctyfftrjgtwdjzlgqh4avbd35sqrs6tde4oyam2ufbjch6oqpqtkdtid.onion/281c9c40-9afe-413a-af7e-9cf7c3fdf3c0,listed,,,,,,no
qilin,Galvin Brothers,IE,Manufacturing,2026-08-04,http://ijzn3sicrcy7guixkzjkib4ukbiilwc3xhnmby4mcbccnsd7j2rekvqd.onion/site/blog?uuid=122f4c66-e1e6-4c10-b68b-4224681d3d8c,listed,,,,,,no
qilin,RUPP Spritzguss,DE,Manufacturing,2026-08-04,http://ijzn3sicrcy7guixkzjkib4ukbiilwc3xhnmby4mcbccnsd7j2rekvqd.onion/site/blog?uuid=7d3f7328-c23f-4a74-a9ec-35bfe6c4cfc7,listed,,,,,,no
krybit,cesmac.edu.br,BR,Education,2026-08-04,http://krybitqsdzwmhnitvwuhvsntfgf2wrhxveyxroxpc44c6gkft2cqldyd.onion/blog/98034986f71e8a5131e7280b8b7c57546b838f6e5a11d9f1424929837cc56b23/,listed,,,,,,no
incransom,TRULITE GLASS & ALUMINUM SOLUTIONS,US,Manufacturing,2026-08-04,http://incblog6qu4y4mm4zvw5nrmue6qbwtgjsxpw6b7ixzssu36tsajldoad.onion/blog/disclosures/6a72219f9cd108bf2638cb21,listed,,,,,,no
play,First Tek,TW,Technology,2026-08-04,http://j75o7xvvsm4lpsjhkjvb4wl2q6ajegvabe6oswthuaubbykk4xkzgpid.onion/topic.php?id=02Wdfxsv6gbx6,listed,,,,,,no
play,Preferred Financial Group,US,Financial Services,2026-08-04,http://j75o7xvvsm4lpsjhkjvb4wl2q6ajegvabe6oswthuaubbykk4xkzgpid.onion/topic.php?id=viSDXILZNN4WA,listed,,,,,,no
thegentlemen,TopMark Funding,US,Financial Services,2026-08-04,http://tezwsse5czllksjb7cwp65rvnk4oobmzti2znn42i43bjdfd2prqqkad.onion,listed,,,,,,no
thegentlemen,Control Concepts Technology,US,Technology,2026-08-04,http://tezwsse5czllksjb7cwp65rvnk4oobmzti2znn42i43bjdfd2prqqkad.onion,listed,,,,,,no
chaos,healthcarehighways.com,US,Healthcare,2026-08-04,http://hptqq2o2qjva7lcaaq67w36jihzivkaitkexorauw7b2yul2z6zozpqd.onion/post/NBZQmQoAPXmW7Qw5eSuW98OqyQAmLjgv,listed,,,,,,no
orova,ADG Healthcare,EG,Healthcare,2026-08-04,http://mzlajyncb2rafn5bsb7esmo73kyawjxeirunba27n6nermmafzlcp4qd.onion/8C3RLZ5LC2RUJVV4AVXRNS2L,listed,,,,,,no
orova,eSysTech,BR,Technology,2026-08-04,http://mzlajyncb2rafn5bsb7esmo73kyawjxeirunba27n6nermmafzlcp4qd.onion/TK3XIS3LVZR0YWB694O4BKMR,listed,,,,,,no
orova,Northeastern Communications & Electrical,US,Energy & Utilities,2026-08-04,http://mzlajyncb2rafn5bsb7esmo73kyawjxeirunba27n6nermmafzlcp4qd.onion/GA9F7MUZV4DPGKP9DNPWEACC,listed,,,,,,no
orova,Apollo Office System,JP,Other,2026-08-04,http://mzlajyncb2rafn5bsb7esmo73kyawjxeirunba27n6nermmafzlcp4qd.onion/N0BDMFFR9KLLCLCINNEHVEME,listed,,,,,,no
orova,EMPYREAN INT’L TECHNO DEVICES,TW,Technology,2026-08-04,http://mzlajyncb2rafn5bsb7esmo73kyawjxeirunba27n6nermmafzlcp4qd.onion/8DHYQG0ERT0D6MDO6AI72CNI,listed,,,,,,no
orova,Texas Medical Screening,US,Healthcare,2026-08-04,http://mzlajyncb2rafn5bsb7esmo73kyawjxeirunba27n6nermmafzlcp4qd.onion/QGI2RAUMHTYNAGWNA0UJU3YI/,listed,,,,,,no
orova,Sc Regional Housing Authority,US,Government & Defense,2026-08-04,http://mzlajyncb2rafn5bsb7esmo73kyawjxeirunba27n6nermmafzlcp4qd.onion/YXTWCTF348AT3YCXW3N7B0X7/,listed,,,,,,no
orova,Bjs Insurance & Financial,US,Financial Services,2026-08-04,http://mzlajyncb2rafn5bsb7esmo73kyawjxeirunba27n6nermmafzlcp4qd.onion/R5OMLGMHOSZAZC6LSTGV8WGX,listed,,,,,,no
orova,Wisdom Oral Surgery,US,Healthcare,2026-08-04,http://mzlajyncb2rafn5bsb7esmo73kyawjxeirunba27n6nermmafzlcp4qd.onion/L2WWG21J58I7DK5T1Q9BEYUY,listed,,,,,,no
orova,SURE TRAVEL COMPANY,HK,Hospitality,2026-08-04,http://mzlajyncb2rafn5bsb7esmo73kyawjxeirunba27n6nermmafzlcp4qd.onion/9I5J2VL7I2NS4E5IGI9K6TTN,listed,,,,,,no
gunra,worldtube,KR,Technology,2026-08-04,http://lgiil72vkmdtbc3qv4tyq6wedyjxqr2qd4ze7xl2cxgerdnymxj7soqd.onion,listed,,,,,,no
qilin,WD Masonry & Concrete,US,Other,2026-08-04,http://ijzn3sicrcy7guixkzjkib4ukbiilwc3xhnmby4mcbccnsd7j2rekvqd.onion/site/blog?uuid=27ce89ea-880f-403b-b134-77994baad834,listed,,,,,,no
akira,University SprinklerSystems,,Manufacturing,2026-08-04,http://akiralkzxzq2dsrzsrvbr2xgbbu2wgsmxryd4csgfameg52n7efvr2id.onion,listed,,,,,,no
orova,SBI Manufacturing,US,Manufacturing,2026-08-04,http://mzlajyncb2rafn5bsb7esmo73kyawjxeirunba27n6nermmafzlcp4qd.onion/XM3YG3Y4UOWUP66PASYQ8ZXA,listed,,,,,,no
orova,Agricultural Chemical Solutions,US,Agriculture and Food Production,2026-08-04,http://mzlajyncb2rafn5bsb7esmo73kyawjxeirunba27n6nermmafzlcp4qd.onion/MPPXL1NVUEHG3ZWS87E1LKNT,listed,,,,,,no
orova,DBM Reflex,TW,Other,2026-08-04,http://mzlajyncb2rafn5bsb7esmo73kyawjxeirunba27n6nermmafzlcp4qd.onion/BUXWWRKKK6752KN9VLOVGNXR,listed,,,,,,no
orova,Ultra Fame,TW,Other,2026-08-04,http://mzlajyncb2rafn5bsb7esmo73kyawjxeirunba27n6nermmafzlcp4qd.onion/3428GB90S19A3UBZM9L1RL3B,listed,,,,,,no
orova,Cardiology Associates,US,Healthcare,2026-08-04,http://mzlajyncb2rafn5bsb7esmo73kyawjxeirunba27n6nermmafzlcp4qd.onion/AO788S7YVZTHJPG961FCLJ6N/,listed,,,,,,no
orova,Yost Home Improvements,US,Retail & E-Commerce,2026-08-04,http://mzlajyncb2rafn5bsb7esmo73kyawjxeirunba27n6nermmafzlcp4qd.onion/GKCUYPW29IUFIXIZBDBSZWZZ/,listed,,,,,,no
orova,KINGSSON,TW,Other,2026-08-04,http://mzlajyncb2rafn5bsb7esmo73kyawjxeirunba27n6nermmafzlcp4qd.onion/X4YDNG6I4JBP1BH1MLA479JO,listed,,,,,,no
orova,SSI HOLDING (FAR EAST) LIMITED,HK,Other,2026-08-04,http://mzlajyncb2rafn5bsb7esmo73kyawjxeirunba27n6nermmafzlcp4qd.onion/KSMUHIRW9GDHKYWG6Z45T2L5/,listed,,,,,,no
orova,"Sanrio Hong Kong Co., Ltd",HK,Retail & E-Commerce,2026-08-04,http://mzlajyncb2rafn5bsb7esmo73kyawjxeirunba27n6nermmafzlcp4qd.onion/TZTUB9SLALEZ3P5FZ3/,listed,,,,,,no
orova,"Tat Fung Textile Co., Ltd.",HK,Manufacturing,2026-08-04,http://mzlajyncb2rafn5bsb7esmo73kyawjxeirunba27n6nermmafzlcp4qd.onion/2385C7ADSC4S2I2RPF/,listed,,,,,,no
orova,Integrated Site Management,US,Professional Services,2026-08-04,http://mzlajyncb2rafn5bsb7esmo73kyawjxeirunba27n6nermmafzlcp4qd.onion/JBP18FNRGE40YTF0FQ/,listed,,,,,,no
orova,"Conceptual Designs, Inc.",US,Other,2026-08-04,http://mzlajyncb2rafn5bsb7esmo73kyawjxeirunba27n6nermmafzlcp4qd.onion/94A331M9JXPLQTHY0U/,listed,,,,,,no
orova,JK Capital Management Limited,HK,Financial Services,2026-08-04,http://mzlajyncb2rafn5bsb7esmo73kyawjxeirunba27n6nermmafzlcp4qd.onion/VVZYJSY5S9Y4751EQ2/,listed,,,,,,no
orova,"Global Friction Products, Inc",US,Manufacturing,2026-08-04,http://mzlajyncb2rafn5bsb7esmo73kyawjxeirunba27n6nermmafzlcp4qd.onion/43RU1EPZMX4XEKNSIW/,listed,,,,,,no
aurora,GILDE Handwerk Macrander GmbH & Co. KG,DE,Manufacturing,2026-08-04,http://u6lieui2dakbctcjea2bz4r4q32r7t36nwljovqbv7mxs6o2smgxixid.onion/blog/gilde-handwerk-macrander-gmbh-co-kg-bc41d805,listed,,,,,,no
aurora,"US Installation Group, Inc.",US,Manufacturing,2026-08-04,http://u6lieui2dakbctcjea2bz4r4q32r7t36nwljovqbv7mxs6o2smgxixid.onion/blog/us-installation-group-inc-c666ddd2,listed,,,,,,no
incransom,pushidrosal.id,ID,Other,2026-08-04,http://incblog6qu4y4mm4zvw5nrmue6qbwtgjsxpw6b7ixzssu36tsajldoad.onion/blog/disclosures/6a7152689cd108bf261e08da,listed,,,,,,no
incransom,lccgroup.com,PH,Professional Services,2026-08-04,http://incblog6qu4y4mm4zvw5nrmue6qbwtgjsxpw6b7ixzssu36tsajldoad.onion/blog/disclosures/6a7152ea9cd108bf261e1d04,listed,,,,,,no
incransom,https://geleximco.vn/,VN,Manufacturing,2026-08-04,http://incblog6qu4y4mm4zvw5nrmue6qbwtgjsxpw6b7ixzssu36tsajldoad.onion/blog/disclosures/6a7153669cd108bf261e30d1,listed,,,,,,no
incransom,clintonhealthaccess.org,US,Healthcare,2026-08-04,http://incblog6qu4y4mm4zvw5nrmue6qbwtgjsxpw6b7ixzssu36tsajldoad.onion/blog/disclosures/6a713ccd9cd108bf261acf63,listed,,,,,,no
incransom,Oleoductos del Valle,AR,Energy & Utilities,2026-08-04,http://incblog6qu4y4mm4zvw5nrmue6qbwtgjsxpw6b7ixzssu36tsajldoad.onion/blog/disclosures/6a5e4dc55ae71db30c1d10a0,listed,,,,,,no
qilin,Universitatea De Vest Vasile Goldi Din Arad,RO,Education,2026-08-03,http://ijzn3sicrcy7guixkzjkib4ukbiilwc3xhnmby4mcbccnsd7j2rekvqd.onion/site/blog?uuid=46c8aeeb-a905-4da9-a0ad-0401db795e12,listed,,,,,,no
safepay,pradotuylaw.com,US,Professional Services,2026-08-03,http://safepaypfxntwixwjrlcscft433ggemlhgkkdupi2ynhtcmvdgubmoyd.onion/blog/post/pradotuylawcom/,listed,,,,published,http://safepaypfxntwixwjrlcscft433ggemlhgkkdupi2ynhtcmvdgubmoyd.onion,yes
safepay,naskdoorinc.com,US,Manufacturing,2026-08-03,http://safepaypfxntwixwjrlcscft433ggemlhgkkdupi2ynhtcmvdgubmoyd.onion/blog/post/naskdoorinccom/,listed,,,,published,http://safepaypfxntwixwjrlcscft433ggemlhgkkdupi2ynhtcmvdgubmoyd.onion,yes
safepay,new-point.it,IT,Technology,2026-08-03,http://safepaypfxntwixwjrlcscft433ggemlhgkkdupi2ynhtcmvdgubmoyd.onion/blog/post/new-pointit/,listed,,,,published,http://safepaypfxntwixwjrlcscft433ggemlhgkkdupi2ynhtcmvdgubmoyd.onion,yes
safepay,simonrack.com,ES,Manufacturing,2026-08-03,http://safepaypfxntwixwjrlcscft433ggemlhgkkdupi2ynhtcmvdgubmoyd.onion/blog/post/simonrackcom/,listed,,,,published,http://safepaypfxntwixwjrlcscft433ggemlhgkkdupi2ynhtcmvdgubmoyd.onion,yes
safepay,hanan-hov.co.il,IL,Other,2026-08-03,http://safepaypfxntwixwjrlcscft433ggemlhgkkdupi2ynhtcmvdgubmoyd.onion/blog/post/hanan-hovcoil/,listed,,,,,,no
anubis,BLACKBURN'S,US,Healthcare,2026-08-03,http://om6q4a6cyipxvt7ioudxt24cw4oqu4yodmqzl25mqd2hgllymrgu4aqd.onion/r/hfDLeO6xZ4jmk5AWhpsnRrMuiPkYcZKs4htoe6Ho8pfKEQbLmAaM4ovMYFKh7sVffACO4H02oyhVuDd2sEGViM2dCSUx1,listed,,315 GB,,published,http://anubisyfkh5rixydjpoo3jqucauajz2juybrbtuglcppjj2y3eg3y6ad.onion,yes
anubis,Cameron Regional Medical Center,US,Healthcare,2026-08-03,http://om6q4a6cyipxvt7ioudxt24cw4oqu4yodmqzl25mqd2hgllymrgu4aqd.onion/r/usUR8TUlfLeHFYPPN5JwVWTYmPzxSTnEcXbNRRhwUUEirKTfvCinYbJW32928eNb6n7YzOIQ3b4KNa1+yq7dEVrcXFBcmox,listed,,934 GB,,published,http://anubisyfkh5rixydjpoo3jqucauajz2juybrbtuglcppjj2y3eg3y6ad.onion,yes
safepay,azn.co.jp,JP,Retail & E-Commerce,2026-08-03,http://safepaypfxntwixwjrlcscft433ggemlhgkkdupi2ynhtcmvdgubmoyd.onion/blog/post/azncojp/,listed,,,,,,no
safepay,southshorerecycling.com,US,Manufacturing,2026-08-03,http://safepaypfxntwixwjrlcscft433ggemlhgkkdupi2ynhtcmvdgubmoyd.onion/blog/post/southshorerecyclingcom/,listed,,,,,,no
safepay,cpu-ag.com,DE,Manufacturing,2026-08-03,http://safepaypfxntwixwjrlcscft433ggemlhgkkdupi2ynhtcmvdgubmoyd.onion/blog/post/cpu-agcom/,listed,,,,published,http://safepaypfxntwixwjrlcscft433ggemlhgkkdupi2ynhtcmvdgubmoyd.onion,yes
safepay,multiaqua.com,US,Agriculture and Food Production,2026-08-03,http://safepaypfxntwixwjrlcscft433ggemlhgkkdupi2ynhtcmvdgubmoyd.onion/blog/post/multiaquacom/,listed,,,,published,http://safepaypfxntwixwjrlcscft433ggemlhgkkdupi2ynhtcmvdgubmoyd.onion,yes
anubis,Winn-Dixie,US,Retail & E-Commerce,2026-08-03,http://om6q4a6cyipxvt7ioudxt24cw4oqu4yodmqzl25mqd2hgllymrgu4aqd.onion/r/wvOEih7m+Tf599zsStaXU1yRskZw5HT6zjXXAUGJMYq20GkboGqr4On4jOxutE4Z8dg8RAN5Fhf2Mj1PdUTWRJRnJuYjJH,listed,,671 GB,,published,http://anubisyfkh5rixydjpoo3jqucauajz2juybrbtuglcppjj2y3eg3y6ad.onion,yes
ransomhouse,PCL Holding,CA,Professional Services,2026-08-03,http://zohlm7ahjwegcedoz7lrdrti7bvpofymcayotp744qhx6gjmxbuo2yid.onion/r/f6f65115ec051af06829450763071a69fb9c21c0,listed,,,,,,no
qilin,Service Electric,US,Energy & Utilities,2026-08-03,http://ijzn3sicrcy7guixkzjkib4ukbiilwc3xhnmby4mcbccnsd7j2rekvqd.onion/site/blog?uuid=066255b9-7ece-46f1-952d-b7d1c5cdb806,listed,,,,,,no
akira,Albers Mechanical Contractors,US,Manufacturing,2026-08-03,http://akiralkzxzq2dsrzsrvbr2xgbbu2wgsmxryd4csgfameg52n7efvr2id.onion,listed,,,,,,no
akira,Belasco Electric,US,Energy & Utilities,2026-08-03,http://akiralkzxzq2dsrzsrvbr2xgbbu2wgsmxryd4csgfameg52n7efvr2id.onion,listed,,,,,,no
dragonforce,Baicizhan,CN,Technology,2026-08-03,http://z3wqggtxft7id3ibr7srivv5gjof5fwg76slewnzwwakjuf3nlhukdid.onion/blog/?post_uuid=2cef3ae9-229a-4e1b-9434-9abfe97ba161,listed,,,,,,no
dragonforce,TUI China,CN,Hospitality,2026-08-03,http://z3wqggtxft7id3ibr7srivv5gjof5fwg76slewnzwwakjuf3nlhukdid.onion/blog/?post_uuid=eac9b985-c649-480d-815d-805c0c980241,listed,,,,,,no
lockbit5,sirsa.it,IT,Technology,2026-08-03,http://lockbitfnszjao7hayqsd424m74k5jxc52hozvabjrut7pjfsfaaaoad.onion/post/5ae978b22b428452a44b7cc89d39d1bb,listed,,,,,,no
lockbit5,sms-sme.com,RO,Professional Services,2026-08-03,http://lockbitfnszjao7hayqsd424m74k5jxc52hozvabjrut7pjfsfaaaoad.onion/post/e27f49d263d9834a137f5f384bab9f73,listed,,,,,,no
lockbit5,adventusasia.com,SG,Other,2026-08-03,http://lockbitfnszjao7hayqsd424m74k5jxc52hozvabjrut7pjfsfaaaoad.onion/post/07f92c99e04e3d96553a61ed86715aad,listed,,,,,,no
lockbit5,pcclimitedindia.com,IN,Manufacturing,2026-08-03,http://lockbitfnszjao7hayqsd424m74k5jxc52hozvabjrut7pjfsfaaaoad.onion/post/9a593783a65e34b7872401f8ee684359,listed,,,,,,no
lockbit5,delkartindustries.com,,Manufacturing,2026-08-03,http://lockbitfnszjao7hayqsd424m74k5jxc52hozvabjrut7pjfsfaaaoad.onion/post/600d0422c1ee2b3148c1c98a03c099d1,listed,,,,,,no
lockbit5,micropack.com.ar,AR,Manufacturing,2026-08-03,http://lockbitfnszjao7hayqsd424m74k5jxc52hozvabjrut7pjfsfaaaoad.onion/post/4b07ec75b1efb19808c63edfd26011f3,listed,,,,,,no
lockbit5,setic-pourtier.com,FR,Other,2026-08-03,http://lockbitfnszjao7hayqsd424m74k5jxc52hozvabjrut7pjfsfaaaoad.onion/post/2bc56f4bc426a07fe15fefe7f4450202,listed,,,,,,no
lockbit5,microphase.com,US,Manufacturing,2026-08-03,http://lockbitfnszjao7hayqsd424m74k5jxc52hozvabjrut7pjfsfaaaoad.onion/post/3742ee83c76f0a2a6ba7afdc6ade0778,listed,,,,,,no
lockbit5,rai.com.br,BR,Other,2026-08-03,http://lockbitfnszjao7hayqsd424m74k5jxc52hozvabjrut7pjfsfaaaoad.onion/post/17b639c619ac44c30a70336f00bfae65,listed,,,,,,no
payload,Hans & Jos. Kronenberg GmbH,DE,Manufacturing,2026-08-03,http://payloadrz5yw227brtbvdqpnlhq3rdcdekdnn3rgucbcdeawq2v6vuyd.onion/posts/ba238823-d8b5-4d91-bd34-c03591a95a1c,listed,,55 GB,,countdown,http://payloadrz5yw227brtbvdqpnlhq3rdcdekdnn3rgucbcdeawq2v6vuyd.onion,yes
qilin,Freedom Claims Management,US,Financial Services,2026-08-03,http://ijzn3sicrcy7guixkzjkib4ukbiilwc3xhnmby4mcbccnsd7j2rekvqd.onion/site/blog?uuid=1715db25-1d32-4f22-913e-fbe4456fd271,listed,,,,,,no
krybit,www.prohealth.sg,SG,Healthcare,2026-08-02,http://krybitqsdzwmhnitvwuhvsntfgf2wrhxveyxroxpc44c6gkft2cqldyd.onion/blog/b26f712ae9a60d8aee7b5ca340e91954282701f31c9a817d379b67204c1d0700/,listed,,,,,,no
incransom,ecfa.org,US,Professional Services,2026-08-02,http://incblog6qu4y4mm4zvw5nrmue6qbwtgjsxpw6b7ixzssu36tsajldoad.onion/blog/disclosures/6a6faf9c9cd108bf26e11d36,listed,,,,,,no
qilin,INTERTRUST AUSTRALIA PTY LTD,AU,Professional Services,2026-08-02,http://ijzn3sicrcy7guixkzjkib4ukbiilwc3xhnmby4mcbccnsd7j2rekvqd.onion/site/blog?uuid=31b88c51-13ba-4d53-b946-49f02daaeb5a,listed,,,,,,no
qilin,Asset Flooring Group Australia,AU,Retail & E-Commerce,2026-08-02,http://ijzn3sicrcy7guixkzjkib4ukbiilwc3xhnmby4mcbccnsd7j2rekvqd.onion/site/blog?uuid=8c1cae19-8a40-4d7b-a6d2-20f5561aa01e,listed,,,,,,no
qilin,Mairie de Drancy,FR,Government & Defense,2026-08-02,http://ijzn3sicrcy7guixkzjkib4ukbiilwc3xhnmby4mcbccnsd7j2rekvqd.onion/site/blog?uuid=1277b405-d795-4d1d-bae9-7bd745f18c79,listed,,,,,,no
krybit,www.dcpartner.co.za,ZA,Professional Services,2026-08-02,http://krybitqsdzwmhnitvwuhvsntfgf2wrhxveyxroxpc44c6gkft2cqldyd.onion/blog/1c48e1797ee85061116a99218394864a578a742c61184b9c0562ce5f65f96283/,listed,,,,,,no
krybit,nigeria.asa-international.com,NG,Professional Services,2026-08-02,http://krybitqsdzwmhnitvwuhvsntfgf2wrhxveyxroxpc44c6gkft2cqldyd.onion/blog/21f398416f104bd7a83b797ee2841f081c01d5a0dc105178a6c1f396570d6c38/,listed,,,,,,no
krybit,www.ville-rinxent.fr,FR,Government & Defense,2026-08-02,http://krybitqsdzwmhnitvwuhvsntfgf2wrhxveyxroxpc44c6gkft2cqldyd.onion/blog/6a32127c5ba7d063fd8b100d461d7dcbadda8e7f2f6511bcb2522552d419d6e2/,listed,,,,,,no
krybit,countrymotors.com.mx,MX,Retail & E-Commerce,2026-08-02,http://krybitqsdzwmhnitvwuhvsntfgf2wrhxveyxroxpc44c6gkft2cqldyd.onion/blog/725feabbf69089428d055b7c3e9096a41c8e9766241ca334127b6359f22ef484/,listed,,,,,,no
silentransomgroup,Moses & Singer,US,Professional Services,2026-08-02,,listed,,,,,,no
krybit,www.buzztrading104.co.za,ZA,Financial Services,2026-08-02,http://krybitqsdzwmhnitvwuhvsntfgf2wrhxveyxroxpc44c6gkft2cqldyd.onion/blog/2ea073dcb8125d80da0524a43349ee9ede82a2b282e2a208891df2dec4b09ad2/,listed,,,,,,no
qilin,Wire Products,US,Manufacturing,2026-08-02,http://ijzn3sicrcy7guixkzjkib4ukbiilwc3xhnmby4mcbccnsd7j2rekvqd.onion/site/blog?uuid=e529c84d-7dce-4795-b526-693855deb497,listed,,,,,,no
crpxo,"Encore Enterprises, Inc.",US,Other,2026-08-02,http://tlxoddx4odmc2qvsmtsbgwwsv5j45osb5sox7mz6izxliuju5mkulzad.onion/victim.php?slug=encore-bz,listed,,,,,,no
shinyhunters,Alcon Inc.,CH,Healthcare,2026-08-02,http://shinypogk4jjniry5qi7247tznop6mxdrdte2k6pdu5cyo43vdzmrwid.onion,listed,,,,,,no
shinyhunters,Lumenis Ltd.,IL,Technology,2026-08-02,http://shinypogk4jjniry5qi7247tznop6mxdrdte2k6pdu5cyo43vdzmrwid.onion,listed,,,,,,no
shinyhunters,Questel SAS,FR,,2026-08-02,http://shinypogk4jjniry5qi7247tznop6mxdrdte2k6pdu5cyo43vdzmrwid.onion,listed,,,,,,no
thegentlemen,Philippine Savings Bank,PH,Financial Services,2026-08-01,http://tezwsse5czllksjb7cwp65rvnk4oobmzti2znn42i43bjdfd2prqqkad.onion,listed,,,,,,no
play,The Butcher Brothers,US,Retail & E-Commerce,2026-08-01,http://j75o7xvvsm4lpsjhkjvb4wl2q6ajegvabe6oswthuaubbykk4xkzgpid.onion/topic.php?id=UTCN61lDez9A3,listed,,,,,,no
play,Sigma Plastics Group,US,Manufacturing,2026-08-01,http://j75o7xvvsm4lpsjhkjvb4wl2q6ajegvabe6oswthuaubbykk4xkzgpid.onion/topic.php?id=1HEHCI7eOmQZS,listed,,,,,,no
play,Cambridge Management,US,Professional Services,2026-08-01,http://j75o7xvvsm4lpsjhkjvb4wl2q6ajegvabe6oswthuaubbykk4xkzgpid.onion/topic.php?id=mmWo7mrab7Mwqp,listed,,,,,,no
incransom,quantinuum.com,US,Technology,2026-08-01,http://incblog6qu4y4mm4zvw5nrmue6qbwtgjsxpw6b7ixzssu36tsajldoad.onion/blog/disclosures/6a6b9a1d5ae71db30c8ffea9,listed,,,,,,no
global secret group,Vernon & Waldrep,US,Professional Services,2026-08-01,http://o5lsqyar7ox25z734k6zaxt2vf7bsyi4q5rturi5iyxzqo3ica7bjsad.onion/project/34/,listed,,274 GB,56006,listed,http://o5lsqyar7ox25z734k6zaxt2vf7bsyi4q5rturi5iyxzqo3ica7bjsad.onion,yes
qilin,The Saturday Evening Post,US,Other,2026-08-01,http://ijzn3sicrcy7guixkzjkib4ukbiilwc3xhnmby4mcbccnsd7j2rekvqd.onion/site/blog?uuid=23bddd4e-4fd9-41f4-8326-e9feb3b80bc5,listed,,,,,,no
qilin,Commercial Furniture Interiors,US,Retail & E-Commerce,2026-08-01,http://ijzn3sicrcy7guixkzjkib4ukbiilwc3xhnmby4mcbccnsd7j2rekvqd.onion/site/blog?uuid=b5dfe996-d5bf-462e-933e-ed2a10d33da9,listed,,,,,,no
qilin,Dienst Pack Systems,DE,Manufacturing,2026-08-01,http://ijzn3sicrcy7guixkzjkib4ukbiilwc3xhnmby4mcbccnsd7j2rekvqd.onion/site/blog?uuid=9d3a16a9-ade9-48b6-a574-a211eb8cb600,listed,,,,,,no
qilin,Ceragres,CA,Manufacturing,2026-08-01,http://ijzn3sicrcy7guixkzjkib4ukbiilwc3xhnmby4mcbccnsd7j2rekvqd.onion/site/blog?uuid=c9850007-22b0-48d2-8a78-21b36119ee59,listed,,,,,,no
qilin,Pointe Property Group,US,Other,2026-08-01,http://ijzn3sicrcy7guixkzjkib4ukbiilwc3xhnmby4mcbccnsd7j2rekvqd.onion/site/blog?uuid=24a692b3-a6f9-4abe-9e03-c357aabb3bfe,listed,,,,,,no
qilin,Schreiner Trockenbau GmbH,AT,Manufacturing,2026-08-01,http://ijzn3sicrcy7guixkzjkib4ukbiilwc3xhnmby4mcbccnsd7j2rekvqd.onion/site/blog?uuid=30dd3e3c-d83d-4280-8a86-bccef8e6853a,listed,,,,,,no
gammax,MTCO (Mahmoud Altaheni & Partners Trading Co),SA,Professional Services,2026-08-01,http://gammax6w3dkfdjfrjthtmqzsioue52vzy6lz54qy6jcvmogfpubutjyd.onion/post/B7FLS1KVkQLdkKEZEkRYn82W3bQNht1v,listed,,197GB,2246,countdown,http://gammax6w3dkfdjfrjthtmqzsioue52vzy6lz54qy6jcvmogfpubutjyd.onion,yes
gammax,MTCO (Mahmoud Altaheni & Partners Trading Company),SA,Professional Services,2026-08-01,http://gammax6w3dkfdjfrjthtmqzsioue52vzy6lz54qy6jcvmogfpubutjyd.onion/post/B7FLS1KVkQLdkKEZEkRYn82W3bQNht1v,listed,,,,,,no
coinbasecartel,CEN and Cenelec,BE,Other,2026-08-01,http://fjg4zi4opkxkvdz7mvwp7h6goe4tcby3hhkrz43pht4j3vakhy75znyd.onion/companies/cen,listed,,,,,,no
coinbasecartel,MIM Fertility,GB,Healthcare,2026-08-01,http://fjg4zi4opkxkvdz7mvwp7h6goe4tcby3hhkrz43pht4j3vakhy75znyd.onion/companies/mim,listed,,,,,,no
coinbasecartel,M. B. Kahn Construction Co.,US,Manufacturing,2026-08-01,http://fjg4zi4opkxkvdz7mvwp7h6goe4tcby3hhkrz43pht4j3vakhy75znyd.onion/companies/mbkahn,listed,,,,,,no
coinbasecartel,Xs Cad,,Technology,2026-08-01,http://fjg4zi4opkxkvdz7mvwp7h6goe4tcby3hhkrz43pht4j3vakhy75znyd.onion/companies/xs,listed,,,,,,no
crpxo,KUVEYT TURK,TR,Financial Services,2026-07-31,,listed,,,,,,no
crpxo,FINANSBANK,TR,Financial Services,2026-07-31,,listed,,,,,,no
crpxo,ANADOLUBANK,TR,Financial Services,2026-07-31,,listed,,,,,,no
crpxo,THY,TR,Transportation,2026-07-31,,listed,,,,,,no
crpxo,JOHNSON & JOHNSON,US,Healthcare,2026-07-31,,listed,,,,,,no
crpxo,DOĞAN HOLDİNG,TR,Other,2026-07-31,,listed,,,,,,no
crpxo,ANADOLU SİGORTA,TR,Financial Services,2026-07-31,,listed,,,,,,no
crpxo,HYUNDAI,KR,Manufacturing,2026-07-31,,listed,,,,,,no
crpxo,ASELSAN,TR,Government & Defense,2026-07-31,,listed,,,,,,no
crpxo,A101,TR,Retail & E-Commerce,2026-07-31,,listed,,,,,,no
insomnia,Merritt Woodwork,US,Manufacturing,2026-07-31,http://i62huw7ve22rpyw6lnq3kmfump2dmsg4xpveec3ere73njwatrz74gad.onion/Company/Merrit/,listed,,,,published,http://i62huw7ve22rpyw6lnq3kmfump2dmsg4xpveec3ere73njwatrz74gad.onion,yes
insomnia,Laempe Reich,US,,2026-07-31,http://i62huw7ve22rpyw6lnq3kmfump2dmsg4xpveec3ere73njwatrz74gad.onion/Company/Laempereich/,listed,,,,published,http://i62huw7ve22rpyw6lnq3kmfump2dmsg4xpveec3ere73njwatrz74gad.onion,yes
qilin,Community Management Associates,US,Professional Services,2026-07-31,http://ijzn3sicrcy7guixkzjkib4ukbiilwc3xhnmby4mcbccnsd7j2rekvqd.onion/site/blog?uuid=f41423ae-b437-4003-b28f-3d40d41be288,listed,,,,,,no
thegentlemen,Las Cenizas,CL,Other,2026-07-31,http://tezwsse5czllksjb7cwp65rvnk4oobmzti2znn42i43bjdfd2prqqkad.onion,listed,,,,,,no
thegentlemen,Kenaitze Indian Tribe,US,Government & Defense,2026-07-31,http://tezwsse5czllksjb7cwp65rvnk4oobmzti2znn42i43bjdfd2prqqkad.onion,listed,,,,,,no
thegentlemen,Additive Manufacturing,US,Manufacturing,2026-07-31,http://tezwsse5czllksjb7cwp65rvnk4oobmzti2znn42i43bjdfd2prqqkad.onion,listed,,,,,,no
thegentlemen,Salem Saleh Babgi,SA,,2026-07-31,http://tezwsse5czllksjb7cwp65rvnk4oobmzti2znn42i43bjdfd2prqqkad.onion,listed,,,,,,no
thegentlemen,Salama Medicals Distributors Private,TZ,Healthcare,2026-07-31,http://tezwsse5czllksjb7cwp65rvnk4oobmzti2znn42i43bjdfd2prqqkad.onion,listed,,,,,,no
thegentlemen,Krafman,SE,Manufacturing,2026-07-31,http://tezwsse5czllksjb7cwp65rvnk4oobmzti2znn42i43bjdfd2prqqkad.onion,listed,,,,,,no
thegentlemen,Kosh Innovations,,,2026-07-31,http://tezwsse5czllksjb7cwp65rvnk4oobmzti2znn42i43bjdfd2prqqkad.onion,listed,,,,,,no
thegentlemen,Saturn Industries,,Manufacturing,2026-07-31,http://tezwsse5czllksjb7cwp65rvnk4oobmzti2znn42i43bjdfd2prqqkad.onion,listed,,,,,,no
thegentlemen,Acosta Sons,US,Agriculture and Food Production,2026-07-31,http://tezwsse5czllksjb7cwp65rvnk4oobmzti2znn42i43bjdfd2prqqkad.onion,listed,,,,,,no
thegentlemen,CFS,US,Financial Services,2026-07-31,http://tezwsse5czllksjb7cwp65rvnk4oobmzti2znn42i43bjdfd2prqqkad.onion,listed,,,,,,no
thegentlemen,OHK Energy,IE,Energy & Utilities,2026-07-31,http://tezwsse5czllksjb7cwp65rvnk4oobmzti2znn42i43bjdfd2prqqkad.onion,listed,,,,,,no
thegentlemen,Hutch Paving,US,Transportation,2026-07-31,http://tezwsse5czllksjb7cwp65rvnk4oobmzti2znn42i43bjdfd2prqqkad.onion,listed,,,,,,no
thegentlemen,CRB group,BR,Professional Services,2026-07-31,http://tezwsse5czllksjb7cwp65rvnk4oobmzti2znn42i43bjdfd2prqqkad.onion,listed,,,,,,no
thegentlemen,Partition Specialties,US,Manufacturing,2026-07-31,http://tezwsse5czllksjb7cwp65rvnk4oobmzti2znn42i43bjdfd2prqqkad.onion,listed,,,,,,no
thegentlemen,Preferred,US,,2026-07-31,http://tezwsse5czllksjb7cwp65rvnk4oobmzti2znn42i43bjdfd2prqqkad.onion,listed,,,,,,no
thegentlemen,Premier Fiduciary,GB,Financial Services,2026-07-31,http://tezwsse5czllksjb7cwp65rvnk4oobmzti2znn42i43bjdfd2prqqkad.onion,listed,,,,,,no
thegentlemen,Bater,PL,Other,2026-07-31,http://tezwsse5czllksjb7cwp65rvnk4oobmzti2znn42i43bjdfd2prqqkad.onion,listed,,,,,,no
thegentlemen,Precision Concrete Pumping,US,Manufacturing,2026-07-31,http://tezwsse5czllksjb7cwp65rvnk4oobmzti2znn42i43bjdfd2prqqkad.onion,listed,,,,,,no
thegentlemen,Clear Vision Signs,GB,Retail & E-Commerce,2026-07-31,http://tezwsse5czllksjb7cwp65rvnk4oobmzti2znn42i43bjdfd2prqqkad.onion,listed,,,,,,no
thegentlemen,Orsima,,Technology,2026-07-31,http://tezwsse5czllksjb7cwp65rvnk4oobmzti2znn42i43bjdfd2prqqkad.onion,listed,,,,,,no
thegentlemen,The Municipal Chamber of Serra,BR,Government & Defense,2026-07-31,http://tezwsse5czllksjb7cwp65rvnk4oobmzti2znn42i43bjdfd2prqqkad.onion,listed,,,,,,no
thegentlemen,Efrata College of Education,IL,Education,2026-07-31,http://tezwsse5czllksjb7cwp65rvnk4oobmzti2znn42i43bjdfd2prqqkad.onion,listed,,,,,,no
thegentlemen,Amicell,IL,Healthcare,2026-07-31,http://tezwsse5czllksjb7cwp65rvnk4oobmzti2znn42i43bjdfd2prqqkad.onion,listed,,,,,,no
thegentlemen,Paula Fish,PL,Other,2026-07-31,http://tezwsse5czllksjb7cwp65rvnk4oobmzti2znn42i43bjdfd2prqqkad.onion,listed,,,,,,no
thegentlemen,Known,IS,Technology,2026-07-31,http://tezwsse5czllksjb7cwp65rvnk4oobmzti2znn42i43bjdfd2prqqkad.onion,listed,,,,,,no
thegentlemen,Peachtree Group,US,Other,2026-07-31,http://tezwsse5czllksjb7cwp65rvnk4oobmzti2znn42i43bjdfd2prqqkad.onion,listed,,,,,,no
thegentlemen,Municipalidad de San Luis,PE,Government & Defense,2026-07-31,http://tezwsse5czllksjb7cwp65rvnk4oobmzti2znn42i43bjdfd2prqqkad.onion,listed,,,,,,no
thegentlemen,World Wide Fittings,GB,Manufacturing,2026-07-31,http://tezwsse5czllksjb7cwp65rvnk4oobmzti2znn42i43bjdfd2prqqkad.onion,listed,,,,,,no
thegentlemen,Chemco Systems,US,Manufacturing,2026-07-31,http://tezwsse5czllksjb7cwp65rvnk4oobmzti2znn42i43bjdfd2prqqkad.onion,listed,,,,,,no
thegentlemen,Total Auto Business Solutions,US,Transportation,2026-07-31,http://tezwsse5czllksjb7cwp65rvnk4oobmzti2znn42i43bjdfd2prqqkad.onion,listed,,,,,,no
thegentlemen,Okovolt Solartechnik,DE,Energy & Utilities,2026-07-31,http://tezwsse5czllksjb7cwp65rvnk4oobmzti2znn42i43bjdfd2prqqkad.onion,listed,,,,,,no
thegentlemen,Pertamina,ID,Energy & Utilities,2026-07-31,http://tezwsse5czllksjb7cwp65rvnk4oobmzti2znn42i43bjdfd2prqqkad.onion,listed,,,,,,no
dragonforce,Lamont Pridmore,GB,,2026-07-31,http://z3wqggtxft7id3ibr7srivv5gjof5fwg76slewnzwwakjuf3nlhukdid.onion/blog/?post_uuid=b6be8d66-388e-4cc3-8e6d-f18008ed955a,listed,,,,,,no
genesis,****,US,,2026-07-31,http://genesis6ixpb5mcy4kudybtw5op2wqlrkocfogbnenz3c647ibqixiad.onion/8134b54f8d2622fd7303/,listed,,,,,,no
interlock,Gardiner Family Chiropractic,US,Healthcare,2026-07-31,http://5igtvs225ikh2svqvf7zkanyica5jz5p5db44fg2rwj7ifyjipvyimid.onion/index.php?p=,listed,,40 GB,,published,http://ebhmkoohccl45qesdbvrjqtyro2hmhkmh6vkyfyjjzfllm3ix72aqaid.onion/leaks.php,yes
dragonforce,RUS Industrial,US,Manufacturing,2026-07-31,http://z3wqggtxft7id3ibr7srivv5gjof5fwg76slewnzwwakjuf3nlhukdid.onion/blog/?post_uuid=7a02a198-4fa0-47ab-afe0-0b087659af9e,listed,,,,,,no
dragonforce,www.mbmlawsc.com,US,Professional Services,2026-07-31,http://z3wqggtxft7id3ibr7srivv5gjof5fwg76slewnzwwakjuf3nlhukdid.onion/blog/?post_uuid=7311c4c3-6f5d-42e5-a487-c2d5d5e8410b,listed,,,,,,no
clop,BLUEVISTALLC.COM,US,,2026-07-31,http://santat7kpllt6iyvqbr7q4amdv6dzrh6paatvyrzl7ry3zm72zigf4ad.onion/bluevistallc-com,listed,,,,,,no
booba project,Betz Industries,US,Manufacturing,2026-07-31,,listed,,,,,,no
qilin,The Dcoop,ES,Agriculture and Food Production,2026-07-31,http://ijzn3sicrcy7guixkzjkib4ukbiilwc3xhnmby4mcbccnsd7j2rekvqd.onion/site/blog?uuid=2288dc0c-2790-4376-a244-14ca03334646,listed,,,,,,no
cmdorganization,Stewart Belland & Associates Inc.,CA,Professional Services,2026-07-31,http://cmdnkiqjije2tllr3biee2sjgj3i4robg2cbtilbnytdhh2wy3syrlyd.onion,listed,,296 GB,,published,http://cmdnkiqjije2tllr3biee2sjgj3i4robg2cbtilbnytdhh2wy3syrlyd.onion,yes
qilin,Hawaii Family Dental,US,Healthcare,2026-07-31,http://ijzn3sicrcy7guixkzjkib4ukbiilwc3xhnmby4mcbccnsd7j2rekvqd.onion/site/blog?uuid=cba56701-ff57-4242-b845-62b40bcf937d,listed,,,,,,no
genesis,Boyum IT Solutions (HOT!),DK,Technology,2026-07-30,http://genesis6ixpb5mcy4kudybtw5op2wqlrkocfogbnenz3c647ibqixiad.onion/79f095d5b182ce93bae4/,listed,,,,published,http://genesis6ixpb5mcy4kudybtw5op2wqlrkocfogbnenz3c647ibqixiad.onion,yes
genesis,C.A. Walker Construction,US,Manufacturing,2026-07-30,http://genesis6ixpb5mcy4kudybtw5op2wqlrkocfogbnenz3c647ibqixiad.onion/55f3f0d90d424055e955/,listed,,,,published,http://genesis6ixpb5mcy4kudybtw5op2wqlrkocfogbnenz3c647ibqixiad.onion,yes
kyber,L3HARRIS,US,Government & Defense,2026-07-30,http://kyblogtz6k3jtxnjjvluee5ec4g3zcnvyvbgsnq5thumphmqidkt7xid.onion/post/8f7921b25ba180bc641058343eaf758eca108e169ca5eaaae36313645f8b0259,listed,,,,,,no
qilin,"Audio Precision, Inc",US,Technology,2026-07-30,http://ijzn3sicrcy7guixkzjkib4ukbiilwc3xhnmby4mcbccnsd7j2rekvqd.onion/site/blog?uuid=f37de6ed-24ab-4da1-b31f-9d1ea5fd2727,listed,,,,,,no
gammax,RE/MAX 1st Choice,CA,Retail & E-Commerce,2026-07-30,http://gammax6w3dkfdjfrjthtmqzsioue52vzy6lz54qy6jcvmogfpubutjyd.onion/post/6lBQz0om6pTjMwwBoHhr0dOwOiPY4Rtv,listed,,229GB,74068,countdown,http://gammax6w3dkfdjfrjthtmqzsioue52vzy6lz54qy6jcvmogfpubutjyd.onion,yes
gammax,AguAseo,CO,Energy & Utilities,2026-07-30,http://gammax6w3dkfdjfrjthtmqzsioue52vzy6lz54qy6jcvmogfpubutjyd.onion/post/B48A6eknv0j8w2yJQLVCr3C4GH8DJF6x,listed,,57.9GB,34011,countdown,http://gammax6w3dkfdjfrjthtmqzsioue52vzy6lz54qy6jcvmogfpubutjyd.onion,yes
securotrop,MAG USA Inc,US,Manufacturing,2026-07-30,http://securo45z554mw7rgrt7wcgv5eenj2xmxyrsdj3fcjsvindu63s4bsid.onion,listed,,1871 GB,,published,http://securo45z554mw7rgrt7wcgv5eenj2xmxyrsdj3fcjsvindu63s4bsid.onion,yes
section9,And where does the newborn go from here? The net is vast and infinite.,,,2026-07-30,http://v76bdil3v7hczufr7kwk75eq6oks27d3qwj6v5ajj6v6rubbvwhcq2qd.onion/post/170f41edbfce501b,listed,,,,,,no
incransom,PARTNERED HEALTH GROUP,AU,Healthcare,2026-07-30,http://incblog6qu4y4mm4zvw5nrmue6qbwtgjsxpw6b7ixzssu36tsajldoad.onion/blog/disclosures/6a6b75a95ae71db30c8b0b19,listed,,,,,,no
cmdorganization,Contact Group,AU,Professional Services,2026-07-30,http://cmdnkiqjije2tllr3biee2sjgj3i4robg2cbtilbnytdhh2wy3syrlyd.onion,listed,,3 TB,,published,http://cmdnkiqjije2tllr3biee2sjgj3i4robg2cbtilbnytdhh2wy3syrlyd.onion,yes
pear,Sonitor Technologies,US,Healthcare,2026-07-30,http://pearsmob5sn44ismokiusuld34pnfwi6ctgin3qbvonpoob4lh3rmtqd.onion/Companies/sonitor,listed,,560 Gb,,published,http://peargxn3oki34c4savcbcfqofjjwjnnyrlrbszfv6ujlx36mhrh57did.onion,yes
incransom,sslf.local,US,,2026-07-30,http://incblog6qu4y4mm4zvw5nrmue6qbwtgjsxpw6b7ixzssu36tsajldoad.onion/blog/disclosures/6a6b426a5ae71db30c84c336,listed,,,,,,no
qilin,TenSparrows,US,,2026-07-30,http://ijzn3sicrcy7guixkzjkib4ukbiilwc3xhnmby4mcbccnsd7j2rekvqd.onion/site/blog?uuid=208dc842-462f-4698-8012-4c775d4230af,listed,,,,,,no
cmdorganization,Collge Mont Notre-Dame de Sherbrooke,CA,Education,2026-07-30,http://cmdnkiqjije2tllr3biee2sjgj3i4robg2cbtilbnytdhh2wy3syrlyd.onion,listed,,,,,,no
qilin,Db Tarimsal Enerji,TR,Agriculture and Food Production,2026-07-30,http://ijzn3sicrcy7guixkzjkib4ukbiilwc3xhnmby4mcbccnsd7j2rekvqd.onion/site/blog?uuid=307ffce1-021d-4e41-88d8-2e860203c0d0,listed,,,,,,no
cmdorganization,Rondout Electric,US,Energy & Utilities,2026-07-30,http://cmdnkiqjije2tllr3biee2sjgj3i4robg2cbtilbnytdhh2wy3syrlyd.onion,listed,,,,,,no
qilin,Byonyks,US,Technology,2026-07-30,http://ijzn3sicrcy7guixkzjkib4ukbiilwc3xhnmby4mcbccnsd7j2rekvqd.onion/site/blog?uuid=a87b7c7e-0b27-4645-ab95-af9452a79966,listed,,,,,,no
qilin,Prenisac,US,,2026-07-30,http://ijzn3sicrcy7guixkzjkib4ukbiilwc3xhnmby4mcbccnsd7j2rekvqd.onion/site/blog?uuid=66939367-d4ce-4eb0-aee7-8b5f105e1a1e,listed,,,,,,no
qilin,Excel Consultores,MX,Professional Services,2026-07-30,http://ijzn3sicrcy7guixkzjkib4ukbiilwc3xhnmby4mcbccnsd7j2rekvqd.onion/site/blog?uuid=2d747df3-258f-4cf7-bb51-bac84535c9d5,listed,,,,,,no
qilin,Affinity Capital,US,Financial Services,2026-07-30,http://ijzn3sicrcy7guixkzjkib4ukbiilwc3xhnmby4mcbccnsd7j2rekvqd.onion/site/blog?uuid=64f4ee06-03dc-4857-a00d-db3d4fc4c9ab,listed,,,,,,no
kairos,Warwick Fabrics,NZ,Manufacturing,2026-07-30,http://nerqnacjmdy3obvevyol7qhazkwkv57dwqvye5v46k5bcujtfa6sduad.onion,listed,,386 GB,,published,http://kairosgeuzkzz3ajntqcyxl3ib36szz3mg62mb3zbui33pbk3uzo4qqd.onion,yes
gunra,"Siam Stabilizers and Chemicals Co., Ltd. / SSC",TH,Manufacturing,2026-07-30,http://lgiil72vkmdtbc3qv4tyq6wedyjxqr2qd4ze7xl2cxgerdnymxj7soqd.onion,listed,,,,,,no
qilin,Adpo,BE,Transportation,2026-07-30,http://ijzn3sicrcy7guixkzjkib4ukbiilwc3xhnmby4mcbccnsd7j2rekvqd.onion/site/blog?uuid=bae9234e-d528-484c-b3f9-7aa6966ef175,listed,,,,,,no
qilin,servitelco,CL,Technology,2026-07-30,http://ijzn3sicrcy7guixkzjkib4ukbiilwc3xhnmby4mcbccnsd7j2rekvqd.onion/site/blog?uuid=2e7b30b3-0b77-4c92-81f7-9cc3aedee74e,listed,,,,,,no
qilin,Orimar,BE,Other,2026-07-30,http://ijzn3sicrcy7guixkzjkib4ukbiilwc3xhnmby4mcbccnsd7j2rekvqd.onion/site/blog?uuid=7447e2a7-f4db-466f-9f95-5b57cd5ae6d0,listed,,,,,,no
qilin,Indian Motos Inmot,EC,Manufacturing,2026-07-30,http://ijzn3sicrcy7guixkzjkib4ukbiilwc3xhnmby4mcbccnsd7j2rekvqd.onion/site/blog?uuid=1c576d86-ae95-48bb-8449-5bb196395dfd,listed,,,,,,no
aurora,Van Eijck International Car Rescue,NL,Transportation,2026-07-30,http://u6lieui2dakbctcjea2bz4r4q32r7t36nwljovqbv7mxs6o2smgxixid.onion/blog/van-eijck-international-car-rescue-91e93f21,listed,,,,,,no
aurora,Evosys Laser GmbH,DE,Manufacturing,2026-07-30,http://u6lieui2dakbctcjea2bz4r4q32r7t36nwljovqbv7mxs6o2smgxixid.onion/blog/evosys-laser-gmbh-4511a1ae,listed,,,,,,no
aurora,Pyramid Analytics B.V.,NL,Technology,2026-07-30,http://u6lieui2dakbctcjea2bz4r4q32r7t36nwljovqbv7mxs6o2smgxixid.onion/blog/pyramid-analytics-bv-5bc96ed0,listed,,,,,,no
thegentlemen,Promatrix,US,Technology,2026-07-30,http://tezwsse5czllksjb7cwp65rvnk4oobmzti2znn42i43bjdfd2prqqkad.onion,listed,,,,,,no
thegentlemen,Malaysian Nuclear Agency,MY,Government & Defense,2026-07-30,http://tezwsse5czllksjb7cwp65rvnk4oobmzti2znn42i43bjdfd2prqqkad.onion,listed,,,,,,no
thegentlemen,Delkart Industries Pvt,IN,Manufacturing,2026-07-30,http://tezwsse5czllksjb7cwp65rvnk4oobmzti2znn42i43bjdfd2prqqkad.onion,listed,,,,,,no
thegentlemen,ETA Technology Pvt,IN,Technology,2026-07-30,http://tezwsse5czllksjb7cwp65rvnk4oobmzti2znn42i43bjdfd2prqqkad.onion,listed,,,,,,no
thegentlemen,Kontact Consortium India Pvt,IN,Other,2026-07-30,http://tezwsse5czllksjb7cwp65rvnk4oobmzti2znn42i43bjdfd2prqqkad.onion,listed,,,,,,no
thegentlemen,Upanal CNC Solutions,PE,Manufacturing,2026-07-30,http://tezwsse5czllksjb7cwp65rvnk4oobmzti2znn42i43bjdfd2prqqkad.onion,listed,,,,,,no
thegentlemen,Indus Protech Solutions,IN,Technology,2026-07-30,http://tezwsse5czllksjb7cwp65rvnk4oobmzti2znn42i43bjdfd2prqqkad.onion,listed,,,,,,no
thegentlemen,Angel Hotel,GB,Hospitality,2026-07-30,http://tezwsse5czllksjb7cwp65rvnk4oobmzti2znn42i43bjdfd2prqqkad.onion,listed,,,,,,no
thegentlemen,The Garfield County Sheriff Office,US,Government & Defense,2026-07-30,http://tezwsse5czllksjb7cwp65rvnk4oobmzti2znn42i43bjdfd2prqqkad.onion,listed,,,,,,no
morpheus,Yue Ki Industrial,TW,Manufacturing,2026-07-30,http://izsp6ipui4ctgxfugbgtu65kzefrucltyfpbxplmfybl5swiadpljmyd.onion,listed,,,,,,no
incransom,harwal.net,AE,,2026-07-29,http://incblog6qu4y4mm4zvw5nrmue6qbwtgjsxpw6b7ixzssu36tsajldoad.onion/blog/disclosures/6a6a24085ae71db30c60bd45,listed,,,,,,no
black x,sanaa hospital,YE,Healthcare,2026-07-29,http://blackxppq2jvqyg4slyg3sbszv7ib2avaaycvhff5qipgdoepqi57xyd.onion/target/6a572d270a8c566f081720cd,listed,,,,,,no
black x,Tong Kong E & E Sdn Bhd (95907X),MY,Manufacturing,2026-07-29,http://blackxppq2jvqyg4slyg3sbszv7ib2avaaycvhff5qipgdoepqi57xyd.onion/target/6a6398740a8c566f0817ec22,listed,,,,,,no
insomnia,Sky Solutions,PA,Technology,2026-07-29,http://i62huw7ve22rpyw6lnq3kmfump2dmsg4xpveec3ere73njwatrz74gad.onion/Company/SkySolutions/,listed,,,,published,http://i62huw7ve22rpyw6lnq3kmfump2dmsg4xpveec3ere73njwatrz74gad.onion,yes
akira,Northwood Country Club,US,Hospitality,2026-07-29,http://akiral2iz6a7qgd3ayp3l6yub7xx2uep76idk3u2kollpj5z3z636bad.onion,listed,,,,,,no
section9,****.com.pa,PA,,2026-07-29,http://v76bdil3v7hczufr7kwk75eq6oks27d3qwj6v5ajj6v6rubbvwhcq2qd.onion/post/898fa9b128c4eeb7,listed,,,,,,no
spacebears,StellarRAD Systems,US,Technology,2026-07-29,http://5butbkrljkaorg5maepuca25oma7eiwo6a2rlhvkblb4v6mf3ki2ovid.onion/companies/64/stellarrad-systems,listed,,,,,,no
aurora,Bretford Manufacturing,US,Manufacturing,2026-07-29,http://u6lieui2dakbctcjea2bz4r4q32r7t36nwljovqbv7mxs6o2smgxixid.onion/blog/bretford-manufacturing-b4537780,listed,,,,,,no
gunra,Weilhotel,MY,Hospitality,2026-07-29,http://lgiil72vkmdtbc3qv4tyq6wedyjxqr2qd4ze7xl2cxgerdnymxj7soqd.onion,listed,,,,,,no
deadlock,AHENK lab,TR,Technology,2026-07-28,,listed,,,,published,http://deadblogdbdu5wprek7wa2o4ce7rnt6u6ntqeud3hzjjcveosgpsqqqd.onion,yes
qilin,Hoc,GB,,2026-07-28,http://ijzn3sicrcy7guixkzjkib4ukbiilwc3xhnmby4mcbccnsd7j2rekvqd.onion/site/blog?uuid=7c2d8a4e-d317-43bb-9d60-257266a55f49,listed,,,,,,no
blacknevas,Speed Group,,Transportation,2026-07-28,http://ctyfftrjgtwdjzlgqh4avbd35sqrs6tde4oyam2ufbjch6oqpqtkdtid.onion/9f3aadba-9ad7-40ec-92c9-8a42c918d76a,listed,,,,,,no
thegentlemen,Buck Knives,US,Manufacturing,2026-07-28,http://tezwsse5czllksjb7cwp65rvnk4oobmzti2znn42i43bjdfd2prqqkad.onion,listed,,,,,,no
coinbasecartel,Accesso,GB,Financial Services,2026-07-28,http://fjg4zi4opkxkvdz7mvwp7h6goe4tcby3hhkrz43pht4j3vakhy75znyd.onion/companies/accesso,listed,,,,,,no
chaos,thecranewaregroup.com,GB,Technology,2026-07-28,http://hptqq2o2qjva7lcaaq67w36jihzivkaitkexorauw7b2yul2z6zozpqd.onion/post/Lnaz3mOuC1dFtiWC5q9mSzZLNPTEVysa,listed,,,,,,no
cmdorganization,B-K Tool & Design,US,Manufacturing,2026-07-28,http://cmdnkiqjije2tllr3biee2sjgj3i4robg2cbtilbnytdhh2wy3syrlyd.onion,listed,,,,,,no
deadlock,DIATER,ES,Manufacturing,2026-07-28,,listed,,,,published,http://deadblogdbdu5wprek7wa2o4ce7rnt6u6ntqeud3hzjjcveosgpsqqqd.onion,yes
deadlock,Pasello,IT,Technology,2026-07-28,,listed,,,,published,http://deadblogdbdu5wprek7wa2o4ce7rnt6u6ntqeud3hzjjcveosgpsqqqd.onion,yes
booba project,Oklahoma Manufacturing Alliance,US,Manufacturing,2026-07-28,,listed,,,,,,no
akira,Franz Krause artworksgroup,US,Other,2026-07-28,http://akiralkzxzq2dsrzsrvbr2xgbbu2wgsmxryd4csgfameg52n7efvr2id.onion,listed,,,,,,no
incransom,https://eclmn.com/,US,Healthcare,2026-07-28,http://incblog6qu4y4mm4zvw5nrmue6qbwtgjsxpw6b7ixzssu36tsajldoad.onion/blog/disclosures/6a6719765ae71db30c0bbb19,listed,,,,,,no
deadlock,Takis srl,IT,Healthcare,2026-07-28,,listed,,,,published,http://deadblogdbdu5wprek7wa2o4ce7rnt6u6ntqeud3hzjjcveosgpsqqqd.onion,yes
booba project,Incredible Technologies,US,Technology,2026-07-28,,listed,,,,,,no
incransom,Della Casa Group AG,CH,Other,2026-07-28,http://incblog6qu4y4mm4zvw5nrmue6qbwtgjsxpw6b7ixzssu36tsajldoad.onion/blog/disclosures/6a6774db5ae71db30c14ce5b,listed,,,,,,no
qilin,Gran valle negocios,AR,Other,2026-07-28,http://ijzn3sicrcy7guixkzjkib4ukbiilwc3xhnmby4mcbccnsd7j2rekvqd.onion/site/blog?uuid=a830d214-9f13-4708-8f06-bf1c3021c973,listed,,,,,,no
termite,Affinia Healthcare,US,Healthcare,2026-07-28,http://termiteuslbumdge2zmfmfcsrvmvsfe4gvyudc5j6cdnisnhtftvokid.onion/post/6a67df3dfbf635b18142d5aa,listed,,,,published,http://termiteuslbumdge2zmfmfcsrvmvsfe4gvyudc5j6cdnisnhtftvokid.onion,yes
incransom,minigrip.com.mx,MX,Manufacturing,2026-07-28,http://incblog6qu4y4mm4zvw5nrmue6qbwtgjsxpw6b7ixzssu36tsajldoad.onion/blog/disclosures/6a631e935ae71db30c9b88ce,listed,,,,,,no
incransom,DUCON,CO,Manufacturing,2026-07-28,http://incblog6qu4y4mm4zvw5nrmue6qbwtgjsxpw6b7ixzssu36tsajldoad.onion/blog/disclosures/6a6321575ae71db30c9bd08e,listed,,,,,,no
incransom,greenecountyga.gov,US,Government & Defense,2026-07-28,http://incblog6qu4y4mm4zvw5nrmue6qbwtgjsxpw6b7ixzssu36tsajldoad.onion/blog/disclosures/6a653b8c5ae71db30cd8266a,listed,,,,,,no
incransom,foundationstofreedom.org,US,Other,2026-07-28,http://incblog6qu4y4mm4zvw5nrmue6qbwtgjsxpw6b7ixzssu36tsajldoad.onion/blog/disclosures/6a65400c5ae71db30cd89b27,listed,,,,,,no
anubis,Prelys Courtage,FR,Financial Services,2026-07-28,http://om6q4a6cyipxvt7ioudxt24cw4oqu4yodmqzl25mqd2hgllymrgu4aqd.onion/r/BOGek03huSzlB0TMCY82I66nKD5dRABnYIv5H36irQvLQZUKM0W2IQJ4ou2wlY3mgLTSOyJCbAVk4dtnUT6skHlmZThTSTNE,listed,,29 GB,,published,http://anubisyfkh5rixydjpoo3jqucauajz2juybrbtuglcppjj2y3eg3y6ad.onion,yes
termite,JD Young,CN,,2026-07-27,http://termiteuslbumdge2zmfmfcsrvmvsfe4gvyudc5j6cdnisnhtftvokid.onion/post/6a67df16fbf635b18142d544,listed,,,,published,http://termiteuslbumdge2zmfmfcsrvmvsfe4gvyudc5j6cdnisnhtftvokid.onion,yes
anubis,Coca-Cola / Fairlife,US,Agriculture and Food Production,2026-07-27,http://anubisyfkh5rixydjpoo3jqucauajz2juybrbtuglcppjj2y3eg3y6ad.onion/r/x7DNhT0kG8Z2ElnASoBnUa6rQFDRfZY+9fQnDAj5hl81pP0y31BKlZ59ZhogDQmjybVZnkYgmubSZs2FNfuTd6TTVRZmtB,listed,,29 GB,,published,http://anubisyfkh5rixydjpoo3jqucauajz2juybrbtuglcppjj2y3eg3y6ad.onion,yes
safepay,zinorm.de,DE,,2026-07-27,http://safepaypfxntwixwjrlcscft433ggemlhgkkdupi2ynhtcmvdgubmoyd.onion/blog/post/zinormde/,listed,,,,,,no
safepay,moebelmayer.de,DE,Retail & E-Commerce,2026-07-27,http://safepaypfxntwixwjrlcscft433ggemlhgkkdupi2ynhtcmvdgubmoyd.onion/blog/post/moebelmayerde/,listed,,,,,,no
safepay,paritaet-nrw.org,DE,Professional Services,2026-07-27,http://safepaypfxntwixwjrlcscft433ggemlhgkkdupi2ynhtcmvdgubmoyd.onion/blog/post/paritaet-nrworg/,listed,,,,,,no
safepay,haugbuersten.de,DE,Retail & E-Commerce,2026-07-27,http://safepaypfxntwixwjrlcscft433ggemlhgkkdupi2ynhtcmvdgubmoyd.onion/blog/post/haugbuerstende/,listed,,,,,,no
safepay,landesmuseum.de,DE,Education,2026-07-27,http://safepaypfxntwixwjrlcscft433ggemlhgkkdupi2ynhtcmvdgubmoyd.onion/blog/post/landesmuseumde/,listed,,,,,,no
safepay,hst.eu,DE,,2026-07-27,http://safepaypfxntwixwjrlcscft433ggemlhgkkdupi2ynhtcmvdgubmoyd.onion/blog/post/hsteu/,listed,,,,,,no
safepay,braywoodschool.co.uk,GB,Education,2026-07-27,http://safepaypfxntwixwjrlcscft433ggemlhgkkdupi2ynhtcmvdgubmoyd.onion/blog/post/braywoodschoolcouk/,listed,,,,,,no
safepay,weier.org,DE,,2026-07-27,http://safepaypfxntwixwjrlcscft433ggemlhgkkdupi2ynhtcmvdgubmoyd.onion/blog/post/weierorg/,listed,,,,,,no
safepay,bnpdist.com,US,Retail & E-Commerce,2026-07-27,http://safepaypfxntwixwjrlcscft433ggemlhgkkdupi2ynhtcmvdgubmoyd.onion/blog/post/bnpdistcom/,listed,,,,,,no
qilin,Groupe Fenwick,FR,Manufacturing,2026-07-27,http://ijzn3sicrcy7guixkzjkib4ukbiilwc3xhnmby4mcbccnsd7j2rekvqd.onion/site/blog?uuid=6dc203a9-ec65-4df7-9c50-b58f1a1d1d10,listed,,,,,,no
nightspire,The Mountain,GB,Other,2026-07-27,http://nspirep7orjq73k2x2fwh2mxgh74vm2now6cdbnnxjk2f5wn34bmdxad.onion,listed,,,,,,no
nightspire,Kates Nussman Ellis Earle & Landolfi LLP,US,Professional Services,2026-07-27,http://nspirep7orjq73k2x2fwh2mxgh74vm2now6cdbnnxjk2f5wn34bmdxad.onion,listed,,,,,,no
chaos,vit-best.com,RU,Education,2026-07-27,http://hptqq2o2qjva7lcaaq67w36jihzivkaitkexorauw7b2yul2z6zozpqd.onion/post/aFNYdj4QtXaallF5lrsdo2Qps0Qqs89E,listed,,,,,,no
nightspire,Akribis Systems Pte Ltd,SG,Technology,2026-07-27,http://nspirep7orjq73k2x2fwh2mxgh74vm2now6cdbnnxjk2f5wn34bmdxad.onion,listed,,,,,,no
nightspire,Thai Seng International Co. Ltd,TH,Manufacturing,2026-07-27,http://nspirep7orjq73k2x2fwh2mxgh74vm2now6cdbnnxjk2f5wn34bmdxad.onion,listed,,,,,,no
nightspire,MKS Transformator,TR,Manufacturing,2026-07-27,http://nspirep7orjq73k2x2fwh2mxgh74vm2now6cdbnnxjk2f5wn34bmdxad.onion,listed,,,,,,no
nightspire,OPTIDEA GmbH,CH,Technology,2026-07-27,http://nspirep7orjq73k2x2fwh2mxgh74vm2now6cdbnnxjk2f5wn34bmdxad.onion,listed,,,,,,no
nightspire,Furama Bukit Bintang,MY,Hospitality,2026-07-27,http://nspirep7orjq73k2x2fwh2mxgh74vm2now6cdbnnxjk2f5wn34bmdxad.onion,listed,,,,,,no
nightspire,"K. Venkatesh, Co",IN,,2026-07-27,http://nspirep7orjq73k2x2fwh2mxgh74vm2now6cdbnnxjk2f5wn34bmdxad.onion,listed,,,,,,no
nightspire,Wings Argo Private Limited,IN,Other,2026-07-27,http://nspirep7orjq73k2x2fwh2mxgh74vm2now6cdbnnxjk2f5wn34bmdxad.onion,listed,,,,,,no
nightspire,KSL Dirtworks LLC,US,Manufacturing,2026-07-27,http://nspirep7orjq73k2x2fwh2mxgh74vm2now6cdbnnxjk2f5wn34bmdxad.onion,listed,,,,,,no
nightspire,Diffusion de Produits Inoxydables,FR,Manufacturing,2026-07-27,http://nspirep7orjq73k2x2fwh2mxgh74vm2now6cdbnnxjk2f5wn34bmdxad.onion,listed,,,,,,no
nightspire,"TFG Benefits, Inc.",US,Financial Services,2026-07-27,http://nspirep7orjq73k2x2fwh2mxgh74vm2now6cdbnnxjk2f5wn34bmdxad.onion,listed,,,,,,no
shinyhunters,"BH Security, LLC. (brinkshome.com)",US,Professional Services,2026-07-27,http://shinypogk4jjniry5qi7247tznop6mxdrdte2k6pdu5cyo43vdzmrwid.onion,listed,,,,,,no
shinyhunters,"RingCentral, Inc.",US,Technology,2026-07-27,http://shinypogk4jjniry5qi7247tznop6mxdrdte2k6pdu5cyo43vdzmrwid.onion,listed,,,,,,no
shinyhunters,Ernst & Young,US,Professional Services,2026-07-27,http://shinypogk4jjniry5qi7247tznop6mxdrdte2k6pdu5cyo43vdzmrwid.onion,listed,,,,,,no
qilin,Savills France,FR,Professional Services,2026-07-27,http://ijzn3sicrcy7guixkzjkib4ukbiilwc3xhnmby4mcbccnsd7j2rekvqd.onion/site/blog?uuid=6435c147-970c-4b24-9f6b-3e04ac9dddad,listed,,,,,,no
qilin,Wilbert's,US,Retail & E-Commerce,2026-07-27,http://ijzn3sicrcy7guixkzjkib4ukbiilwc3xhnmby4mcbccnsd7j2rekvqd.onion/site/blog?uuid=af6a747d-1fc7-42e2-a953-0c198cf49576,listed,,,,,,no
dragonforce,Katathani Phuket Beach Resort,TH,Hospitality,2026-07-27,http://z3wqggtxft7id3ibr7srivv5gjof5fwg76slewnzwwakjuf3nlhukdid.onion/blog/?post_uuid=8289671c-c761-48b7-833b-f75f83d4b7b8,listed,,,,,,no
crpxo,IPTV Platform,US,Technology,2026-07-27,http://tlxoddx4odmc2qvsmtsbgwwsv5j45osb5sox7mz6izxliuju5mkulzad.onion/victim.php?slug=iptv-platform,listed,,,,,,no
crpxo,Marketech,US,Technology,2026-07-27,http://tlxoddx4odmc2qvsmtsbgwwsv5j45osb5sox7mz6izxliuju5mkulzad.onion/victim.php?slug=marketech,listed,,,,,,no
crpxo,American Hospice & Home Health Services (Ahhh Care),US,Healthcare,2026-07-27,http://tlxoddx4odmc2qvsmtsbgwwsv5j45osb5sox7mz6izxliuju5mkulzad.onion/victim.php?slug=american-hospice-home-health,listed,,,,,,no
crpxo,Bright Star Partners Insurance,US,Financial Services,2026-07-27,http://tlxoddx4odmc2qvsmtsbgwwsv5j45osb5sox7mz6izxliuju5mkulzad.onion/victim.php?slug=bright-star-partners-insurance,listed,,,,,,no
crpxo,eCare Platform,US,Healthcare,2026-07-27,http://tlxoddx4odmc2qvsmtsbgwwsv5j45osb5sox7mz6izxliuju5mkulzad.onion/victim.php?slug=ecare-platform,listed,,,,,,no
crpxo,Dignity Phoenix,US,Healthcare,2026-07-27,http://tlxoddx4odmc2qvsmtsbgwwsv5j45osb5sox7mz6izxliuju5mkulzad.onion/victim.php?slug=dignity-phoenix,listed,,,,,,no
crpxo,Schorr Law,US,Professional Services,2026-07-27,http://tlxoddx4odmc2qvsmtsbgwwsv5j45osb5sox7mz6izxliuju5mkulzad.onion/victim.php?slug=schorr-law,listed,,,,,,no
crpxo,Simpkins Law Firm,US,Professional Services,2026-07-27,http://tlxoddx4odmc2qvsmtsbgwwsv5j45osb5sox7mz6izxliuju5mkulzad.onion/victim.php?slug=simpkins-law-firm,listed,,,,,,no
crpxo,Leah Walker Orthodontics,US,Healthcare,2026-07-27,http://tlxoddx4odmc2qvsmtsbgwwsv5j45osb5sox7mz6izxliuju5mkulzad.onion/victim.php?slug=leah-walker-orthodontics,listed,,,,,,no
crpxo,Elko Dental Specialists,US,Healthcare,2026-07-27,http://tlxoddx4odmc2qvsmtsbgwwsv5j45osb5sox7mz6izxliuju5mkulzad.onion/victim.php?slug=elko-dental-specialists,listed,,,,,,no
deadlock,Hardware Asesorias Software Ltda,CL,Technology,2026-07-27,,listed,,,,,,no
deadlock,Tesco Engineer,GB,Retail & E-Commerce,2026-07-27,,listed,,,,,,no
global secret group,Louisiana Coalition Against | Domestic Violence,US,Other,2026-07-27,http://o5lsqyar7ox25z734k6zaxt2vf7bsyi4q5rturi5iyxzqo3ica7bjsad.onion/project/33/,listed,,241 GB,287451,listed,http://o5lsqyar7ox25z734k6zaxt2vf7bsyi4q5rturi5iyxzqo3ica7bjsad.onion,yes
crpxo,ProSmile Family Dental Care,US,Healthcare,2026-07-27,http://tlxoddx4odmc2qvsmtsbgwwsv5j45osb5sox7mz6izxliuju5mkulzad.onion/victim.php?slug=prosmile-family-dental,listed,,,,,,no
crpxo,Qube Aviation Catering,US,Transportation,2026-07-27,http://tlxoddx4odmc2qvsmtsbgwwsv5j45osb5sox7mz6izxliuju5mkulzad.onion/victim.php?slug=qube-aviation-catering,listed,,,,,,no
crpxo,Performance Data Solutions,US,Professional Services,2026-07-27,http://tlxoddx4odmc2qvsmtsbgwwsv5j45osb5sox7mz6izxliuju5mkulzad.onion/victim.php?slug=performance-data-solutions,listed,,,,,,no
crpxo,Host & Protect (RedBlink),IE,Technology,2026-07-27,http://tlxoddx4odmc2qvsmtsbgwwsv5j45osb5sox7mz6izxliuju5mkulzad.onion/victim.php?slug=host-and-protect,listed,,,,,,no
crpxo,RnnR Cloud,US,Technology,2026-07-27,http://tlxoddx4odmc2qvsmtsbgwwsv5j45osb5sox7mz6izxliuju5mkulzad.onion/victim.php?slug=rnnr-cloud,listed,,,,,,no
crpxo,CodeConductor.ai,US,Technology,2026-07-27,http://tlxoddx4odmc2qvsmtsbgwwsv5j45osb5sox7mz6izxliuju5mkulzad.onion/victim.php?slug=codeconductor-ai,listed,,,,,,no
crpxo,Prei Capital,US,Financial Services,2026-07-27,http://tlxoddx4odmc2qvsmtsbgwwsv5j45osb5sox7mz6izxliuju5mkulzad.onion/victim.php?slug=prei-capital,listed,,,,,,no
crpxo,FLP Law Group LLP,US,Professional Services,2026-07-27,http://tlxoddx4odmc2qvsmtsbgwwsv5j45osb5sox7mz6izxliuju5mkulzad.onion/victim.php?slug=flp-law-group,listed,,,,,,no
crpxo,Summit Hill Insurance,US,Financial Services,2026-07-27,http://tlxoddx4odmc2qvsmtsbgwwsv5j45osb5sox7mz6izxliuju5mkulzad.onion/victim.php?slug=summit-hill-insurance,listed,,,,,,no
crpxo,MRO Aerospace,US,Manufacturing,2026-07-27,http://tlxoddx4odmc2qvsmtsbgwwsv5j45osb5sox7mz6izxliuju5mkulzad.onion/victim.php?slug=mro-aerospace,listed,,,,,,no
incransom,takethehop.com,US,Hospitality,2026-07-27,http://incblog6qu4y4mm4zvw5nrmue6qbwtgjsxpw6b7ixzssu36tsajldoad.onion/blog/disclosures/6a6277ab5ae71db30c86ca0a,listed,,,,,,no
global secret group,Park Manufacturing Corp.,US,Manufacturing,2026-07-27,http://o5lsqyar7ox25z734k6zaxt2vf7bsyi4q5rturi5iyxzqo3ica7bjsad.onion/project/32/,listed,,195 GB,411109,listed,http://o5lsqyar7ox25z734k6zaxt2vf7bsyi4q5rturi5iyxzqo3ica7bjsad.onion,yes
exfilsquad,Wesco International,US,Manufacturing,2026-07-26,,listed,,40 GB UNCOMPRESSED,1,published,http://exfil5gqmbxrg6yky5aeitkdj7kfwxxjh3wxzrtlewjqi2x67o634iyd.onion,yes
genesis,Williams Accounting Professional,CA,Professional Services,2026-07-26,http://genesis6ixpb5mcy4kudybtw5op2wqlrkocfogbnenz3c647ibqixiad.onion/e1ce50a6e22290f40df6/,listed,,,,published,http://genesis6ixpb5mcy4kudybtw5op2wqlrkocfogbnenz3c647ibqixiad.onion,yes
genesis,JJP Slip Forming Inc.,US,Manufacturing,2026-07-26,http://genesis6ixpb5mcy4kudybtw5op2wqlrkocfogbnenz3c647ibqixiad.onion/c69e194c2dc7ab12ef4e/,listed,,,,published,http://genesis6ixpb5mcy4kudybtw5op2wqlrkocfogbnenz3c647ibqixiad.onion,yes
genesis,Building Envelope Systems,US,Manufacturing,2026-07-26,http://genesis6ixpb5mcy4kudybtw5op2wqlrkocfogbnenz3c647ibqixiad.onion/960b5c42eb664129c99d/,listed,,,,published,http://genesis6ixpb5mcy4kudybtw5op2wqlrkocfogbnenz3c647ibqixiad.onion,yes
genesis,"Westlake Realty Group, Inc.",US,Retail & E-Commerce,2026-07-26,http://genesis6ixpb5mcy4kudybtw5op2wqlrkocfogbnenz3c647ibqixiad.onion/8bac6cf38a5a125166bd/,listed,,,,published,http://genesis6ixpb5mcy4kudybtw5op2wqlrkocfogbnenz3c647ibqixiad.onion,yes
genesis,Servonix Technologies,US,,2026-07-26,http://genesis6ixpb5mcy4kudybtw5op2wqlrkocfogbnenz3c647ibqixiad.onion/326fec030728fd03a27f/,listed,,,,published,http://genesis6ixpb5mcy4kudybtw5op2wqlrkocfogbnenz3c647ibqixiad.onion,yes
genesis,"Infinity Pipeline,Inc.",US,Energy & Utilities,2026-07-26,http://genesis6ixpb5mcy4kudybtw5op2wqlrkocfogbnenz3c647ibqixiad.onion/30e4ada54a4c7c042993/,listed,,,,published,http://genesis6ixpb5mcy4kudybtw5op2wqlrkocfogbnenz3c647ibqixiad.onion,yes
global secret group,Hinduja Tech | BMW Group & Škoda Auto,IN,Manufacturing,2026-07-26,http://o5lsqyar7ox25z734k6zaxt2vf7bsyi4q5rturi5iyxzqo3ica7bjsad.onion/project/31/,listed,,,,,,no
global secret group,Pro-Tuff | Decals,US,Retail & E-Commerce,2026-07-26,http://o5lsqyar7ox25z734k6zaxt2vf7bsyi4q5rturi5iyxzqo3ica7bjsad.onion/project/30/,listed,,412 GB,589623,listed,http://o5lsqyar7ox25z734k6zaxt2vf7bsyi4q5rturi5iyxzqo3ica7bjsad.onion,yes
deadlock,High Class Car Limo,US,Transportation,2026-07-26,,listed,,,,,,no
anubis,Eagle Crest Communities,US,Hospitality,2026-07-26,http://anubisyfkh5rixydjpoo3jqucauajz2juybrbtuglcppjj2y3eg3y6ad.onion/r/pd6fbi+hxlHWHT9iyJvkoMfFPlamNFsA7TdiiwblLx1OL3o6UBAFJAoglUrOMSY3s2hiFkcQYnjcbuo6SgpBHFBN2l1aU96,listed,,273 GB,,published,http://anubisyfkh5rixydjpoo3jqucauajz2juybrbtuglcppjj2y3eg3y6ad.onion,yes
global secret group,Spergel,CA,Professional Services,2026-07-26,http://o5lsqyar7ox25z734k6zaxt2vf7bsyi4q5rturi5iyxzqo3ica7bjsad.onion/project/29/,listed,,5.4 TB,7830792,listed,http://o5lsqyar7ox25z734k6zaxt2vf7bsyi4q5rturi5iyxzqo3ica7bjsad.onion,yes
deadlock,West African Resources ltd,AU,Energy & Utilities,2026-07-26,,listed,,,,,,no
deadlock,Caspian One,AZ,Energy & Utilities,2026-07-26,,listed,,,,,,no
section9,*****.com.pt,PT,Education,2026-07-26,http://v76bdil3v7hczufr7kwk75eq6oks27d3qwj6v5ajj6v6rubbvwhcq2qd.onion/post/ed0baaeda35ff4f2,listed,,,,,,no
section9,********.com.uy,UY,Agriculture and Food Production,2026-07-26,http://v76bdil3v7hczufr7kwk75eq6oks27d3qwj6v5ajj6v6rubbvwhcq2qd.onion/post/8a803504aab72fad,listed,,,,,,no
section9,****.fr,FR,Retail & E-Commerce,2026-07-26,http://v76bdil3v7hczufr7kwk75eq6oks27d3qwj6v5ajj6v6rubbvwhcq2qd.onion/post/aee038ac936b0bd3,listed,,,,,,no
section9,********.com,US,Other,2026-07-26,http://v76bdil3v7hczufr7kwk75eq6oks27d3qwj6v5ajj6v6rubbvwhcq2qd.onion/post/16bea0d49cf9e15c,listed,,,,,,no
section9,******.com.se,SE,Healthcare,2026-07-26,http://v76bdil3v7hczufr7kwk75eq6oks27d3qwj6v5ajj6v6rubbvwhcq2qd.onion/post/f6d5aae7716da9e1,listed,,,,,,no
section9,******.com,US,Technology,2026-07-26,http://v76bdil3v7hczufr7kwk75eq6oks27d3qwj6v5ajj6v6rubbvwhcq2qd.onion/post/9964536de9f48338,listed,,,,,,no
section9,****.com.mc,MC,Hospitality,2026-07-26,http://v76bdil3v7hczufr7kwk75eq6oks27d3qwj6v5ajj6v6rubbvwhcq2qd.onion/post/4beecf86af9ead43,listed,,,,,,no
section9,*****.ind.br,BR,Agriculture and Food Production,2026-07-26,http://v76bdil3v7hczufr7kwk75eq6oks27d3qwj6v5ajj6v6rubbvwhcq2qd.onion/post/09235e0d215914d3,listed,,,,,,no
section9,**********,,Technology,2026-07-26,http://v76bdil3v7hczufr7kwk75eq6oks27d3qwj6v5ajj6v6rubbvwhcq2qd.onion/post/fc6f4c0c2350ca19,listed,,,,,,no
section9,*****.com.br,BR,Financial Services,2026-07-26,http://v76bdil3v7hczufr7kwk75eq6oks27d3qwj6v5ajj6v6rubbvwhcq2qd.onion/post/064f028765a78e2d,listed,,,,,,no
section9,****.com.br,BR,Technology,2026-07-26,http://v76bdil3v7hczufr7kwk75eq6oks27d3qwj6v5ajj6v6rubbvwhcq2qd.onion/post/5f127795e8742eca,listed,,,,,,no
section9,****.com,BE,Manufacturing,2026-07-26,http://v76bdil3v7hczufr7kwk75eq6oks27d3qwj6v5ajj6v6rubbvwhcq2qd.onion/post/1c13b0ffe4f3c518,listed,,,,,,no
section9,*******.com,US,Retail & E-Commerce,2026-07-26,http://v76bdil3v7hczufr7kwk75eq6oks27d3qwj6v5ajj6v6rubbvwhcq2qd.onion/post/b5f46828b660402c,listed,,,,,,no
section9,********.com.jp,JP,Technology,2026-07-26,http://v76bdil3v7hczufr7kwk75eq6oks27d3qwj6v5ajj6v6rubbvwhcq2qd.onion/post/fd2ffe82deeab8e5,listed,,,,,,no
section9,*****.com.cn,CN,Financial Services,2026-07-26,http://v76bdil3v7hczufr7kwk75eq6oks27d3qwj6v5ajj6v6rubbvwhcq2qd.onion/post/6fe1418f8ac63cb4,listed,,,,,,no
section9,******.net.br,BR,Financial Services,2026-07-26,http://v76bdil3v7hczufr7kwk75eq6oks27d3qwj6v5ajj6v6rubbvwhcq2qd.onion/post/e3ac97cbf7d4e164,listed,,,,,,no
section9,******.com.br,BR,Other,2026-07-26,http://v76bdil3v7hczufr7kwk75eq6oks27d3qwj6v5ajj6v6rubbvwhcq2qd.onion/post/3998ba48ae103ae6,listed,,,,,,no
section9,********.com.br,BR,,2026-07-26,/post/a0d8e6d2971e253e,listed,,,,,,no
global secret group,Prism Telecom,FI,Technology,2026-07-26,,listed,,8.9 TB,,listed,http://o5lsqyar7ox25z734k6zaxt2vf7bsyi4q5rturi5iyxzqo3ica7bjsad.onion,yes
global secret group,Cipher Dynamics,IN,Technology,2026-07-26,,listed,,2.1 TB,,listed,http://o5lsqyar7ox25z734k6zaxt2vf7bsyi4q5rturi5iyxzqo3ica7bjsad.onion,yes
global secret group,Stratos Network,AE,Technology,2026-07-26,,listed,,28.3 TB,,listed,http://o5lsqyar7ox25z734k6zaxt2vf7bsyi4q5rturi5iyxzqo3ica7bjsad.onion,yes
global secret group,OmniLink AG,DE,Technology,2026-07-26,,listed,,12.7 TB,,listed,http://o5lsqyar7ox25z734k6zaxt2vf7bsyi4q5rturi5iyxzqo3ica7bjsad.onion,yes
global secret group,Vertex Systems,US,Technology,2026-07-26,,listed,,1.8 TB,,listed,http://o5lsqyar7ox25z734k6zaxt2vf7bsyi4q5rturi5iyxzqo3ica7bjsad.onion,yes
global secret group,Nexon Corp.,KR,Technology,2026-07-26,,listed,,4.2 TB,,listed,http://o5lsqyar7ox25z734k6zaxt2vf7bsyi4q5rturi5iyxzqo3ica7bjsad.onion,yes
global secret group,Farmers Mutual Fire Insurance,US,Financial Services,2026-07-26,http://o5lsqyar7ox25z734k6zaxt2vf7bsyi4q5rturi5iyxzqo3ica7bjsad.onion/project/1/,listed,,5.72 GB,,listed,http://o5lsqyar7ox25z734k6zaxt2vf7bsyi4q5rturi5iyxzqo3ica7bjsad.onion,yes
global secret group,West Sixth Law,US,Professional Services,2026-07-26,http://o5lsqyar7ox25z734k6zaxt2vf7bsyi4q5rturi5iyxzqo3ica7bjsad.onion/project/2/,listed,,328 GB,,listed,http://o5lsqyar7ox25z734k6zaxt2vf7bsyi4q5rturi5iyxzqo3ica7bjsad.onion,yes
global secret group,Baker Business & Tax Solutions,US,Professional Services,2026-07-26,http://o5lsqyar7ox25z734k6zaxt2vf7bsyi4q5rturi5iyxzqo3ica7bjsad.onion/project/5/,listed,,213Gb,,listed,http://o5lsqyar7ox25z734k6zaxt2vf7bsyi4q5rturi5iyxzqo3ica7bjsad.onion,yes
global secret group,Carpets Direct,US,Retail & E-Commerce,2026-07-26,http://o5lsqyar7ox25z734k6zaxt2vf7bsyi4q5rturi5iyxzqo3ica7bjsad.onion/project/6/,listed,,31.1 GB,,listed,http://o5lsqyar7ox25z734k6zaxt2vf7bsyi4q5rturi5iyxzqo3ica7bjsad.onion,yes
global secret group,AnyWeather,US,Technology,2026-07-26,http://o5lsqyar7ox25z734k6zaxt2vf7bsyi4q5rturi5iyxzqo3ica7bjsad.onion/project/7/,listed,,301 GB,,listed,http://o5lsqyar7ox25z734k6zaxt2vf7bsyi4q5rturi5iyxzqo3ica7bjsad.onion,yes
global secret group,Middendorf Animal Hospital & Laser Centre,US,Healthcare,2026-07-26,http://o5lsqyar7ox25z734k6zaxt2vf7bsyi4q5rturi5iyxzqo3ica7bjsad.onion/project/9/,listed,,28.1 GB,,listed,http://o5lsqyar7ox25z734k6zaxt2vf7bsyi4q5rturi5iyxzqo3ica7bjsad.onion,yes
global secret group,Chappell Supply & Equipment,US,Manufacturing,2026-07-26,http://o5lsqyar7ox25z734k6zaxt2vf7bsyi4q5rturi5iyxzqo3ica7bjsad.onion/project/10/,listed,,160 GB,,listed,http://o5lsqyar7ox25z734k6zaxt2vf7bsyi4q5rturi5iyxzqo3ica7bjsad.onion,yes
global secret group,La Sevillanita,AR,Hospitality,2026-07-26,http://o5lsqyar7ox25z734k6zaxt2vf7bsyi4q5rturi5iyxzqo3ica7bjsad.onion/project/11/,listed,,200 GB,,listed,http://o5lsqyar7ox25z734k6zaxt2vf7bsyi4q5rturi5iyxzqo3ica7bjsad.onion,yes
global secret group,One Plus Capital,CY,Financial Services,2026-07-26,http://o5lsqyar7ox25z734k6zaxt2vf7bsyi4q5rturi5iyxzqo3ica7bjsad.onion/project/12/,listed,,117 GB,285919,listed,http://o5lsqyar7ox25z734k6zaxt2vf7bsyi4q5rturi5iyxzqo3ica7bjsad.onion,yes
global secret group,Acens | Cloud & Backup,ES,Technology,2026-07-26,http://o5lsqyar7ox25z734k6zaxt2vf7bsyi4q5rturi5iyxzqo3ica7bjsad.onion/project/15/,listed,,129 GB,342623,listed,http://o5lsqyar7ox25z734k6zaxt2vf7bsyi4q5rturi5iyxzqo3ica7bjsad.onion,yes
global secret group,West Nova Fuels & Superline Fuels,CA,Energy & Utilities,2026-07-26,http://o5lsqyar7ox25z734k6zaxt2vf7bsyi4q5rturi5iyxzqo3ica7bjsad.onion/project/20/,listed,,45.8 GB,114200,listed,http://o5lsqyar7ox25z734k6zaxt2vf7bsyi4q5rturi5iyxzqo3ica7bjsad.onion,yes
global secret group,Sinop Energia,BR,Energy & Utilities,2026-07-26,http://o5lsqyar7ox25z734k6zaxt2vf7bsyi4q5rturi5iyxzqo3ica7bjsad.onion/project/23/,listed,,300 GB,43113,listed,http://o5lsqyar7ox25z734k6zaxt2vf7bsyi4q5rturi5iyxzqo3ica7bjsad.onion,yes
global secret group,Al Hayat | Pepsi,IQ,Retail & E-Commerce,2026-07-26,http://o5lsqyar7ox25z734k6zaxt2vf7bsyi4q5rturi5iyxzqo3ica7bjsad.onion/project/25/,listed,,138 GB,205992,listed,http://o5lsqyar7ox25z734k6zaxt2vf7bsyi4q5rturi5iyxzqo3ica7bjsad.onion,yes
global secret group,SPDM,BR,Healthcare,2026-07-26,http://o5lsqyar7ox25z734k6zaxt2vf7bsyi4q5rturi5iyxzqo3ica7bjsad.onion/project/26/,listed,,847 GB,871912,listed,http://o5lsqyar7ox25z734k6zaxt2vf7bsyi4q5rturi5iyxzqo3ica7bjsad.onion,yes
global secret group,Nourison | Home,US,Retail & E-Commerce,2026-07-26,http://o5lsqyar7ox25z734k6zaxt2vf7bsyi4q5rturi5iyxzqo3ica7bjsad.onion/project/27/,listed,,799 GB,93941,listed,http://o5lsqyar7ox25z734k6zaxt2vf7bsyi4q5rturi5iyxzqo3ica7bjsad.onion,yes
global secret group,Cold Front Distribution,US,Retail & E-Commerce,2026-07-26,http://o5lsqyar7ox25z734k6zaxt2vf7bsyi4q5rturi5iyxzqo3ica7bjsad.onion/project/3/,listed,,473 GB,890775,listed,http://o5lsqyar7ox25z734k6zaxt2vf7bsyi4q5rturi5iyxzqo3ica7bjsad.onion,yes
global secret group,Portman Finance Group,GB,Financial Services,2026-07-26,http://o5lsqyar7ox25z734k6zaxt2vf7bsyi4q5rturi5iyxzqo3ica7bjsad.onion/project/4/,listed,,209 GB,255244,listed,http://o5lsqyar7ox25z734k6zaxt2vf7bsyi4q5rturi5iyxzqo3ica7bjsad.onion,yes
global secret group,OFS,US,Manufacturing,2026-07-26,http://o5lsqyar7ox25z734k6zaxt2vf7bsyi4q5rturi5iyxzqo3ica7bjsad.onion/project/17/,listed,,321 GB,322742,listed,http://o5lsqyar7ox25z734k6zaxt2vf7bsyi4q5rturi5iyxzqo3ica7bjsad.onion,yes
global secret group,Uniview Technologies,CN,Technology,2026-07-26,http://o5lsqyar7ox25z734k6zaxt2vf7bsyi4q5rturi5iyxzqo3ica7bjsad.onion/project/8/,listed,,1.5 TB,,listed,http://o5lsqyar7ox25z734k6zaxt2vf7bsyi4q5rturi5iyxzqo3ica7bjsad.onion,yes
global secret group,Novum Energy,US,Energy & Utilities,2026-07-26,http://o5lsqyar7ox25z734k6zaxt2vf7bsyi4q5rturi5iyxzqo3ica7bjsad.onion/project/14/,listed,,842 GB,971325,listed,http://o5lsqyar7ox25z734k6zaxt2vf7bsyi4q5rturi5iyxzqo3ica7bjsad.onion,yes
dragonforce,Syntron Bioresearch,US,Healthcare,2026-07-26,http://z3wqggtxft7id3ibr7srivv5gjof5fwg76slewnzwwakjuf3nlhukdid.onion/blog/?post_uuid=e3e9a2e3-d642-49b5-963b-42cce1b49a6d,listed,,,,,,no
dragonforce,Deluxe Medical Supply,US,Healthcare,2026-07-26,http://z3wqggtxft7id3ibr7srivv5gjof5fwg76slewnzwwakjuf3nlhukdid.onion/blog/?post_uuid=23ed9672-4fc8-4c75-ba59-f6e5d34941e2,listed,,,,,,no
chaos,remco.ca,CA,Other,2026-07-26,http://hptqq2o2qjva7lcaaq67w36jihzivkaitkexorauw7b2yul2z6zozpqd.onion/#qWjKrX8C3lSx950XPqTFy6OQYPYPgsWg,listed,,,,,,no
qilin,Contacto Garantido,MX,Professional Services,2026-07-26,http://ijzn3sicrcy7guixkzjkib4ukbiilwc3xhnmby4mcbccnsd7j2rekvqd.onion/site/blog?uuid=c80be6d9-9f48-4983-8d7d-a66e4387bdac,listed,,,,,,no
qilin,Universitatea de Vest „Vasile Goldiș” din Arad,RO,Education,2026-07-26,http://ijzn3sicrcy7guixkzjkib4ukbiilwc3xhnmby4mcbccnsd7j2rekvqd.onion/site/blog?uuid=1f231bbf-689b-4a64-be81-ee0b50e736ba,listed,,,,,,no
m3rx,hydraulic-components.net,DE,Manufacturing,2026-07-26,http://4k6plf4h2cm2nco6ae3inrsxnmqgl6lllmwefydhnlcq4tuhwbj4qpad.onion#hydraulic-components.net,listed,,215 GB,,published,http://4k6plf4h2cm2nco6ae3inrsxnmqgl6lllmwefydhnlcq4tuhwbj4qpad.onion,yes
m3rx,createinfor.pt,PT,Professional Services,2026-07-26,http://4k6plf4h2cm2nco6ae3inrsxnmqgl6lllmwefydhnlcq4tuhwbj4qpad.onion#createinfor.pt,listed,,,,published,http://4k6plf4h2cm2nco6ae3inrsxnmqgl6lllmwefydhnlcq4tuhwbj4qpad.onion,yes
m3rx,servicebypremier.com,US,Professional Services,2026-07-26,http://4k6plf4h2cm2nco6ae3inrsxnmqgl6lllmwefydhnlcq4tuhwbj4qpad.onion#servicebypremier.com,listed,,,,published,http://4k6plf4h2cm2nco6ae3inrsxnmqgl6lllmwefydhnlcq4tuhwbj4qpad.onion,yes
exfilsquad,Analog Devices,US,Technology,2026-07-26,,listed,,,,,,no
exfilsquad,Bonava,SE,Manufacturing,2026-07-26,,listed,,13.2 GB UNCOMPRESSED,1,published,http://exfil5gqmbxrg6yky5aeitkdj7kfwxxjh3wxzrtlewjqi2x67o634iyd.onion,yes
exfilsquad,City of Atlanta,US,Government & Defense,2026-07-26,,listed,,36.3 GB UNCOMPRESSED,,published,http://exfil5gqmbxrg6yky5aeitkdj7kfwxxjh3wxzrtlewjqi2x67o634iyd.onion,yes
exfilsquad,City of Houston,US,Government & Defense,2026-07-26,,listed,,71 GB UNCOMPRESSED,,published,http://exfil5gqmbxrg6yky5aeitkdj7kfwxxjh3wxzrtlewjqi2x67o634iyd.onion,yes
exfilsquad,Viavi Solutions,US,Technology,2026-07-26,,listed,,9.3 GB UNCOMPRESSED,1,published,http://exfil5gqmbxrg6yky5aeitkdj7kfwxxjh3wxzrtlewjqi2x67o634iyd.onion,yes
exfilsquad,Newcastle University,GB,Education,2026-07-26,,listed,,240 MB UNCOMPRESSED,,published,http://exfil5gqmbxrg6yky5aeitkdj7kfwxxjh3wxzrtlewjqi2x67o634iyd.onion,yes
exfilsquad,District of Columbia Public Schools,US,Education,2026-07-26,,listed,,200 MB UNCOMPRESSED,,published,http://exfil5gqmbxrg6yky5aeitkdj7kfwxxjh3wxzrtlewjqi2x67o634iyd.onion,yes
exfilsquad,Zenith Bank Plc,NG,Financial Services,2026-07-26,,listed,,,,,,no
exfilsquad,Frontier Airlines,US,Transportation,2026-07-26,,listed,,43 GB UNCOMPRESSED,1,published,http://exfil5gqmbxrg6yky5aeitkdj7kfwxxjh3wxzrtlewjqi2x67o634iyd.onion,yes
exfilsquad,TaylorMade & Sun Day Red golf,US,Retail & E-Commerce,2026-07-26,,listed,,22 GB UNCOMPRESSED,1,published,http://exfil5gqmbxrg6yky5aeitkdj7kfwxxjh3wxzrtlewjqi2x67o634iyd.onion,yes
exfilsquad,Allstate,US,Financial Services,2026-07-26,,listed,,15.1 GB UNCOMPRESSED,1,published,http://exfil5gqmbxrg6yky5aeitkdj7kfwxxjh3wxzrtlewjqi2x67o634iyd.onion,yes
exfilsquad,Microsoft,US,Technology,2026-07-26,,listed,,130 GB UNCOMPRESSED,,published,http://exfil5gqmbxrg6yky5aeitkdj7kfwxxjh3wxzrtlewjqi2x67o634iyd.onion,yes
exfilsquad,Police National Legal Database,GB,Government & Defense,2026-07-26,,listed,,1.9 GB UNCOMPRESSED,1,published,http://exfil5gqmbxrg6yky5aeitkdj7kfwxxjh3wxzrtlewjqi2x67o634iyd.onion,yes
exfilsquad,UK Department for Education,GB,Government & Defense,2026-07-26,,listed,,440 MB UNCOMPRESSED,,published,http://exfil5gqmbxrg6yky5aeitkdj7kfwxxjh3wxzrtlewjqi2x67o634iyd.onion,yes
arcusmedia,Brazer Ingenierie,MA,Manufacturing,2026-07-26,http://arcuufpr5xxbbkin4mlidt7itmr6znlppk63jbtkeguuhszmc5g7qdyd.onion/?p=784,listed,,,,published,http://arcuufpr5xxbbkin4mlidt7itmr6znlppk63jbtkeguuhszmc5g7qdyd.onion,yes
arcusmedia,Power Moendas,BR,Other,2026-07-26,http://arcuufpr5xxbbkin4mlidt7itmr6znlppk63jbtkeguuhszmc5g7qdyd.onion/?p=786,listed,,,,published,http://arcuufpr5xxbbkin4mlidt7itmr6znlppk63jbtkeguuhszmc5g7qdyd.onion,yes
doommageddon,iw steelTEC Makine San. ve Tic. A.Ş.,TR,Manufacturing,2026-07-26,http://iacjvmxjb2ivqkxxzmde4w6g53gn6ym7c3g6mfifvejyhqtp4wrkypyd.onion/victim/iw-steeltec-makine-san--ve-tic--a-ş-,listed,,40.37 GB,96329,published,http://iacjvmxjb2ivqkxxzmde4w6g53gn6ym7c3g6mfifvejyhqtp4wrkypyd.onion,yes
incransom,healthlawadvocates.org,US,Professional Services,2026-07-26,http://incblog6qu4y4mm4zvw5nrmue6qbwtgjsxpw6b7ixzssu36tsajldoad.onion/blog/disclosures/6a655dd45ae71db30cdbf8e4,listed,,,,,,no
thegentlemen,Advanced Marketing,MX,Professional Services,2026-07-25,http://tezwsse5czllksjb7cwp65rvnk4oobmzti2znn42i43bjdfd2prqqkad.onion,listed,,,,,,no
deadlock,"Schaad, Balass, Menzl and Partner AG",CH,Professional Services,2026-07-25,http://deadblogdbdu5wprek7wa2o4ce7rnt6u6ntqeud3hzjjcveosgpsqqqd.onion/s3.php?d=d2FzYWJpOmRhdGEtc2JtcC5jaHxldS1jZW50cmFsLTF8MVRLRlpTNzE0V01PQzRXM0dVQUd8TFRlb1doTGV6aEVjRzZqZU0zRklidXZTa0VDS0FYV0lJTXVKaERnMQ%3D%3D,listed,,,,,,no
deadlock,HİDROMEK,TR,Manufacturing,2026-07-25,http://deadblogdbdu5wprek7wa2o4ce7rnt6u6ntqeud3hzjjcveosgpsqqqd.onion/s3.php?d=d2FzYWJpOmRhdGEtaGlkcm9tZWsuY29tLnRyfGV1LWNlbnRyYWwtMXw5VEJFNVcyWEZUNDlJUENLR1c1RXxOYUpkS0hRQ3U1SXdCT2FFcFRNc0QxRlJodGpST0hCNVhVdFdQd01s,listed,,,,,,no
deadlock,KEMEK,,Manufacturing,2026-07-25,http://deadblogdbdu5wprek7wa2o4ce7rnt6u6ntqeud3hzjjcveosgpsqqqd.onion/s3.php?d=d2FzYWJpOmRhdGEta2VtZWsuZXV8ZXUtY2VudHJhbC0xfEgzRU82N0pKMFczSUlOS0lGUFA4fGhHMkx2MGl1QkZocWZSRGVmeUpsYVRBQlhURlRPeUY1eWVicXlxUHY%3D,listed,,,,,,no
deadlock,KeNHA,KE,Government & Defense,2026-07-25,http://deadblogdbdu5wprek7wa2o4ce7rnt6u6ntqeud3hzjjcveosgpsqqqd.onion/s3.php?d=d2FzYWJpOmRhdGEta2VuaGEuY28ua2V8ZXUtY2VudHJhbC0xfERFN1VJR09INllWUFg0QjlFMUlXfDBaWDVGdzJCOWxHd3BiZUw1cW9HZ2JlQzRLTGoydk5xcEVZanp2Z00%3D,listed,,,,,,no
deadlock,BioResearch,PL,Healthcare,2026-07-25,http://deadblogdbdu5wprek7wa2o4ce7rnt6u6ntqeud3hzjjcveosgpsqqqd.onion/s3.php?d=d2FzYWJpOmRhdGEtYmlvcmVzZWFyY2gucGx8ZXUtY2VudHJhbC0xfFY0MVVLVEM5U1FIOThXMjdCRlk3fFZjTkRmUVloZ2V1cThteXM0SnJKd2kwcmVkQVpuUE1Qb05WRGlZNXY%3D,listed,,,,,,no
deadlock,Relesa,AR,Other,2026-07-25,http://deadblogdbdu5wprek7wa2o4ce7rnt6u6ntqeud3hzjjcveosgpsqqqd.onion/s3.php?d=d2FzYWJpOmRhdGEtcmVsZXNhLmNvbS5hcnxldS1jZW50cmFsLTF8OU1IWjA5OUk2WEVQSllZUEZIVUh8ZTlwalZzNzJkcVpJbDVXbU1QUmhQZDBwM3ZlMFd1QXR6VDFJM1J0dw%3D%3D,listed,,,,,,no
deadlock,Carrier AB,SE,Manufacturing,2026-07-25,http://deadblogdbdu5wprek7wa2o4ce7rnt6u6ntqeud3hzjjcveosgpsqqqd.onion/s3.php?d=d2FzYWJpOmRhdGEtY2Fycmllci5zZXxldS1jZW50cmFsLTF8Nk1PWFZEUU1aSFNMQVoxU1pZVER8QUNLZ0VTOHk5ekllbHpVdHVlZ256U0ZiUk5IT1RPRnY1QmJVaWdtdA%3D%3D,listed,,,,,,no
deadlock,Enedo Power,FI,Energy & Utilities,2026-07-25,http://deadblogdbdu5wprek7wa2o4ce7rnt6u6ntqeud3hzjjcveosgpsqqqd.onion/s3.php?d=d2FzYWJpOmRhdGEtZW5lZG9wb3dlci5jb218ZXUtY2VudHJhbC0xfEtTSTNTWEoxRFVWOEYzNE9UV0ZIfFpTM2VCbndJVThqYkNSbFZmcjJtazJ6Z0pwSHUxMGZzRW1VOTUyNEk%3D,listed,,,,,,no
deadlock,CNA,IT,Financial Services,2026-07-25,http://deadblogdbdu5wprek7wa2o4ce7rnt6u6ntqeud3hzjjcveosgpsqqqd.onion/s3.php?d=d2FzYWJpOmRhdGEtdG9zY2FuYWNlbnRyby5jbmEuaXR8ZXUtY2VudHJhbC0xfE9DT1Q4S1NVNTI2Sk8xSjBTREpOfEU1NTVQQkNCbDNsWkFlejdlQ2ZSRXFCMWs4dmdKZmUyZnpWTW56c1M%3D,listed,,,,,,no
deadlock,Vinilon,CL,Manufacturing,2026-07-25,,listed,,,,,,no
kairos,Thermalex Inc,US,Manufacturing,2026-07-25,http://erqnacjmdy3obvevyol7qhazkwkv57dwqvye5v46k5bcujtfa6sduad.onion,listed,,"1,55 TB",,published,http://kairosgeuzkzz3ajntqcyxl3ib36szz3mg62mb3zbui33pbk3uzo4qqd.onion,yes
blackwater,msgas.com.br,BR,Energy & Utilities,2026-07-25,http://ejzl7cjxmkx7lzhiqwidmrwtfjv45pkczbc4fnyaut3t7gll3yaiq5id.onion/blog?uuid=ee9130c7-6a54-352e-8fbe-6d1b882dc7d1,listed,,,,,,no
bravox,A&A Safety,US,Other,2026-07-25,http://bravoxxwcfz5qk43ychgveprpd5mw5hvxfs4a2uz2okx7mumiht4fzyd.onion/blog/1bdf59dd-3b8b-4543-9d05-5abfb393a41c,listed,,,,,,no
qilin,Jubilee Jobs,NG,Professional Services,2026-07-25,http://ijzn3sicrcy7guixkzjkib4ukbiilwc3xhnmby4mcbccnsd7j2rekvqd.onion/site/blog?uuid=c9ce6a7a-10db-4411-b267-a236127da0e2,listed,,,,,,no
qilin,Plitvička Jezera Nacionalni Park,HR,Hospitality,2026-07-25,http://ijzn3sicrcy7guixkzjkib4ukbiilwc3xhnmby4mcbccnsd7j2rekvqd.onion/site/blog?uuid=83576d2f-ca41-4813-bf3d-d8b1b521daf6,listed,,,,,,no
qilin,The Myers Y Cooper,US,Professional Services,2026-07-25,http://ijzn3sicrcy7guixkzjkib4ukbiilwc3xhnmby4mcbccnsd7j2rekvqd.onion/site/blog?uuid=b98eaa24-6c8f-42d6-995b-a76643ad14f8,listed,,,,,,no
qilin,Guntert & Zimmerman,CH,Manufacturing,2026-07-25,http://ijzn3sicrcy7guixkzjkib4ukbiilwc3xhnmby4mcbccnsd7j2rekvqd.onion/site/blog?uuid=fe0866f0-5661-4013-be19-98c2a0c1dfc6,listed,,,,,,no
qilin,Principle Diagnostics Laboratory,IN,Healthcare,2026-07-25,http://ijzn3sicrcy7guixkzjkib4ukbiilwc3xhnmby4mcbccnsd7j2rekvqd.onion/site/blog?uuid=5179ba1b-2046-4654-854b-eafbce6e6029,listed,,,,,,no
moneymessage,Yourway Transportation,US,Transportation,2026-07-25,http://blogvl7tjyjvsfthobttze52w36wwiz34hrfcmorgvdzb6hikucb7aqd.onion,listed,,,,,,no
shinyhunters,[cdn] Notification,,Technology,2026-07-25,http://shinypogk4jjniry5qi7247tznop6mxdrdte2k6pdu5cyo43vdzmrwid.onion,listed,,,,,,no
qilin,GURR Abdichtungstechnik GmbH,DE,Manufacturing,2026-07-25,http://ijzn3sicrcy7guixkzjkib4ukbiilwc3xhnmby4mcbccnsd7j2rekvqd.onion/site/blog?uuid=51da3302-0532-4b68-b3ba-e2e281c1f263,listed,,,,,,no
nova,SistNet,IT,,2026-07-25,http://pifk3xu3vad6cuxsjll4qjomyaaaoyvnyqppro75pazadzctrrvpdnyd.onion/sistnet,listed,,,,,,no
payoutsking,T****r,US,Technology,2026-07-25,http://payoutsgn7cy6uliwevdqspncjpfxpmzgirwl2au65la7rfs5x3qnbqd.onion,listed,,,,,,no
securotrop,Advantage Sintered Metals,US,Manufacturing,2026-07-25,http://securo45z554mw7rgrt7wcgv5eenj2xmxyrsdj3fcjsvindu63s4bsid.onion,listed,,503 GB,,published,http://securo45z554mw7rgrt7wcgv5eenj2xmxyrsdj3fcjsvindu63s4bsid.onion,yes
qilin,GOP,GB,Other,2026-07-24,http://ijzn3sicrcy7guixkzjkib4ukbiilwc3xhnmby4mcbccnsd7j2rekvqd.onion/site/blog?uuid=bb832c6c-99a5-48b5-a604-526591d752bd,listed,,,,,,no
nova,Center Of Information Technologies In Finance Public Institution,MD,Financial Services,2026-07-24,http://pifk3xu3vad6cuxsjll4qjomyaaaoyvnyqppro75pazadzctrrvpdnyd.onion/center-of-information-technologies-in-finance-public-institution,listed,,,,,,no
unsafe,Jiva Health,IN,Healthcare,2026-07-24,http://unsafeipw6wbkzzmj7yqp7bz6j7ivzynggmwxsm6u2wwfmfqrxqrrhyd.onion/reel/6a63d73e8b37a93648b56ecc?page=1,listed,,over 3 TB,,countdown,http://unsafeipw6wbkzzmj7yqp7bz6j7ivzynggmwxsm6u2wwfmfqrxqrrhyd.onion,yes
safepay,upland.k12.ca.us,US,Education,2026-07-24,http://safepaypfxntwixwjrlcscft433ggemlhgkkdupi2ynhtcmvdgubmoyd.onion/blog/post/uplandk12caus/,listed,,,,,,no
safepay,gvsurgicalarts.com,US,Healthcare,2026-07-24,http://safepaypfxntwixwjrlcscft433ggemlhgkkdupi2ynhtcmvdgubmoyd.onion/blog/post/gvsurgicalartscom/,listed,,,,,,no
m3rx,ausproof.com.au,AU,Professional Services,2026-07-24,http://4k6plf4h2cm2nco6ae3inrsxnmqgl6lllmwefydhnlcq4tuhwbj4qpad.onion#ausproof.com.au,listed,,460 GB,,published,http://4k6plf4h2cm2nco6ae3inrsxnmqgl6lllmwefydhnlcq4tuhwbj4qpad.onion,yes
insomnia,Brooklyn Defender Services,US,Government & Defense,2026-07-24,http://i62huw7ve22rpyw6lnq3kmfump2dmsg4xpveec3ere73njwatrz74gad.onion/Company/BDS/,listed,,,,,,no
triple x,Bank of Baroda bigest indian bank bankofbaroda.bank.in,IN,Financial Services,2026-07-24,,listed,,,,,,no
booba project,Zynex,CH,Healthcare,2026-07-24,http://d77tnb4bkmj3e366msrzllnwsi2t5e54e4yqh7zm7y5hlfwugnwzswad.onion/zynex.com/,listed,,,,,,no
pear,Metropolitan Construction Systems,US,Manufacturing,2026-07-24,http://peargxn3oki34c4savcbcfqofjjwjnnyrlrbszfv6ujlx36mhrh57did.onion/Companies/metropolitanroof,listed,,1.6 Tb,,published,http://peargxn3oki34c4savcbcfqofjjwjnnyrlrbszfv6ujlx36mhrh57did.onion,yes
akira,Emerge2 Digital,CA,Technology,2026-07-24,http://akiral2iz6a7qgd3ayp3l6yub7xx2uep76idk3u2kollpj5z3z636bad.onion,listed,,,,,,no
qilin,Stryker,US,Healthcare,2026-07-24,http://ijzn3sicrcy7guixkzjkib4ukbiilwc3xhnmby4mcbccnsd7j2rekvqd.onion/site/blog?uuid=9a5d858f-7849-458c-8762-abd073fbbb0c,listed,,,,countdown,http://ijzn3sicrcy7guixkzjkib4ukbiilwc3xhnmby4mcbccnsd7j2rekvqd.onion,yes
qilin,Ejército Argentino,AR,Government & Defense,2026-07-24,http://ijzn3sicrcy7guixkzjkib4ukbiilwc3xhnmby4mcbccnsd7j2rekvqd.onion/site/blog?uuid=757f6332-ec5a-48e7-8be4-25d31d651506,listed,,,,,,no
qilin,Kean University,US,Education,2026-07-24,http://ijzn3sicrcy7guixkzjkib4ukbiilwc3xhnmby4mcbccnsd7j2rekvqd.onion/site/blog?uuid=9f76650e-5eea-4165-9e20-b375488e9ec6,listed,,,,,,no
qilin,Highline Community College,US,Education,2026-07-24,http://ijzn3sicrcy7guixkzjkib4ukbiilwc3xhnmby4mcbccnsd7j2rekvqd.onion/site/blog?uuid=67e53658-cf53-4b9d-a2df-a6b7a9361416,listed,,,,,,no
dragonforce,ID engineering,ID,Manufacturing,2026-07-24,http://z3wqggtxft7id3ibr7srivv5gjof5fwg76slewnzwwakjuf3nlhukdid.onion/blog/?post_uuid=c19d8971-6581-4a3b-9dec-76e53794edc1,listed,,,,,,no
apt73,metrabyte.cloud,DE,Technology,2026-07-24,http://basherq53eniermxovo3bkduw5qqq5bkqcml3qictfmamgvmzovykyqd.onion/page_company.php?id=182,listed,,,,,,no
nova,Digital Edge,US,Technology,2026-07-24,http://novadmrkp4vbk2padk5t6pbxolndceuc7hrcq4mjaoyed6nxsqiuzyyd.onion/digital-edge,listed,,,,,,no
incransom,autismuslink.ch,CH,Healthcare,2026-07-24,http://incblog6qu4y4mm4zvw5nrmue6qbwtgjsxpw6b7ixzssu36tsajldoad.onion/blog/disclosures/6a6274345ae71db30c86536e,listed,,,,,,no
play,Record Go Alquiler,ES,Hospitality,2026-07-23,http://j75o7xvvsm4lpsjhkjvb4wl2q6ajegvabe6oswthuaubbykk4xkzgpid.onion/topic.php?id=A7fY2IwrqDoX9Z,listed,,,,,,no
play,Restaurant Depot,US,Retail & E-Commerce,2026-07-23,http://j75o7xvvsm4lpsjhkjvb4wl2q6ajegvabe6oswthuaubbykk4xkzgpid.onion/topic.php?id=nWEZHTyZGbUhJR,listed,,,,,,no
play,The DeBruler,US,,2026-07-23,http://j75o7xvvsm4lpsjhkjvb4wl2q6ajegvabe6oswthuaubbykk4xkzgpid.onion/topic.php?id=04jvrERlbg1zWO,listed,,,,,,no
incransom,cabincreekhealth.com,US,Healthcare,2026-07-23,http://incblog6qu4y4mm4zvw5nrmue6qbwtgjsxpw6b7ixzssu36tsajldoad.onion/blog/disclosures/6a62763d5ae71db30c869abb,listed,,,,,,no
cmdorganization,T Simon Jewelers,US,Retail & E-Commerce,2026-07-23,http://cmdnkiqjije2tllr3biee2sjgj3i4robg2cbtilbnytdhh2wy3syrlyd.onion,listed,,,,,,no
killsec,cashcowboy,US,Financial Services,2026-07-23,http://kill432ltnkqvaqntbalnsgojqqs2wz4lhnamrqjg66tq6fuvcztilyd.onion,listed,,,,published,http://ks5424y3wpr5zlug5c7i6svvxweinhbdcqcfnptkfcutrncfazzgz5id.onion,yes
killsec,Bulwark Exterminating,US,Other,2026-07-23,http://kill432ltnkqvaqntbalnsgojqqs2wz4lhnamrqjg66tq6fuvcztilyd.onion,listed,,,,published,http://ks5424y3wpr5zlug5c7i6svvxweinhbdcqcfnptkfcutrncfazzgz5id.onion,yes
killsec,origins ivf,IN,Healthcare,2026-07-23,http://kill432ltnkqvaqntbalnsgojqqs2wz4lhnamrqjg66tq6fuvcztilyd.onion,listed,,,,published,http://ks5424y3wpr5zlug5c7i6svvxweinhbdcqcfnptkfcutrncfazzgz5id.onion,yes
qilin,Machinerie P&W,CA,Manufacturing,2026-07-23,http://ijzn3sicrcy7guixkzjkib4ukbiilwc3xhnmby4mcbccnsd7j2rekvqd.onion/site/blog?uuid=68dd90a8-fe7d-405a-87c8-b8d660c18154,listed,,,,,,no
qilin,ABM Enviro,CA,Professional Services,2026-07-23,http://ijzn3sicrcy7guixkzjkib4ukbiilwc3xhnmby4mcbccnsd7j2rekvqd.onion/site/blog?uuid=9f71de4a-ee6f-4382-8148-85ab3c440fc4,listed,,,,,,no
krybit,nilepet.com,EG,Retail & E-Commerce,2026-07-23,http://krybitqsdzwmhnitvwuhvsntfgf2wrhxveyxroxpc44c6gkft2cqldyd.onion/blog/4023769a291fcd5f8df62b554766b76c0ee230fa38add89b95869d776bb96581/,listed,,,,,,no
thegentlemen,European Design,CA,Other,2026-07-23,http://tezwsse5czllksjb7cwp65rvnk4oobmzti2znn42i43bjdfd2prqqkad.onion,listed,,,,,,no
thegentlemen,MK Jewelry,MK,Retail & E-Commerce,2026-07-23,http://tezwsse5czllksjb7cwp65rvnk4oobmzti2znn42i43bjdfd2prqqkad.onion,listed,,,,,,no
thegentlemen,GUERREIROS seguros,PT,Financial Services,2026-07-23,http://tezwsse5czllksjb7cwp65rvnk4oobmzti2znn42i43bjdfd2prqqkad.onion,listed,,,,,,no
thegentlemen,Tikona Infinet,IN,Technology,2026-07-23,http://tezwsse5czllksjb7cwp65rvnk4oobmzti2znn42i43bjdfd2prqqkad.onion,listed,,,,,,no
thegentlemen,TC Printing,AU,Manufacturing,2026-07-23,http://tezwsse5czllksjb7cwp65rvnk4oobmzti2znn42i43bjdfd2prqqkad.onion,listed,,,,,,no
thegentlemen,Oldelval Oleoductos del Valle,AR,Energy & Utilities,2026-07-23,http://tezwsse5czllksjb7cwp65rvnk4oobmzti2znn42i43bjdfd2prqqkad.onion,listed,,,,,,no
thegentlemen,Decoupe Laser Services,FR,Manufacturing,2026-07-23,http://tezwsse5czllksjb7cwp65rvnk4oobmzti2znn42i43bjdfd2prqqkad.onion,listed,,,,,,no
thegentlemen,Thialf,NL,Energy & Utilities,2026-07-23,http://tezwsse5czllksjb7cwp65rvnk4oobmzti2znn42i43bjdfd2prqqkad.onion,listed,,,,,,no
thegentlemen,Title Resources,AU,Financial Services,2026-07-23,http://tezwsse5czllksjb7cwp65rvnk4oobmzti2znn42i43bjdfd2prqqkad.onion,listed,,,,,,no
thegentlemen,Clarke Radiology,AU,Healthcare,2026-07-23,http://tezwsse5czllksjb7cwp65rvnk4oobmzti2znn42i43bjdfd2prqqkad.onion,listed,,,,,,no
thegentlemen,SICSOE,FR,,2026-07-23,http://tezwsse5czllksjb7cwp65rvnk4oobmzti2znn42i43bjdfd2prqqkad.onion,listed,,,,,,no
thegentlemen,Gloria Maris Groupe,FR,Agriculture and Food Production,2026-07-23,http://tezwsse5czllksjb7cwp65rvnk4oobmzti2znn42i43bjdfd2prqqkad.onion,listed,,,,,,no
thegentlemen,Compagnie des Caoutchoucs du Pakidie,CI,Manufacturing,2026-07-23,http://tezwsse5czllksjb7cwp65rvnk4oobmzti2znn42i43bjdfd2prqqkad.onion,listed,,,,,,no
thegentlemen,HBS Group,AU,Professional Services,2026-07-23,http://tezwsse5czllksjb7cwp65rvnk4oobmzti2znn42i43bjdfd2prqqkad.onion,listed,,,,,,no
thegentlemen,Agapit,PL,Other,2026-07-23,http://tezwsse5czllksjb7cwp65rvnk4oobmzti2znn42i43bjdfd2prqqkad.onion,listed,,,,,,no
thegentlemen,Raben Group,PL,Transportation,2026-07-23,http://tezwsse5czllksjb7cwp65rvnk4oobmzti2znn42i43bjdfd2prqqkad.onion,listed,,,,,,no
thegentlemen,Henry Frerk Sons,US,Manufacturing,2026-07-23,http://tezwsse5czllksjb7cwp65rvnk4oobmzti2znn42i43bjdfd2prqqkad.onion,listed,,,,,,no
thegentlemen,SMRTR,US,Technology,2026-07-23,http://tezwsse5czllksjb7cwp65rvnk4oobmzti2znn42i43bjdfd2prqqkad.onion,listed,,,,,,no
thegentlemen,DayNDay,IN,Other,2026-07-23,http://tezwsse5czllksjb7cwp65rvnk4oobmzti2znn42i43bjdfd2prqqkad.onion,listed,,,,,,no
thegentlemen,Affinity Designs,US,Other,2026-07-23,http://tezwsse5czllksjb7cwp65rvnk4oobmzti2znn42i43bjdfd2prqqkad.onion,listed,,,,,,no
thegentlemen,Lenrose,AU,,2026-07-23,http://tezwsse5czllksjb7cwp65rvnk4oobmzti2znn42i43bjdfd2prqqkad.onion,listed,,,,,,no
thegentlemen,Velum,,Technology,2026-07-23,http://tezwsse5czllksjb7cwp65rvnk4oobmzti2znn42i43bjdfd2prqqkad.onion,listed,,,,,,no
thegentlemen,Ceska filharmonie,CZ,Other,2026-07-23,http://tezwsse5czllksjb7cwp65rvnk4oobmzti2znn42i43bjdfd2prqqkad.onion,listed,,,,,,no
thegentlemen,Herbahaz,HU,Agriculture and Food Production,2026-07-23,http://tezwsse5czllksjb7cwp65rvnk4oobmzti2znn42i43bjdfd2prqqkad.onion,listed,,,,,,no
thegentlemen,vpcgroup.com customfoam.com,US,Manufacturing,2026-07-23,http://tezwsse5czllksjb7cwp65rvnk4oobmzti2znn42i43bjdfd2prqqkad.onion,listed,,,,,,no
thegentlemen,Optiforms,US,Manufacturing,2026-07-23,http://tezwsse5czllksjb7cwp65rvnk4oobmzti2znn42i43bjdfd2prqqkad.onion,listed,,,,,,no
thegentlemen,MatTek,US,Manufacturing,2026-07-23,http://tezwsse5czllksjb7cwp65rvnk4oobmzti2znn42i43bjdfd2prqqkad.onion,listed,,,,,,no
thegentlemen,Conecsus,US,,2026-07-23,http://tezwsse5czllksjb7cwp65rvnk4oobmzti2znn42i43bjdfd2prqqkad.onion,listed,,,,,,no
thegentlemen,Wunschkind Klinik Dr Brunbauer,AT,Healthcare,2026-07-23,http://tezwsse5czllksjb7cwp65rvnk4oobmzti2znn42i43bjdfd2prqqkad.onion,listed,,,,,,no
krybit,laxai.com,LA,Technology,2026-07-23,http://krybitqsdzwmhnitvwuhvsntfgf2wrhxveyxroxpc44c6gkft2cqldyd.onion/blog/03c69f24329af5a2fe834c2f2d9fdc981af148ecae55cd29a50258d451cc0b80/,listed,,,,,,no
krybit,chkck.com,,Technology,2026-07-23,http://krybitqsdzwmhnitvwuhvsntfgf2wrhxveyxroxpc44c6gkft2cqldyd.onion/blog/2479579f8137b048eb873c9b24defdef0ae1e7998cb040c294736c8df6d16d01/,listed,,,,,,no
nightspire,Auto Royal Company,IT,Manufacturing,2026-07-23,http://nspirebcv4sy3yydtaercuut34hwc4fsxqqv4b4ye4xmo6qp3vxhulqd.onion,listed,,,,,,no
settra,royalchain.com,CA,Technology,2026-07-23,http://settra5ldqwgtw5q7z5awbsvlksakyfojuc5slgrz5lvapune4fantqd.onion/leaks/2c9c3c38-19e2-449c-908b-cf150de82667,listed,,,,,,no
settra,menlosystems.com,DE,Technology,2026-07-23,http://settra5ldqwgtw5q7z5awbsvlksakyfojuc5slgrz5lvapune4fantqd.onion/leaks/353af8f9-6b42-422a-b973-53d3118bd680,listed,,,,,,no
qilin,WellPerf,GB,Healthcare,2026-07-23,http://ijzn3sicrcy7guixkzjkib4ukbiilwc3xhnmby4mcbccnsd7j2rekvqd.onion/site/blog?uuid=e03a3141-5643-405c-98b0-29735f95c049,listed,,,,,,no
thegentlemen,Sirl,PT,,2026-07-23,http://tezwsse5czllksjb7cwp65rvnk4oobmzti2znn42i43bjdfd2prqqkad.onion,listed,,,,,,no
thegentlemen,Disney Family,US,Financial Services,2026-07-23,http://tezwsse5czllksjb7cwp65rvnk4oobmzti2znn42i43bjdfd2prqqkad.onion,listed,,,,,,no
qilin,Corporate 360 Business Solutions,CA,Professional Services,2026-07-23,http://ijzn3sicrcy7guixkzjkib4ukbiilwc3xhnmby4mcbccnsd7j2rekvqd.onion/site/blog?uuid=4f767c19-c479-4511-899e-576a437a7409,listed,,,,,,no
qilin,Assos Pharmaceuticals,TR,Healthcare,2026-07-23,http://ijzn3sicrcy7guixkzjkib4ukbiilwc3xhnmby4mcbccnsd7j2rekvqd.onion/site/blog?uuid=8c8cccb7-9d6a-4de1-9d66-15e6d05003a1,listed,,,,,,no
qilin,Cano Industrial,MX,Manufacturing,2026-07-23,http://ijzn3sicrcy7guixkzjkib4ukbiilwc3xhnmby4mcbccnsd7j2rekvqd.onion/site/blog?uuid=ac01a7e7-945f-4740-b07a-3218ec95cf4a,listed,,,,,,no
qilin,Triton Trading,PE,Financial Services,2026-07-23,http://ijzn3sicrcy7guixkzjkib4ukbiilwc3xhnmby4mcbccnsd7j2rekvqd.onion/site/blog?uuid=4e3a4d8c-18f4-4c90-9ae8-f0ce5e5b4240,listed,,,,,,no
qilin,AppleOne Properties,PH,,2026-07-23,http://ijzn3sicrcy7guixkzjkib4ukbiilwc3xhnmby4mcbccnsd7j2rekvqd.onion/site/blog?uuid=b270fcbc-a829-4d7e-8261-079a785eb8c6,listed,,,,,,no
moneymessage,Indigo Energy,US,Energy & Utilities,2026-07-23,http://blogvl7tjyjvsfthobttze52w36wwiz34hrfcmorgvdzb6hikucb7aqd.onion/news.php?id=1,listed,,,,,,no
qilin,Sunway Berhad,MY,Hospitality,2026-07-23,http://ijzn3sicrcy7guixkzjkib4ukbiilwc3xhnmby4mcbccnsd7j2rekvqd.onion/site/blog?uuid=29c74989-187f-43cd-a8bf-c3d3adfd8b78,listed,,,,,,no
kairos,LR Reed,AU,Professional Services,2026-07-22,http://erqnacjmdy3obvevyol7qhazkwkv57dwqvye5v46k5bcujtfa6sduad.onion,listed,,335 GB,,published,http://kairosgeuzkzz3ajntqcyxl3ib36szz3mg62mb3zbui33pbk3uzo4qqd.onion,yes
nova,VNSO,VN,Technology,2026-07-22,http://novadmrkp4vbk2padk5t6pbxolndceuc7hrcq4mjaoyed6nxsqiuzyyd.onion/vnso,listed,,,,,,no
blacknevas,"Zuni Shopping Center, Inc.",US,Retail & E-Commerce,2026-07-22,http://ctyfftrjgtwdjzlgqh4avbd35sqrs6tde4oyam2ufbjch6oqpqtkdtid.onion/b0c24998-af82-4409-be78-b59bd1e92fc6,listed,,,,,,no
qilin,P & A Construction,US,Manufacturing,2026-07-22,http://ijzn3sicrcy7guixkzjkib4ukbiilwc3xhnmby4mcbccnsd7j2rekvqd.onion/site/blog?uuid=e3c69462-969a-4bfd-8992-06497d92921c,listed,,,,,,no
braincipher,windiam.com,BE,Technology,2026-07-22,http://vkvsgl7lhipjirmz6j5ubp3w3bwvxgcdbpi3fsbqngfynetqtw4w5hyd.onion/n/windiam,listed,,,,published,http://vkvsgl7lhipjirmz6j5ubp3w3bwvxgcdbpi3fsbqngfynetqtw4w5hyd.onion,yes
qilin,Primeline Logistics,IE,Transportation,2026-07-22,http://ijzn3sicrcy7guixkzjkib4ukbiilwc3xhnmby4mcbccnsd7j2rekvqd.onion/site/blog?uuid=165c4546-86f3-4ac8-a44f-3e5c9c4b8862,listed,,,,,,no
qilin,Recsa,CR,Professional Services,2026-07-22,http://ijzn3sicrcy7guixkzjkib4ukbiilwc3xhnmby4mcbccnsd7j2rekvqd.onion/site/blog?uuid=78113ab7-502b-474e-b2fc-50a62d9ecf5b,listed,,,,,,no
qilin,Salida Union School District,US,Education,2026-07-22,http://ijzn3sicrcy7guixkzjkib4ukbiilwc3xhnmby4mcbccnsd7j2rekvqd.onion/site/blog?uuid=faf2030b-b0df-4f52-98f9-3931b91b2ad1,listed,,,,,,no
chaos,neopharmlabs.com,US,Healthcare,2026-07-22,http://hptqq2o2qjva7lcaaq67w36jihzivkaitkexorauw7b2yul2z6zozpqd.onion/post/JomTWj5W6nc0FKpV1RwIijHJZ3KjeIfw,listed,,,,,,no
qilin,Cpcg,BR,Other,2026-07-22,http://ijzn3sicrcy7guixkzjkib4ukbiilwc3xhnmby4mcbccnsd7j2rekvqd.onion/site/blog?uuid=d5db2e06-b2a3-405f-8354-3783d5e308a1,listed,,,,,,no
qilin,EFU Life Assurance,PK,Financial Services,2026-07-22,http://ijzn3sicrcy7guixkzjkib4ukbiilwc3xhnmby4mcbccnsd7j2rekvqd.onion/site/blog?uuid=70799fe1-ba67-406c-bebb-226b73e2c1fc,listed,,,,,,no
qilin,Infina Health,,Healthcare,2026-07-22,http://ijzn3sicrcy7guixkzjkib4ukbiilwc3xhnmby4mcbccnsd7j2rekvqd.onion/site/blog?uuid=ae1065e8-9247-4660-8f32-4e7d25fc4f10,listed,,,,,,no
m3rx,ubfreight.com,NZ,Transportation,2026-07-22,http://4k6plf4h2cm2nco6ae3inrsxnmqgl6lllmwefydhnlcq4tuhwbj4qpad.onion#ubfreight.com,listed,,,,published,http://4k6plf4h2cm2nco6ae3inrsxnmqgl6lllmwefydhnlcq4tuhwbj4qpad.onion,yes
krybit,dhli.in,IN,,2026-07-22,http://krybitqsdzwmhnitvwuhvsntfgf2wrhxveyxroxpc44c6gkft2cqldyd.onion/blog/e26a25863929498d892fc5fa338f732d064a71fbc45f82e4c50ec65dd52d0911/,listed,,,,,,no
krybit,Vibonum Technologies Private Limited,IN,Technology,2026-07-22,http://krybitqsdzwmhnitvwuhvsntfgf2wrhxveyxroxpc44c6gkft2cqldyd.onion/blog/e1c359f3adfa9013cea01c331014d453ddb894b7cc928cbe54875d2f6fd67446/,listed,,,,published,http://krybieodq754vlwufrsuxaswxb5zpxyibaawmed2jaduoz2e5m56hmid.onion,yes
akira,Kruse Construction,,Manufacturing,2026-07-22,http://akiralkzxzq2dsrzsrvbr2xgbbu2wgsmxryd4csgfameg52n7efvr2id.onion,listed,,,,,,no
akira,University Sprinkler Systems,CA,Professional Services,2026-07-22,http://akiralkzxzq2dsrzsrvbr2xgbbu2wgsmxryd4csgfameg52n7efvr2id.onion,listed,,,,,,no
booba project,Pelli Clarke Pelli Architects,US,Professional Services,2026-07-22,,listed,,,,,,no
dragonforce,Koshkaryan Law Group,US,Professional Services,2026-07-22,http://z3wqggtxft7id3ibr7srivv5gjof5fwg76slewnzwwakjuf3nlhukdid.onion/blog/?post_uuid=877bb86e-24f9-4685-bbe4-6589ae2725b6,listed,,,,,,no
chaos,issvc.com,US,Technology,2026-07-22,http://hptqq2o2qjva7lcaaq67w36jihzivkaitkexorauw7b2yul2z6zozpqd.onion/post/K7Q4Xwr5J40rpV4U3bKWQKH2422gyEVQ,listed,,,,,,no
nova,Marpatech,PE,Technology,2026-07-22,http://pifk3xu3vad6cuxsjll4qjomyaaaoyvnyqppro75pazadzctrrvpdnyd.onion/marpatech,listed,,,,,,no
nova,Canal 9 Litoral,AR,Technology,2026-07-22,http://pifk3xu3vad6cuxsjll4qjomyaaaoyvnyqppro75pazadzctrrvpdnyd.onion/canal-9-litoral,listed,,,,,,no
qilin,Evergreen Title,US,Financial Services,2026-07-21,http://ijzn3sicrcy7guixkzjkib4ukbiilwc3xhnmby4mcbccnsd7j2rekvqd.onion/site/blog?uuid=3a2be923-3c7d-48b9-aa44-380fc15b5215,listed,,,,,,no
play,Tax MT,MT,Professional Services,2026-07-21,http://j75o7xvvsm4lpsjhkjvb4wl2q6ajegvabe6oswthuaubbykk4xkzgpid.onion/topic.php?id=7cM13edLLDTIB5,listed,,,,,,no
play,Kreysler & Associates,US,Professional Services,2026-07-21,http://j75o7xvvsm4lpsjhkjvb4wl2q6ajegvabe6oswthuaubbykk4xkzgpid.onion/topic.php?id=fI5OO3BdC6MQzC,listed,,,,,,no
nova,La Financière d'Orion (finorion),FR,Financial Services,2026-07-21,http://pifk3xu3vad6cuxsjll4qjomyaaaoyvnyqppro75pazadzctrrvpdnyd.onion/la-financiere-d-orion-finorion,listed,,,,,,no
chaos,argonautms.com,RU,Technology,2026-07-21,http://hptqq2o2qjva7lcaaq67w36jihzivkaitkexorauw7b2yul2z6zozpqd.onion/post/r1hwOlmb0ewyKZnuaPHZVJchzawwiZIy,listed,,,,,,no
dragonforce,One Community FCU,US,Financial Services,2026-07-21,http://z3wqggtxft7id3ibr7srivv5gjof5fwg76slewnzwwakjuf3nlhukdid.onion/blog/?post_uuid=1e29a8a9-2239-4923-82af-cf467e5c22e0,listed,,,,,,no
qilin,RehaVital Gesundheitsservice GmbH,DE,Healthcare,2026-07-21,http://ijzn3sicrcy7guixkzjkib4ukbiilwc3xhnmby4mcbccnsd7j2rekvqd.onion/site/blog?uuid=0a73be27-9f34-45d8-b63d-c4a0a0157f9d,listed,,,,,,no
nova,Tèrra Aventura,PT,Hospitality,2026-07-21,http://pifk3xu3vad6cuxsjll4qjomyaaaoyvnyqppro75pazadzctrrvpdnyd.onion/terra-aventura,listed,,,,,,no
nova,Koperasi Karyawan PT Aplikanusa Lintasarta,ID,Technology,2026-07-21,http://pifk3xu3vad6cuxsjll4qjomyaaaoyvnyqppro75pazadzctrrvpdnyd.onion/koperasi-karyawan-pt-aplikanusa-lintasarta,listed,,,,,,no
ransomhouse,Nichirei,JP,Agriculture and Food Production,2026-07-21,http://zohlm7ahjwegcedoz7lrdrti7bvpofymcayotp744qhx6gjmxbuo2yid.onion/r/ee752296ff4b4692e2eb1a146d64edce0ad94d85,listed,,,,,,no
akira,Novasport s.r.o.,CZ,Retail & E-Commerce,2026-07-21,http://akiral2iz6a7qgd3ayp3l6yub7xx2uep76idk3u2kollpj5z3z636bad.onion,listed,,,,,,no
settra,downies.com,AU,Retail & E-Commerce,2026-07-21,http://settra5ldqwgtw5q7z5awbsvlksakyfojuc5slgrz5lvapune4fantqd.onion/leaks/22d76c64-e96f-419b-801d-77bc6b5b57bf,listed,,,,,,no
akira,Finer & Finer,US,Retail & E-Commerce,2026-07-21,http://akiral2iz6a7qgd3ayp3l6yub7xx2uep76idk3u2kollpj5z3z636bad.onion,listed,,,,,,no
morpheus,Kyowa Singapore Pte Ltd,SG,Professional Services,2026-07-21,http://izsp6ipui4ctgxfugbgtu65kzefrucltyfpbxplmfybl5swiadpljmyd.onion,listed,,,,,,no
titan,PERTINENT HEALTHCARE BUSINESS SOLUTIONS PRIVATE LIMITED,IN,Healthcare,2026-07-21,http://x4bccxlsmjsxlnnf3ocvndlshgfkagzytpqmsjnlfykceumnw6i4hkqd.onion/awaiting/post/data-blocked-gzccnqv4yj,listed,,,,,,no
worldleaks,St. Francis Xavier Catholic School System,US,Education,2026-07-21,https://worldleaksartrjm3c6vasllvgacbi5u3mgzkluehrzhk2jz4taufuid.onion/companies/3493364906,listed,,,,,,no
worldleaks,PinnPACK,US,Manufacturing,2026-07-21,https://worldleaksartrjm3c6vasllvgacbi5u3mgzkluehrzhk2jz4taufuid.onion/companies/6502015756,listed,,,,,,no
spacebears,DoAllTech,KR,Technology,2026-07-21,http://5butbkrljkaorg5maepuca25oma7eiwo6a2rlhvkblb4v6mf3ki2ovid.onion/companies/61/doalltech,listed,,,,published,http://5butbkrljkaorg5maepuca25oma7eiwo6a2rlhvkblb4v6mf3ki2ovid.onion,yes
spacebears,Anpra SAS,CO,Professional Services,2026-07-21,http://5butbkrljkaorg5maepuca25oma7eiwo6a2rlhvkblb4v6mf3ki2ovid.onion/companies/62/anpra-sas,listed,,,,published,http://5butbkrljkaorg5maepuca25oma7eiwo6a2rlhvkblb4v6mf3ki2ovid.onion,yes
spacebears,BiesSse Group,IT,Professional Services,2026-07-21,http://5butbkrljkaorg5maepuca25oma7eiwo6a2rlhvkblb4v6mf3ki2ovid.onion/companies/63/biessse-group,listed,,,,published,http://5butbkrljkaorg5maepuca25oma7eiwo6a2rlhvkblb4v6mf3ki2ovid.onion,yes
qilin,Postres Reina,ES,Agriculture and Food Production,2026-07-21,http://ijzn3sicrcy7guixkzjkib4ukbiilwc3xhnmby4mcbccnsd7j2rekvqd.onion/site/blog?uuid=48655caf-4585-42fd-9ab0-386475bc0c00,listed,,,,,,no
safepay,wdk.de,DE,Other,2026-07-20,http://safepaypfxntwixwjrlcscft433ggemlhgkkdupi2ynhtcmvdgubmoyd.onion/blog/post/wdkde/,listed,,,,,,no
safepay,jaecklin-industrial.de,DE,Manufacturing,2026-07-20,http://safepaypfxntwixwjrlcscft433ggemlhgkkdupi2ynhtcmvdgubmoyd.onion/blog/post/jaecklin-industrialde/,listed,,,,,,no
safepay,lbb-treuhand.de,DE,Professional Services,2026-07-20,http://safepaypfxntwixwjrlcscft433ggemlhgkkdupi2ynhtcmvdgubmoyd.onion/blog/post/lbb-treuhandde/,listed,,,,,,no
safepay,timetex.de,DE,Professional Services,2026-07-20,http://safepaypfxntwixwjrlcscft433ggemlhgkkdupi2ynhtcmvdgubmoyd.onion/blog/post/timetexde/,listed,,,,,,no
safepay,stroebel-gruppe.de,DE,Manufacturing,2026-07-20,http://safepaypfxntwixwjrlcscft433ggemlhgkkdupi2ynhtcmvdgubmoyd.onion/blog/post/stroebel-gruppede/,listed,,,,,,no
safepay,industriesjaro.com,CA,Manufacturing,2026-07-20,http://safepaypfxntwixwjrlcscft433ggemlhgkkdupi2ynhtcmvdgubmoyd.onion/blog/post/industriesjarocom/,listed,,,,,,no
safepay,cenesco.de,DE,Other,2026-07-20,http://safepaypfxntwixwjrlcscft433ggemlhgkkdupi2ynhtcmvdgubmoyd.onion/blog/post/cenescode/,listed,,,,,,no
safepay,acsmallmaxwell.com.au,AU,Professional Services,2026-07-20,http://safepaypfxntwixwjrlcscft433ggemlhgkkdupi2ynhtcmvdgubmoyd.onion/blog/post/acsmallmaxwellcomau/,listed,,,,,,no
safepay,mende-grundbesitz.de,DE,Professional Services,2026-07-20,http://safepaypfxntwixwjrlcscft433ggemlhgkkdupi2ynhtcmvdgubmoyd.onion/blog/post/mende-grundbesitzde/,listed,,,,,,no
kairos,College O'Sullivan de Québec,CA,Education,2026-07-20,http://erqnacjmdy3obvevyol7qhazkwkv57dwqvye5v46k5bcujtfa6sduad.onion,listed,,384 GB,,published,http://kairosgeuzkzz3ajntqcyxl3ib36szz3mg62mb3zbui33pbk3uzo4qqd.onion,yes
kairos,Collge O'Sullivan de Québec,CA,Education,2026-07-20,http://erqnacjmdy3obvevyol7qhazkwkv57dwqvye5v46k5bcujtfa6sduad.onion,listed,,,,,,no
incransom,Ali-Monde,US,Agriculture and Food Production,2026-07-20,http://incblog6qu4y4mm4zvw5nrmue6qbwtgjsxpw6b7ixzssu36tsajldoad.onion/blog/disclosures/6a5e5bba5ae71db30c1e8750,listed,,,,,,no
coinbasecartel,Caterpillar,US,Manufacturing,2026-07-20,http://fjg4zi4opkxkvdz7mvwp7h6goe4tcby3hhkrz43pht4j3vakhy75znyd.onion/companies/caterpillar,listed,,,,,,no
anubis,Bath Fitter,US,Retail & E-Commerce,2026-07-20,http://om6q4a6cyipxvt7ioudxt24cw4oqu4yodmqzl25mqd2hgllymrgu4aqd.onion/r/frchTfEBkQQaPnMhpaeopD6ze2gTL23iASpFXPwiqGB9VGJYvyeQCb07vA4hqojkjXEg8x8ZXaMjX5cCWGZm2Z6UHV6SGxF,listed,,275 GB,,published,http://anubisyfkh5rixydjpoo3jqucauajz2juybrbtuglcppjj2y3eg3y6ad.onion,yes
anubis,Fairlife / Coca-Cola,US,Agriculture and Food Production,2026-07-20,http://om6q4a6cyipxvt7ioudxt24cw4oqu4yodmqzl25mqd2hgllymrgu4aqd.onion/r/K4UCkEEitvD6UBuozkXtkvSG5WEhfS1vbUZ380n3s+txX0QKee4Pj69QFJf0brH94S49UGTyLiSVM+tpeeEswXE5NTFVc1cy,listed,,,,,,no
nova,Jrd logistics,US,Transportation,2026-07-20,http://pifk3xu3vad6cuxsjll4qjomyaaaoyvnyqppro75pazadzctrrvpdnyd.onion/jrd-logistics,listed,,,,,,no
nova,Rumah Sakit Universitas Indonesia (RSUI),ID,Healthcare,2026-07-20,http://pifk3xu3vad6cuxsjll4qjomyaaaoyvnyqppro75pazadzctrrvpdnyd.onion/rumah-sakit-universitas-indonesia-rsui,listed,,,,,,no
nova,Universidad Nacional de Mar del Plata,AR,Education,2026-07-20,http://pifk3xu3vad6cuxsjll4qjomyaaaoyvnyqppro75pazadzctrrvpdnyd.onion/universidad-nacional-de-mar-del-plata,listed,,,,,,no
coinbasecartel,Colliers Real Estate,US,Professional Services,2026-07-20,http://fjg4zi4opkxkvdz7mvwp7h6goe4tcby3hhkrz43pht4j3vakhy75znyd.onion/companies/colliers,listed,,,,,,no
akira,"McKeever , Varga & Senko",US,Professional Services,2026-07-20,http://akiral2iz6a7qgd3ayp3l6yub7xx2uep76idk3u2kollpj5z3z636bad.onion,listed,,,,,,no
akira,L&A Transport,US,Transportation,2026-07-20,http://akiral2iz6a7qgd3ayp3l6yub7xx2uep76idk3u2kollpj5z3z636bad.onion,listed,,,,,,no
nova,Koplarla,ID,Retail & E-Commerce,2026-07-20,http://pifk3xu3vad6cuxsjll4qjomyaaaoyvnyqppro75pazadzctrrvpdnyd.onion/koplarla,listed,,,,,,no
qilin,Bolt & Nut Manufacturing,GB,Manufacturing,2026-07-20,http://ijzn3sicrcy7guixkzjkib4ukbiilwc3xhnmby4mcbccnsd7j2rekvqd.onion/site/blog?uuid=055bff03-344a-4bdb-901b-6b98520d47cd,listed,,,,,,no
chaos,wikoff.com,US,Professional Services,2026-07-20,http://hptqq2o2qjva7lcaaq67w36jihzivkaitkexorauw7b2yul2z6zozpqd.onion/post/wBNPmRbvISOgADzgg7I0L08O3YkhiJua,listed,,,,,,no
doommageddon,Reni Farmácias Associadas,BR,Healthcare,2026-07-19,http://iacjvmxjb2ivqkxxzmde4w6g53gn6ym7c3g6mfifvejyhqtp4wrkypyd.onion/victim/reni-farmácias-associadas,listed,,2.93 GB,42,published,http://iacjvmxjb2ivqkxxzmde4w6g53gn6ym7c3g6mfifvejyhqtp4wrkypyd.onion,yes
unsafe,CCR Solutions,CA,Professional Services,2026-07-19,http://unsafeipw6wbkzzmj7yqp7bz6j7ivzynggmwxsm6u2wwfmfqrxqrrhyd.onion/reel/6a5d25c28b37a93648b56e2a?page=1,listed,,1.5Tb+,20,countdown,http://unsafeipw6wbkzzmj7yqp7bz6j7ivzynggmwxsm6u2wwfmfqrxqrrhyd.onion,yes
qilin,PP+K,BR,Manufacturing,2026-07-19,http://ijzn3sicrcy7guixkzjkib4ukbiilwc3xhnmby4mcbccnsd7j2rekvqd.onion/site/blog?uuid=50585917-0d64-434d-86be-6145703b6ec3,listed,,,,,,no
qilin,Eana,AR,,2026-07-19,http://ijzn3sicrcy7guixkzjkib4ukbiilwc3xhnmby4mcbccnsd7j2rekvqd.onion/site/blog?uuid=ea827c06-3e50-4215-b031-385307e23c22,listed,,,,,,no
qilin,Synergy Products,TR,Manufacturing,2026-07-19,http://ijzn3sicrcy7guixkzjkib4ukbiilwc3xhnmby4mcbccnsd7j2rekvqd.onion/site/blog?uuid=1b6eeb3c-9231-44bf-ab8b-16c3eb7e2284,listed,,,,,,no
nova,meralmanisa,TR,Manufacturing,2026-07-19,http://novadmrkp4vbk2padk5t6pbxolndceuc7hrcq4mjaoyed6nxsqiuzyyd.onion/meralmanisa,listed,,,,,,no
nova,Dephub,ID,Government & Defense,2026-07-19,http://novadmrkp4vbk2padk5t6pbxolndceuc7hrcq4mjaoyed6nxsqiuzyyd.onion/dephub,listed,,,,,,no
nova,Jota Joias Premium,BR,Retail & E-Commerce,2026-07-19,http://novadmrkp4vbk2padk5t6pbxolndceuc7hrcq4mjaoyed6nxsqiuzyyd.onion/jota-joias-premium,listed,,,,,,no
krybit,eurohold.bg,BG,Financial Services,2026-07-19,http://krybitxdpxohsmjooeb3gbgpmdddreh6mnflzac6bnezz74b7yje67yd.onion/blog/669e331cdac072ba51bd016e154e7fcfa6c41d7613cc0e74b34fb723687ab740/,listed,,,,,,no
qilin,Don Tortaco Mexican Grill,US,Hospitality,2026-07-19,http://ijzn3sicrcy7guixkzjkib4ukbiilwc3xhnmby4mcbccnsd7j2rekvqd.onion/site/blog?uuid=41fcdb99-7cf5-4296-9690-fc9938f213c0,listed,,,,,,no
qilin,Associated Theatrical Contractors,US,Professional Services,2026-07-19,http://ijzn3sicrcy7guixkzjkib4ukbiilwc3xhnmby4mcbccnsd7j2rekvqd.onion/site/blog?uuid=d5df444b-e533-4535-9797-08f40baf4f0b,listed,,,,,,no
payload,CKR Consulting Engineers,ZA,Professional Services,2026-07-19,http://payloadrz5yw227brtbvdqpnlhq3rdcdekdnn3rgucbcdeawq2v6vuyd.onion/posts/84a0da40-f25b-407c-b1a5-4484bebe48e3,listed,,130 GB,,countdown,http://payloadrz5yw227brtbvdqpnlhq3rdcdekdnn3rgucbcdeawq2v6vuyd.onion,yes
blackout,yano.tokyo,JP,Technology,2026-07-19,http://black3gnkizshuynieigw6ejgpblb53mpasftzd6pydqpmq2vn2xf6yd.onion/post/214ce441-99b8-4a8c-a869-8bd335b5a19a/,listed,,,,,,no
blackout,www.miatech.net,US,Technology,2026-07-19,http://black3gnkizshuynieigw6ejgpblb53mpasftzd6pydqpmq2vn2xf6yd.onion/post/92b28f50-d094-4f69-9324-4a82612cb36d/,listed,,,,,,no
blackout,bluebellgroup.com,GB,Professional Services,2026-07-19,http://black3gnkizshuynieigw6ejgpblb53mpasftzd6pydqpmq2vn2xf6yd.onion/post/354bae31-fd05-48e1-843f-56bfc524b438/,listed,,,,,,no
thegentlemen,Ecopetrol,CO,Energy & Utilities,2026-07-19,http://tezwsse5czllksjb7cwp65rvnk4oobmzti2znn42i43bjdfd2prqqkad.onion,listed,,,,,,no
qilin,City Ambulance Service,US,Healthcare,2026-07-19,http://ijzn3sicrcy7guixkzjkib4ukbiilwc3xhnmby4mcbccnsd7j2rekvqd.onion/site/blog?uuid=9a5b2562-d3a3-4b7a-b2fa-2624534ed258,listed,,,,,,no
qilin,Famesa,PE,Agriculture and Food Production,2026-07-19,http://ijzn3sicrcy7guixkzjkib4ukbiilwc3xhnmby4mcbccnsd7j2rekvqd.onion/site/blog?uuid=319f4978-5d69-49df-a821-e9debceb58af,listed,,,,,,no
krybit,euroins.bg,BG,Financial Services,2026-07-18,http://krybitqsdzwmhnitvwuhvsntfgf2wrhxveyxroxpc44c6gkft2cqldyd.onion/blog/168d441c086815fb0d0ce67b7bc405626f36a6e6bd85285420c98b85c2db571e/,listed,,,,,,no
nova,FMZ Tecnologia em Sistemas,BR,Technology,2026-07-18,http://novadmrkp4vbk2padk5t6pbxolndceuc7hrcq4mjaoyed6nxsqiuzyyd.onion/fmz-tecnologia-em-sistemas,listed,,,,,,no
qilin,Heartland Catfish,US,Agriculture and Food Production,2026-07-18,http://ijzn3sicrcy7guixkzjkib4ukbiilwc3xhnmby4mcbccnsd7j2rekvqd.onion/site/blog?uuid=f9340ec9-e2fc-4a39-9289-565a6b39daf5,listed,,,,,,no
qilin,Salina Supply,US,Professional Services,2026-07-18,http://ijzn3sicrcy7guixkzjkib4ukbiilwc3xhnmby4mcbccnsd7j2rekvqd.onion/site/blog?uuid=336e1eea-cc38-4572-938d-8f80895e769e,listed,,,,,,no
qilin,St Martha Catholic Church,US,Retail & E-Commerce,2026-07-18,http://ijzn3sicrcy7guixkzjkib4ukbiilwc3xhnmby4mcbccnsd7j2rekvqd.onion/site/blog?uuid=be920d01-1289-47d4-a4da-8ebf156a33ad,listed,,,,,,no
qilin,The Nueva School,US,Education,2026-07-18,http://ijzn3sicrcy7guixkzjkib4ukbiilwc3xhnmby4mcbccnsd7j2rekvqd.onion/site/blog?uuid=f5d63ec4-a191-4de4-a6d1-f0fa52fba59e,listed,,,,,,no
dragonforce,NewNet,SA,Technology,2026-07-18,http://z3wqggtxft7id3ibr7srivv5gjof5fwg76slewnzwwakjuf3nlhukdid.onion/blog/?post_uuid=6f4e3a42-0adb-422b-ba3e-5bd972e17938,listed,,,,,,no
qilin,Sicc,IT,,2026-07-18,http://ijzn3sicrcy7guixkzjkib4ukbiilwc3xhnmby4mcbccnsd7j2rekvqd.onion/site/blog?uuid=8556bfe0-16bd-4415-825b-e8f5420d3416,listed,,,,,,no
qilin,KLD Labs,US,Technology,2026-07-18,http://ijzn3sicrcy7guixkzjkib4ukbiilwc3xhnmby4mcbccnsd7j2rekvqd.onion/site/blog?uuid=cfa5f026-202c-4710-b931-9633eeeabfa4,listed,,,,,,no
qilin,Armara,FR,Agriculture and Food Production,2026-07-18,http://ijzn3sicrcy7guixkzjkib4ukbiilwc3xhnmby4mcbccnsd7j2rekvqd.onion/site/blog?uuid=4443364d-63a1-4ce6-850b-8878556e9756,listed,,,,,,no
qilin,AK Preparedness,,Business Services,2026-07-18,http://ijzn3sicrcy7guixkzjkib4ukbiilwc3xhnmby4mcbccnsd7j2rekvqd.onion/site/blog?uuid=ce1a0a64-9560-4bbf-8489-b0af28ec8fad,listed,,,,,,no
threeam,tws-tac.net,DE,,2026-07-18,http://threeam7fj33rv5twe5ll7gcrp3kkyyt6ez5stssixnuwh4v3csxdwqd.onion/recovery/detail/tyhx6vacqjoyy1c3rdh7eo4ido46sy,listed,,,,,,no
incransom,v-silicon.com,CN,Technology,2026-07-18,http://incblog6qu4y4mm4zvw5nrmue6qbwtgjsxpw6b7ixzssu36tsajldoad.onion/blog/disclosures/6a5ad53a5ae71db30cbcbe61,listed,,,,,,no
incransom,FAST.COM.PH,PH,Technology,2026-07-18,http://incblog6qu4y4mm4zvw5nrmue6qbwtgjsxpw6b7ixzssu36tsajldoad.onion/blog/disclosures/6a5ad58e5ae71db30cbcc904,listed,,,,,,no
incransom,"D.MAG New Material Technology Co., Ltd. Taiwan Giant",TW,Manufacturing,2026-07-18,http://incblog6qu4y4mm4zvw5nrmue6qbwtgjsxpw6b7ixzssu36tsajldoad.onion/blog/disclosures/6a5ad5fc5ae71db30cbcd79c,listed,,,,,,no
incransom,vedan corp,VN,Agriculture and Food Production,2026-07-18,http://incblog6qu4y4mm4zvw5nrmue6qbwtgjsxpw6b7ixzssu36tsajldoad.onion/blog/disclosures/6a5ad67e5ae71db30cbce558,listed,,,,,,no
incransom,pokka.co,SG,Agriculture and Food Production,2026-07-18,http://incblog6qu4y4mm4zvw5nrmue6qbwtgjsxpw6b7ixzssu36tsajldoad.onion/blog/disclosures/6a5ad6bb5ae71db30cbcec59,listed,,,,,,no
incransom,reatile.co.za,ZA,,2026-07-18,http://incblog6qu4y4mm4zvw5nrmue6qbwtgjsxpw6b7ixzssu36tsajldoad.onion/blog/disclosures/6a5ad7205ae71db30cbcf9e2,listed,,,,,,no
incransom,V&P Nurseries,US,Agriculture and Food Production,2026-07-18,http://incblog6qu4y4mm4zvw5nrmue6qbwtgjsxpw6b7ixzssu36tsajldoad.onion/blog/disclosures/6a5ad7a05ae71db30cbd0738,listed,,,,,,no
qilin,Powder River Heating & Air Conditioning,US,Consumer Services,2026-07-18,http://ijzn3sicrcy7guixkzjkib4ukbiilwc3xhnmby4mcbccnsd7j2rekvqd.onion/site/blog?uuid=7e150d05-bd34-404d-8824-a10358840d67,listed,,,,,,no
qilin,Droguería Martorani,AR,Consumer Services,2026-07-18,http://ijzn3sicrcy7guixkzjkib4ukbiilwc3xhnmby4mcbccnsd7j2rekvqd.onion/site/blog?uuid=cddad5ee-72f3-48fd-9310-4858484d5f59,listed,,,,,,no
thegentlemen,Military Sealift Command,US,Transportation/Logistics,2026-07-17,http://tezwsse5czllksjb7cwp65rvnk4oobmzti2znn42i43bjdfd2prqqkad.onion,listed,,,,,,no
thegentlemen,Advantage Home Health Care,US,Healthcare,2026-07-17,http://tezwsse5czllksjb7cwp65rvnk4oobmzti2znn42i43bjdfd2prqqkad.onion,listed,,,,,,no
thegentlemen,Sunway Scientific,TW,Manufacturing,2026-07-17,http://tezwsse5czllksjb7cwp65rvnk4oobmzti2znn42i43bjdfd2prqqkad.onion,listed,,,,,,no
qilin,Cafar,AR,Agriculture and Food Production,2026-07-17,http://ijzn3sicrcy7guixkzjkib4ukbiilwc3xhnmby4mcbccnsd7j2rekvqd.onion/site/blog?uuid=534f0ef4-d3fb-4650-ae42-445c281986c6,listed,,,,,,no
qilin,Acosol,ES,,2026-07-17,http://ijzn3sicrcy7guixkzjkib4ukbiilwc3xhnmby4mcbccnsd7j2rekvqd.onion/site/blog?uuid=06db273a-dad1-49d1-98ea-f59c947de0b6,listed,,,,,,no
interlock,Centre for Newcomers,CA,Public Sector,2026-07-17,http://y2yplioc7ybrun2qb4opyc2vdt6lqtxvag3rocayyv2ekbtoa7kjo3qd.onion/index.php?p=,listed,,380 GB,,published,http://ebhmkoohccl45qesdbvrjqtyro2hmhkmh6vkyfyjjzfllm3ix72aqaid.onion/leaks.php,yes
interlock,Paragon Store Fixtures,US,Manufacturing,2026-07-17,http://6p6fubv4udi7kzgh4jojcplujeogmacclxmskfb3y6bknkh7zh7hohyd.onion/index.php?p=,listed,,520 GB,,published,http://ebhmkoohccl45qesdbvrjqtyro2hmhkmh6vkyfyjjzfllm3ix72aqaid.onion/leaks.php,yes
akira,Westcoast Communication Services,US,Telecommunication,2026-07-17,http://akiralkzxzq2dsrzsrvbr2xgbbu2wgsmxryd4csgfameg52n7efvr2id.onion,listed,,,,,,no
akira,Nesco Bus Maintenance,US,Transportation/Logistics,2026-07-17,http://akiralkzxzq2dsrzsrvbr2xgbbu2wgsmxryd4csgfameg52n7efvr2id.onion,listed,,,,,,no
m3rx,suppcentersa.com,ZA,Business Services,2026-07-17,http://4k6plf4h2cm2nco6ae3inrsxnmqgl6lllmwefydhnlcq4tuhwbj4qpad.onion#suppcentersa.com,listed,,,,published,http://4k6plf4h2cm2nco6ae3inrsxnmqgl6lllmwefydhnlcq4tuhwbj4qpad.onion,yes
m3rx,arambol.co.uk,GB,,2026-07-17,http://4k6plf4h2cm2nco6ae3inrsxnmqgl6lllmwefydhnlcq4tuhwbj4qpad.onion#arambol.co.uk,listed,,922 GB,,published,http://4k6plf4h2cm2nco6ae3inrsxnmqgl6lllmwefydhnlcq4tuhwbj4qpad.onion,yes
incransom,Kyokuto Kaihatsu Kogyo,JP,Manufacturing,2026-07-17,http://incblog6qu4y4mm4zvw5nrmue6qbwtgjsxpw6b7ixzssu36tsajldoad.onion/blog/disclosures/6a5984205ae71db30c99e780,listed,,,,,,no
nova,Phi,CA,,2026-07-17,http://pifk3xu3vad6cuxsjll4qjomyaaaoyvnyqppro75pazadzctrrvpdnyd.onion/phi,listed,,,,,,no
nova,Digipro,VN,Technology,2026-07-17,http://pifk3xu3vad6cuxsjll4qjomyaaaoyvnyqppro75pazadzctrrvpdnyd.onion/digipro,listed,,,,,,no
nova,Integrated Marketing Services,US,Business Services,2026-07-17,http://pifk3xu3vad6cuxsjll4qjomyaaaoyvnyqppro75pazadzctrrvpdnyd.onion/integrated-marketing-services,listed,,,,,,no
krybit,eitzchaim.com,IL,,2026-07-17,http://krybitqsdzwmhnitvwuhvsntfgf2wrhxveyxroxpc44c6gkft2cqldyd.onion/blog/e83ae42f72039def5cfd6f399fe5e431589b34af2c477b1c3e8c96fbdb8b2f9f/,listed,,,,,,no
krybit,formasuniversales.com,MX,Business Services,2026-07-17,http://krybitqsdzwmhnitvwuhvsntfgf2wrhxveyxroxpc44c6gkft2cqldyd.onion/blog/21a5e7905a0c2544593cc8856fc4190f3c5cd9dea2922b15adf9cc5582bde4b7/,listed,,,,,,no
krybit,rehabmalaysia.com,MY,Healthcare,2026-07-17,http://krybitqsdzwmhnitvwuhvsntfgf2wrhxveyxroxpc44c6gkft2cqldyd.onion/blog/358c4d15c88f881a4fe9b4009fea92875bd9569160533db6cbea77d6fbdee3be/,listed,,,,,,no
krybit,www.lagus.cz,CZ,Business Services,2026-07-17,http://krybitqsdzwmhnitvwuhvsntfgf2wrhxveyxroxpc44c6gkft2cqldyd.onion/blog/5bce46da119b73d1ba3d82909cd88d658342a1fee85f82c5c5e2be35e2bd2494/,listed,,,,,,no
interlock,District of Columbia Housing Authority,US,Public Sector,2026-07-16,http://2gvprypcd3wemjghnnassqtro7nwhocr5ry4bngx7x7xhks7f7oillqd.onion/index.php?p=,listed,,1 660 GB,,published,http://ebhmkoohccl45qesdbvrjqtyro2hmhkmh6vkyfyjjzfllm3ix72aqaid.onion/leaks.php,yes
gunra,Dissinger and Dissinger Law Firm,US,Business Services,2026-07-16,http://gunrabxbig445sjqa535uaymzerj6fp4nwc6ngc2xughf2pedjdhk4ad.onion,listed,,,,,,no
play,Boston Electric and Telephone,US,Telecommunication,2026-07-16,http://j75o7xvvsm4lpsjhkjvb4wl2q6ajegvabe6oswthuaubbykk4xkzgpid.onion/topic.php?id=I7dU5mZkuYuiVP,listed,,,,,,no
play,Wring Group,GB,,2026-07-16,http://j75o7xvvsm4lpsjhkjvb4wl2q6ajegvabe6oswthuaubbykk4xkzgpid.onion/topic.php?id=os42vGw6zDhCvA,listed,,,,,,no
incransom,asa-international.com,NL,Business Services,2026-07-16,http://incblog6qu4y4mm4zvw5nrmue6qbwtgjsxpw6b7ixzssu36tsajldoad.onion/blog/disclosures/6a59188d5ae71db30c8f3e00,listed,,,,,,no
play,AG Scholtes,NL,Manufacturing,2026-07-16,http://j75o7xvvsm4lpsjhkjvb4wl2q6ajegvabe6oswthuaubbykk4xkzgpid.onion/topic.php?id=oecn6NG9SQYNLc,listed,,,,,,no
play,Andorra Life,AD,Healthcare,2026-07-16,http://j75o7xvvsm4lpsjhkjvb4wl2q6ajegvabe6oswthuaubbykk4xkzgpid.onion/topic.php?id=MkNR4jZleHdlYc,listed,,,,,,no
play,Svensk Direktreklam,SE,Business Services,2026-07-16,http://j75o7xvvsm4lpsjhkjvb4wl2q6ajegvabe6oswthuaubbykk4xkzgpid.onion/topic.php?id=bBS6iRxZWJNAUE,listed,,,,,,no
chaos,radiax.com,US,Technology,2026-07-16,http://hptqq2o2qjva7lcaaq67w36jihzivkaitkexorauw7b2yul2z6zozpqd.onion/post/rUuXIQjmaKAypDUHGeG179qxJI4cgXT3,listed,,,,,,no
ransomhouse,Megawork,BR,Business Services,2026-07-16,http://zohlm7ahjwegcedoz7lrdrti7bvpofymcayotp744qhx6gjmxbuo2yid.onion/r/69ad488f2e74de300078537996a68d7be2a2ed58,listed,,,,,,no
interlock,Converting Equipment International,US,Manufacturing,2026-07-16,http://zd4caqa225s2rs2nhst4y5nkt575ohdpfm6zwy6mug6js3izseli24qd.onion/index.php?p=,listed,,400 GB,,published,http://ebhmkoohccl45qesdbvrjqtyro2hmhkmh6vkyfyjjzfllm3ix72aqaid.onion/leaks.php,yes
black x,sanaa,YE,,2026-07-16,http://blackxppq2jvqyg4slyg3sbszv7ib2avaaycvhff5qipgdoepqi57xyd.onion/target/6a572d270a8c566f081720cd,listed,,,,,,no
thegentlemen,Tangram Interiors,US,Business Services,2026-07-16,http://tezwsse5czllksjb7cwp65rvnk4oobmzti2znn42i43bjdfd2prqqkad.onion,listed,,,,,,no
thegentlemen,BRAC,BD,Business Services,2026-07-16,http://tezwsse5czllksjb7cwp65rvnk4oobmzti2znn42i43bjdfd2prqqkad.onion,listed,,,,,,no
thegentlemen,Customs Watch,US,Public Sector,2026-07-16,http://tezwsse5czllksjb7cwp65rvnk4oobmzti2znn42i43bjdfd2prqqkad.onion,listed,,,,,,no
thegentlemen,Gallant,FI,,2026-07-16,http://tezwsse5czllksjb7cwp65rvnk4oobmzti2znn42i43bjdfd2prqqkad.onion,listed,,,,,,no
thegentlemen,Hanseata,DE,Financial Services,2026-07-16,http://tezwsse5czllksjb7cwp65rvnk4oobmzti2znn42i43bjdfd2prqqkad.onion,listed,,,,,,no
thegentlemen,Metro Mondego,PT,Transportation/Logistics,2026-07-16,http://tezwsse5czllksjb7cwp65rvnk4oobmzti2znn42i43bjdfd2prqqkad.onion,listed,,,,,,no
thegentlemen,Comet Enterprise Corp,TW,,2026-07-16,http://tezwsse5czllksjb7cwp65rvnk4oobmzti2znn42i43bjdfd2prqqkad.onion,listed,,,,,,no
thegentlemen,Landesbibliothek Coburg,DE,Public Sector,2026-07-16,http://tezwsse5czllksjb7cwp65rvnk4oobmzti2znn42i43bjdfd2prqqkad.onion,listed,,,,,,no
thegentlemen,ALUFE Femszerkezeti Kft,HU,Manufacturing,2026-07-16,http://tezwsse5czllksjb7cwp65rvnk4oobmzti2znn42i43bjdfd2prqqkad.onion,listed,,,,,,no
thegentlemen,Tooltec,SE,Manufacturing,2026-07-16,http://tezwsse5czllksjb7cwp65rvnk4oobmzti2znn42i43bjdfd2prqqkad.onion,listed,,,,,,no
thegentlemen,Terra Vitis,FR,Agriculture and Food Production,2026-07-16,http://tezwsse5czllksjb7cwp65rvnk4oobmzti2znn42i43bjdfd2prqqkad.onion,listed,,,,,,no
thegentlemen,Vignobles Toutigeac,FR,Agriculture and Food Production,2026-07-16,http://tezwsse5czllksjb7cwp65rvnk4oobmzti2znn42i43bjdfd2prqqkad.onion,listed,,,,,,no
thegentlemen,Dink Co Ltd,JP,,2026-07-16,http://tezwsse5czllksjb7cwp65rvnk4oobmzti2znn42i43bjdfd2prqqkad.onion,listed,,,,,,no
incransom,https://www.statebankofnauvoo.com/,US,Financial Services,2026-07-16,http://incblog6qu4y4mm4zvw5nrmue6qbwtgjsxpw6b7ixzssu36tsajldoad.onion/blog/disclosures/6a58827f5ae71db30c7fbbf9,listed,,,,,,no
thegentlemen,Lsn,,,2026-07-16,http://tezwsse5czllksjb7cwp65rvnk4oobmzti2znn42i43bjdfd2prqqkad.onion,listed,,,,,,no
thegentlemen,Giraudi Group,IT,Manufacturing,2026-07-16,http://tezwsse5czllksjb7cwp65rvnk4oobmzti2znn42i43bjdfd2prqqkad.onion,listed,,,,,,no
thegentlemen,Mesto Celakovice,CZ,Manufacturing,2026-07-16,http://tezwsse5czllksjb7cwp65rvnk4oobmzti2znn42i43bjdfd2prqqkad.onion,listed,,,,,,no
thegentlemen,Kaneko,JP,,2026-07-16,http://tezwsse5czllksjb7cwp65rvnk4oobmzti2znn42i43bjdfd2prqqkad.onion,listed,,,,,,no
thegentlemen,Byggelit Sverige,SE,Construction,2026-07-16,http://tezwsse5czllksjb7cwp65rvnk4oobmzti2znn42i43bjdfd2prqqkad.onion,listed,,,,,,no
thegentlemen,Terry P Moosmann CPA PC,US,Financial Services,2026-07-16,http://tezwsse5czllksjb7cwp65rvnk4oobmzti2znn42i43bjdfd2prqqkad.onion,listed,,,,,,no
akira,Plumley Engineering,US,Manufacturing,2026-07-16,http://akiral2iz6a7qgd3ayp3l6yub7xx2uep76idk3u2kollpj5z3z636bad.onion,listed,,,,,,no
dragonforce,Petrini Valores,AR,Financial Services,2026-07-16,http://z3wqggtxft7id3ibr7srivv5gjof5fwg76slewnzwwakjuf3nlhukdid.onion/blog/?post_uuid=c7a0279c-a105-4324-a7ee-ce72ba0ae329,listed,,,,,,no
dragonforce,Sinai Grand Casino,EG,Hospitality and Tourism,2026-07-16,http://z3wqggtxft7id3ibr7srivv5gjof5fwg76slewnzwwakjuf3nlhukdid.onion/blog/?post_uuid=989c5e3a-598c-409e-b299-ed842bc4a698,listed,,,,,,no
dragonforce,Kee Wah Bakery,HK,Agriculture and Food Production,2026-07-16,http://z3wqggtxft7id3ibr7srivv5gjof5fwg76slewnzwwakjuf3nlhukdid.onion/blog/?post_uuid=bbca2373-ee63-4a48-91a5-9d70a5c142f0,listed,,,,,,no
dragonforce,Southport Outdoor Living,GB,Consumer Services,2026-07-16,http://z3wqggtxft7id3ibr7srivv5gjof5fwg76slewnzwwakjuf3nlhukdid.onion/blog/?post_uuid=ca8899be-9289-4e32-8661-8fc3d9fe6a14,listed,,,,,,no
dragonforce,Metro Design Cente,MX,Consumer Services,2026-07-16,http://z3wqggtxft7id3ibr7srivv5gjof5fwg76slewnzwwakjuf3nlhukdid.onion/blog/?post_uuid=49336a64-38c9-4305-b7ee-3b2ccfa9698c,listed,,,,,,no
dragonforce,North Atlantic Engineering Consultants,BW,Business Services,2026-07-16,http://z3wqggtxft7id3ibr7srivv5gjof5fwg76slewnzwwakjuf3nlhukdid.onion/blog/?post_uuid=56d4e3ab-85a8-480f-8b8a-9a3f74036dc8,listed,,,,,,no
settra,samuelkoon.com,US,,2026-07-16,http://settra5ldqwgtw5q7z5awbsvlksakyfojuc5slgrz5lvapune4fantqd.onion/leaks/c008d381-6f28-4fd4-b6e5-788331fd7183,listed,,,,,,no
settra,acilab.com,BR,Technology,2026-07-16,http://settra5ldqwgtw5q7z5awbsvlksakyfojuc5slgrz5lvapune4fantqd.onion/leaks/3b46e4c7-4b5d-4877-89d0-7dfbc30ed560,listed,,,,,,no
settra,torsiongroup.co.uk,GB,Business Services,2026-07-16,http://settra5ldqwgtw5q7z5awbsvlksakyfojuc5slgrz5lvapune4fantqd.onion/leaks/5ea2ffd4-2611-44ac-a832-3240479276eb,listed,,,,,,no
cmdorganization,Saint George's School,CO,Education,2026-07-16,http://cmdnkiqjije2tllr3biee2sjgj3i4robg2cbtilbnytdhh2wy3syrlyd.onion,listed,,,,,,no
qilin,International Delights,US,Agriculture and Food Production,2026-07-15,http://ijzn3sicrcy7guixkzjkib4ukbiilwc3xhnmby4mcbccnsd7j2rekvqd.onion/site/blog?uuid=2a85afa5-7c66-4fe2-a552-df3f6954cb9c,listed,,,,,,no
ransomhouse,Fidelity Services Group,ZA,Financial Services,2026-07-15,http://zohlm7ahjwegcedoz7lrdrti7bvpofymcayotp744qhx6gjmxbuo2yid.onion/r/044542026d63eb0acd49e9e0b2b7b6e7ab0bbce2,listed,,,,,,no
coinbasecartel,PanasonicAero,JP,Manufacturing,2026-07-15,http://fjg4zi4opkxkvdz7mvwp7h6goe4tcby3hhkrz43pht4j3vakhy75znyd.onion/companies/panaaeroo,listed,,,,,,no
dragonforce,Heritage Mechanical LLC,US,Business Services,2026-07-15,http://z3wqggtxft7id3ibr7srivv5gjof5fwg76slewnzwwakjuf3nlhukdid.onion/blog/?post_uuid=b3dd9277-35e9-4698-8a7a-144bdf89a688,listed,,,,,,no
akira,Pioneer Construction,,Construction,2026-07-15,http://akiral2iz6a7qgd3ayp3l6yub7xx2uep76idk3u2kollpj5z3z636bad.onion,listed,,,,,,no
dragonforce,Isegen South Africa (Pty) Ltd,ZA,Energy,2026-07-15,http://z3wqggtxft7id3ibr7srivv5gjof5fwg76slewnzwwakjuf3nlhukdid.onion/blog/?post_uuid=a48fc159-10de-423a-a16b-7fa21b9bdb81,listed,,,,,,no
dragonforce,Hughes Atwood & Mullaly pllc,US,Business Services,2026-07-15,http://z3wqggtxft7id3ibr7srivv5gjof5fwg76slewnzwwakjuf3nlhukdid.onion/blog/?post_uuid=a6b51e12-3d64-4267-a3b7-697c95a787b4,listed,,,,,,no
dragonforce,Shillen Mackall & Seldon,US,Business Services,2026-07-15,http://z3wqggtxft7id3ibr7srivv5gjof5fwg76slewnzwwakjuf3nlhukdid.onion/blog/?post_uuid=44f4c161-ceec-4599-8f03-6eea8c4e4ea7,listed,,,,,,no
dragonforce,Stephens Precision,US,Manufacturing,2026-07-15,http://z3wqggtxft7id3ibr7srivv5gjof5fwg76slewnzwwakjuf3nlhukdid.onion/blog/?post_uuid=a388f700-9866-41dd-876a-e0df581209a7,listed,,,,,,no
booba project,Jani-King,US,Business Services,2026-07-15,,listed,,,,,,no
pear,Carient Heart & Vascular,US,Healthcare,2026-07-15,http://pearsmob5sn44ismokiusuld34pnfwi6ctgin3qbvonpoob4lh3rmtqd.onion/Companies/carient,listed,,3.4 Tb,,published,http://peargxn3oki34c4savcbcfqofjjwjnnyrlrbszfv6ujlx36mhrh57did.onion,yes
pear,"South Plains Rural Health Services, Inc.",US,Healthcare,2026-07-15,http://pearsmob5sn44ismokiusuld34pnfwi6ctgin3qbvonpoob4lh3rmtqd.onion/Companies/sprhs,listed,,1.4 Tb,,published,http://peargxn3oki34c4savcbcfqofjjwjnnyrlrbszfv6ujlx36mhrh57did.onion,yes
ailock,"Nihon Kotsu Co., Ltd.",JP,Transportation/Logistics,2026-07-15,http://dhnsppqjaaa22lsqxl2tfhji4ca43743kubltnodvsft3hkvai77p6ad.onion,listed,,"2.9Tb contain about 8,000 driver's licenses",,published,http://dhnsppqjaaa22lsqxl2tfhji4ca43743kubltnodvsft3hkvai77p6ad.onion,yes
ailock,Solid Advance Inc.,JP,Business Services,2026-07-15,http://dhnsppqjaaa22lsqxl2tfhji4ca43743kubltnodvsft3hkvai77p6ad.onion,listed,,1.3Tb uncompressed data,,published,http://dhnsppqjaaa22lsqxl2tfhji4ca43743kubltnodvsft3hkvai77p6ad.onion,yes
ailock,Ferrovial,ES,Construction,2026-07-15,http://dhnsppqjaaa22lsqxl2tfhji4ca43743kubltnodvsft3hkvai77p6ad.onion,listed,,205Gb uncompressed data,,published,http://dhnsppqjaaa22lsqxl2tfhji4ca43743kubltnodvsft3hkvai77p6ad.onion,yes
qilin,Feliubadaló,ES,,2026-07-15,http://ijzn3sicrcy7guixkzjkib4ukbiilwc3xhnmby4mcbccnsd7j2rekvqd.onion/site/blog?uuid=cd9a8829-4c6d-4835-82c5-58dedb507d9a,listed,,,,,,no
qilin,Levin Furniture,US,Consumer Services,2026-07-15,http://ijzn3sicrcy7guixkzjkib4ukbiilwc3xhnmby4mcbccnsd7j2rekvqd.onion/site/blog?uuid=21fe1d79-9687-4b3e-8646-659c19380a51,listed,,,,,,no
securotrop,ProDirectional Drilling,US,Energy,2026-07-15,http://securo45z554mw7rgrt7wcgv5eenj2xmxyrsdj3fcjsvindu63s4bsid.onion,listed,,4329 GB,,published,http://securo45z554mw7rgrt7wcgv5eenj2xmxyrsdj3fcjsvindu63s4bsid.onion,yes
shinyhunters,Abbott owned Exact Sciences Corporation,US,Healthcare,2026-07-15,http://shnyhntww34phqoa6dcgnvps2yu7dlwzmy5lkvejwjdo6z7bmgshzayd.onion,listed,,,,,,no
coinbasecartel,Axiom GlobalNEW,US,,2026-07-14,http://fjg4zi4opkxkvdz7mvwp7h6goe4tcby3hhkrz43pht4j3vakhy75znyd.onion/companies/axiom,listed,,,,,,no
chaos,sleemanbreweries.ca,CA,Agriculture and Food Production,2026-07-14,http://hptqq2o2qjva7lcaaq67w36jihzivkaitkexorauw7b2yul2z6zozpqd.onion/post/R0byD7G28XKZ01jkwCt9ZUgufBzfVnTA,listed,,,,,,no
chaos,spectrumchemical.com,US,Manufacturing,2026-07-14,http://hptqq2o2qjva7lcaaq67w36jihzivkaitkexorauw7b2yul2z6zozpqd.onion/post/l1eZXDggILANKP6kfYVDTjB2UsUTtnju,listed,,,,,,no
arcusmedia,Perpustam,MY,,2026-07-14,http://arcuufpr5xxbbkin4mlidt7itmr6znlppk63jbtkeguuhszmc5g7qdyd.onion/?p=734,listed,,,,published,http://arcuufpr5xxbbkin4mlidt7itmr6znlppk63jbtkeguuhszmc5g7qdyd.onion,yes
arcusmedia,gemese.pt,PT,,2026-07-14,http://arcuufpr5xxbbkin4mlidt7itmr6znlppk63jbtkeguuhszmc5g7qdyd.onion/?p=748,listed,,,,published,http://arcuufpr5xxbbkin4mlidt7itmr6znlppk63jbtkeguuhszmc5g7qdyd.onion,yes
arcusmedia,Distribox,FR,Transportation/Logistics,2026-07-14,http://arcuufpr5xxbbkin4mlidt7itmr6znlppk63jbtkeguuhszmc5g7qdyd.onion/?p=745,listed,,,,published,http://arcuufpr5xxbbkin4mlidt7itmr6znlppk63jbtkeguuhszmc5g7qdyd.onion,yes
arcusmedia,Be Travel,ZA,Hospitality and Tourism,2026-07-14,http://arcuufpr5xxbbkin4mlidt7itmr6znlppk63jbtkeguuhszmc5g7qdyd.onion/?p=751,listed,,,,published,http://arcuufpr5xxbbkin4mlidt7itmr6znlppk63jbtkeguuhszmc5g7qdyd.onion,yes
arcusmedia,COREBI(NowVertical),CA,Technology,2026-07-14,http://arcuufpr5xxbbkin4mlidt7itmr6znlppk63jbtkeguuhszmc5g7qdyd.onion/?p=741,listed,,,,published,http://arcuufpr5xxbbkin4mlidt7itmr6znlppk63jbtkeguuhszmc5g7qdyd.onion,yes
arcusmedia,I-FITNESS,NG,Consumer Services,2026-07-14,http://arcuufpr5xxbbkin4mlidt7itmr6znlppk63jbtkeguuhszmc5g7qdyd.onion/?p=726,listed,,,,published,http://arcuufpr5xxbbkin4mlidt7itmr6znlppk63jbtkeguuhszmc5g7qdyd.onion,yes
qilin,THL,FI,,2026-07-14,http://ijzn3sicrcy7guixkzjkib4ukbiilwc3xhnmby4mcbccnsd7j2rekvqd.onion/site/blog?uuid=725b3a94-7ea7-46f1-bba6-64aebadbe876,listed,,,,,,no
nightspire,Cedar Crest College,US,Education,2026-07-14,http://nspireyzmvapgiwgtuoznlafqvlyz7ey6himtgn5bdvdcowfyto3yryd.onion,listed,,,,,,no
incransom,Golden Glasko & Associates,US,Business Services,2026-07-14,http://incblog6qu4y4mm4zvw5nrmue6qbwtgjsxpw6b7ixzssu36tsajldoad.onion/blog/disclosures/6a5681a95ae71db30c45deb5,listed,,,,,,no
incransom,VantagePoint Management & Autoclear,US,Financial Services,2026-07-14,http://incblog6qu4y4mm4zvw5nrmue6qbwtgjsxpw6b7ixzssu36tsajldoad.onion/blog/disclosures/6a56788b5ae71db30c45116e,listed,,,,,,no
payoutsking,Casta Diva Group,IT,Hospitality and Tourism,2026-07-14,http://payoutsgn7cy6uliwevdqspncjpfxpmzgirwl2au65la7rfs5x3qnbqd.onion/Ghh1t9-zeeZC2-8uGNVt-k3o28w-aUjPKj,listed,,,,,,no
chaos,aphenapharma.com,US,Healthcare,2026-07-14,http://hptqq2o2qjva7lcaaq67w36jihzivkaitkexorauw7b2yul2z6zozpqd.onion/post/chSvrDZ6H4X7x4CIf4EweWaLEPLccdzH,listed,,,,,,no
dragonforce,Edison Global Networks Limited,GB,Telecommunication,2026-07-14,http://z3wqggtxft7id3ibr7srivv5gjof5fwg76slewnzwwakjuf3nlhukdid.onion/blog/?post_uuid=dc4e608f-e9fc-48c8-93f9-d4fd52dadbec,listed,,,,,,no
dragonforce,SITAV SpA,IT,Manufacturing,2026-07-14,http://z3wqggtxft7id3ibr7srivv5gjof5fwg76slewnzwwakjuf3nlhukdid.onion/blog/?post_uuid=639ab14a-fdcd-4e32-be98-d16c626fbebe,listed,,,,,,no
dragonforce,Graphic International Centre,,Business Services,2026-07-14,http://z3wqggtxft7id3ibr7srivv5gjof5fwg76slewnzwwakjuf3nlhukdid.onion/blog/?post_uuid=7b04f500-495d-40dc-b4af-4755255b146b,listed,,,,,,no
dragonforce,Road Ahead Technologies Consultant,CN,Business Services,2026-07-14,http://z3wqggtxft7id3ibr7srivv5gjof5fwg76slewnzwwakjuf3nlhukdid.onion/blog/?post_uuid=59b86793-648f-4822-8c06-61485a57ac1a,listed,,,,,,no
blacknevas,Arkın Group,TR,Construction,2026-07-14,http://ctyfftrjgtwdjzlgqh4avbd35sqrs6tde4oyam2ufbjch6oqpqtkdtid.onion/281c9c40-9afe-413a-af7e-9cf7c3fdf3c0,listed,,,,,,no
dragonforce,Intron Technology Holdings,TW,Technology,2026-07-14,http://z3wqggtxft7id3ibr7srivv5gjof5fwg76slewnzwwakjuf3nlhukdid.onion/blog/?post_uuid=8d68afdb-9f29-4d4a-941d-3a312b899536,listed,,,,,,no
dragonforce,Atcom,CN,Telecommunication,2026-07-14,http://z3wqggtxft7id3ibr7srivv5gjof5fwg76slewnzwwakjuf3nlhukdid.onion/blog/?post_uuid=e14ea058-9e63-4d6e-b0c2-2b6baf9065c2,listed,,,,,,no
dragonforce,Midal Cables,AE,Manufacturing,2026-07-14,http://z3wqggtxft7id3ibr7srivv5gjof5fwg76slewnzwwakjuf3nlhukdid.onion/blog/?post_uuid=1cca878f-d73a-45df-bc04-d0413369432a,listed,,,,,,no
dragonforce,Omax Autos,IN,Manufacturing,2026-07-14,http://z3wqggtxft7id3ibr7srivv5gjof5fwg76slewnzwwakjuf3nlhukdid.onion/blog/?post_uuid=e97e4acb-8587-423d-afa3-e4dc8fdb22dd,listed,,,,,,no
dragonforce,Ifage,CH,,2026-07-14,http://z3wqggtxft7id3ibr7srivv5gjof5fwg76slewnzwwakjuf3nlhukdid.onion/blog/?post_uuid=81b39124-4df9-4825-b410-581d859de945,listed,,,,,,no
ailock,WBF Construction,,Construction,2026-07-14,http://dhnsppqjaaa22lsqxl2tfhji4ca43743kubltnodvsft3hkvai77p6ad.onion,listed,,,,published,http://dhnsppqjaaa22lsqxl2tfhji4ca43743kubltnodvsft3hkvai77p6ad.onion,yes
blacknevas,L'azurde,SA,Consumer Services,2026-07-14,http://ctyfftrjgtwdjzlgqh4avbd35sqrs6tde4oyam2ufbjch6oqpqtkdtid.onion/10f9693f-9d25-4de6-8941-411cfe9f3020,listed,,,,,,no
dragonforce,asimar.com,MX,,2026-07-14,http://z3wqggtxft7id3ibr7srivv5gjof5fwg76slewnzwwakjuf3nlhukdid.onion/blog/?post_uuid=927c723b-c1df-46f6-953a-9f8505bcc6e2,listed,,,,,,no
cmdorganization,Target Energy Solutions,US,Energy,2026-07-14,http://cmdnkiqjije2tllr3biee2sjgj3i4robg2cbtilbnytdhh2wy3syrlyd.onion,listed,,,,,,no
qilin,Sedemi,MX,,2026-07-14,http://ijzn3sicrcy7guixkzjkib4ukbiilwc3xhnmby4mcbccnsd7j2rekvqd.onion/site/blog?uuid=44c613b3-9f46-4e31-a76b-0af290178914,listed,,,,,,no
dragonforce,momenta.cn,CN,Technology,2026-07-14,http://z3wqggtxft7id3ibr7srivv5gjof5fwg76slewnzwwakjuf3nlhukdid.onion/blog/?post_uuid=3880d2b3-a7c4-473b-9407-bc9147cd9b63,listed,,,,,,no
qilin,Counts & Dobyns,US,Business Services,2026-07-13,http://ijzn3sicrcy7guixkzjkib4ukbiilwc3xhnmby4mcbccnsd7j2rekvqd.onion/site/blog?uuid=b473596d-9864-4a3e-b518-848362cbcb4f,listed,,,,,,no
qilin,Centro Científico e Cultural de Macau,PT,Education,2026-07-13,http://ijzn3sicrcy7guixkzjkib4ukbiilwc3xhnmby4mcbccnsd7j2rekvqd.onion/site/blog?uuid=0ed24c43-1ad9-440f-acb4-4e2703aa4523,listed,,,,,,no
qilin,Jakub A.S.,CZ,,2026-07-13,http://ijzn3sicrcy7guixkzjkib4ukbiilwc3xhnmby4mcbccnsd7j2rekvqd.onion/site/blog?uuid=95e521da-d152-4254-b3a5-d5446ff557c0,listed,,,,,,no
qilin,Cemoi,FR,Agriculture and Food Production,2026-07-13,http://ijzn3sicrcy7guixkzjkib4ukbiilwc3xhnmby4mcbccnsd7j2rekvqd.onion/site/blog?uuid=e8b95ada-bcb2-4c2b-b537-2f74f12972bd,listed,,,,,,no
qilin,Busscar de Colombia,CO,Transportation/Logistics,2026-07-13,http://ijzn3sicrcy7guixkzjkib4ukbiilwc3xhnmby4mcbccnsd7j2rekvqd.onion/site/blog?uuid=739597b2-88ff-44af-aa22-97024c934e43,listed,,,,,,no
titan,DataOstrov s.r.o.,CZ,Technology,2026-07-13,http://x4bccxlsmjsxlnnf3ocvndlshgfkagzytpqmsjnlfykceumnw6i4hkqd.onion/awaiting/post/dataostrov-s-r-o-ix0hs6pn4s,listed,,,,,,no
titan,Ozmit s.r.o.,CZ,,2026-07-13,http://x4bccxlsmjsxlnnf3ocvndlshgfkagzytpqmsjnlfykceumnw6i4hkqd.onion/awaiting/post/ozmit-s-r-o-ixx3ihniik,listed,,,,,,no
titan,Cooperate consulting CZ s.r.o.,CZ,Business Services,2026-07-13,http://x4bccxlsmjsxlnnf3ocvndlshgfkagzytpqmsjnlfykceumnw6i4hkqd.onion/awaiting/post/cooperate-consulting-cz-s-r-o-ix05ayj8k5,listed,,,,,,no
qilin,Hillebrand Home Health,US,Healthcare,2026-07-13,http://ijzn3sicrcy7guixkzjkib4ukbiilwc3xhnmby4mcbccnsd7j2rekvqd.onion/site/blog?uuid=8e67cc56-c717-453f-b94c-f1a6b99766a7,listed,,,,,,no
qilin,URH Hoteliers,ES,Hospitality and Tourism,2026-07-13,http://ijzn3sicrcy7guixkzjkib4ukbiilwc3xhnmby4mcbccnsd7j2rekvqd.onion/site/blog?uuid=184d06d6-c5b8-4ac9-82f0-b7febaf5eb0f,listed,,,,,,no
qilin,"TitanTV, Inc.",US,Technology,2026-07-13,http://ijzn3sicrcy7guixkzjkib4ukbiilwc3xhnmby4mcbccnsd7j2rekvqd.onion/site/blog?uuid=bc461bc1-70b4-4976-b6e6-6c0c4bf8cc8e,listed,,,,,,no
safepay,shuttlemeadowcc.com,US,Consumer Services,2026-07-13,http://safepaypfxntwixwjrlcscft433ggemlhgkkdupi2ynhtcmvdgubmoyd.onion/blog/post/shuttlemeadowcccom/,listed,,,,,,no
dragonforce,Northeast Rescue Systems,US,Business Services,2026-07-13,http://z3wqggtxft7id3ibr7srivv5gjof5fwg76slewnzwwakjuf3nlhukdid.onion/blog/?post_uuid=872e1a75-79c6-4adf-b533-bc796676b244,listed,,,,,,no
nightspire,Webosphere,IN,Technology,2026-07-13,http://nspireyzmvapgiwgtuoznlafqvlyz7ey6himtgn5bdvdcowfyto3yryd.onion,listed,,,,,,no
dragonforce,Nicholson y Cano Abogados,AR,Business Services,2026-07-13,http://z3wqggtxft7id3ibr7srivv5gjof5fwg76slewnzwwakjuf3nlhukdid.onion/blog/?post_uuid=dde8ad3c-5650-48f2-bd90-cb786567b52b,listed,,,,,,no
akira,Transworld Signs,CA,Business Services,2026-07-13,http://akiralkzxzq2dsrzsrvbr2xgbbu2wgsmxryd4csgfameg52n7efvr2id.onion,listed,,,,,,no
akira,Ironmark,US,Business Services,2026-07-13,http://akiralkzxzq2dsrzsrvbr2xgbbu2wgsmxryd4csgfameg52n7efvr2id.onion,listed,,,,,,no
spacebears,Techpol-System,PL,Technology,2026-07-13,http://5butbkrljkaorg5maepuca25oma7eiwo6a2rlhvkblb4v6mf3ki2ovid.onion/companies/59/techpol-system,listed,,,,published,http://5butbkrljkaorg5maepuca25oma7eiwo6a2rlhvkblb4v6mf3ki2ovid.onion,yes
spacebears,Turbosoft,CM,Technology,2026-07-13,http://5butbkrljkaorg5maepuca25oma7eiwo6a2rlhvkblb4v6mf3ki2ovid.onion/companies/58/turbosoft,listed,,,,published,http://5butbkrljkaorg5maepuca25oma7eiwo6a2rlhvkblb4v6mf3ki2ovid.onion,yes
d1r,Bosch,DE,Manufacturing,2026-07-13,,listed,,,,,,no
d1r,ARM,GB,Technology,2026-07-13,,listed,,,,,,no
d1r,Synopsys,US,Technology,2026-07-13,,listed,,,,,,no
pear,Faro Products Inc.,CA,Manufacturing,2026-07-13,http://pearsmob5sn44ismokiusuld34pnfwi6ctgin3qbvonpoob4lh3rmtqd.onion/Companies/faroproducts,listed,,2.1 Tb,,published,http://peargxn3oki34c4savcbcfqofjjwjnnyrlrbszfv6ujlx36mhrh57did.onion,yes
dragonforce,degeremcia.com,TR,,2026-07-13,http://z3wqggtxft7id3ibr7srivv5gjof5fwg76slewnzwwakjuf3nlhukdid.onion/blog/?post_uuid=f23e19db-7e99-4185-9673-3ef7cf7a8c17,listed,,,,,,no
dragonforce,www.twtci.com Trans World Trading,PH,Business Services,2026-07-13,http://z3wqggtxft7id3ibr7srivv5gjof5fwg76slewnzwwakjuf3nlhukdid.onion/blog/?post_uuid=45c18967-51db-4181-97c5-6a0d59ab1122,listed,,,,,,no
cmdorganization,Els for Autism,US,Healthcare,2026-07-12,http://cmdnkiqjije2tllr3biee2sjgj3i4robg2cbtilbnytdhh2wy3syrlyd.onion,listed,,,,,,no
anubis,Casper Orthopedics,US,Healthcare,2026-07-12,http://om6q4a6cyipxvt7ioudxt24cw4oqu4yodmqzl25mqd2hgllymrgu4aqd.onion/r/ydEfQm1BMSZSgr32xb3SQldY95kAENrabpvZWAB6C+3+LuVguGp5ux8ZvmSXzbRKaban7I5r07hjF11p3Xt90V1NGp4ZHdV,listed,,117 GB,,published,http://anubisyfkh5rixydjpoo3jqucauajz2juybrbtuglcppjj2y3eg3y6ad.onion,yes
anubis,Surtifamiliar,CO,,2026-07-12,http://om6q4a6cyipxvt7ioudxt24cw4oqu4yodmqzl25mqd2hgllymrgu4aqd.onion/r/Dr7VhVFOMK1k2+qnI9jF0gDOJlR0NJq8kdZ4KX5xPANO9NEajFOqWDiv0uo0ZIzxEU+X8zkXyy6Sus+P5IxfUQ5Ym5uY3kw,listed,,102 GB,,published,http://anubisyfkh5rixydjpoo3jqucauajz2juybrbtuglcppjj2y3eg3y6ad.onion,yes
anubis,Community Advocates,,Business Services,2026-07-12,http://om6q4a6cyipxvt7ioudxt24cw4oqu4yodmqzl25mqd2hgllymrgu4aqd.onion/r/fy1PXgixthOWCOyIB32fCD4KDmveBj2e697E1+YNBsiXeOOnVvYwMohSmHuq+DnGIZDsOM5rEKOumoiGxqRbWQzd0JPQlRa,listed,,263 GB,,published,http://anubisyfkh5rixydjpoo3jqucauajz2juybrbtuglcppjj2y3eg3y6ad.onion,yes
deadlock,Aldaco Avance 2022 S.L.,ES,Business Services,2026-07-12,,listed,,,,,,no
dragonforce,Al - Saidi Factory,SA,Manufacturing,2026-07-12,http://z3wqggtxft7id3ibr7srivv5gjof5fwg76slewnzwwakjuf3nlhukdid.onion/blog/?post_uuid=7dc6bb41-0cc2-4c0a-8b60-dffc1a57317a,listed,,,,,,no
dragonforce,STEP Oiltools,RO,Energy,2026-07-12,http://z3wqggtxft7id3ibr7srivv5gjof5fwg76slewnzwwakjuf3nlhukdid.onion/blog/?post_uuid=2aedf0cd-9031-4333-aa3b-3b775041d7d3,listed,,,,,,no
m3rx,eclective.ie,IE,,2026-07-12,http://4k6plf4h2cm2nco6ae3inrsxnmqgl6lllmwefydhnlcq4tuhwbj4qpad.onion#eclective.ie,listed,,857 GB,,published,http://4k6plf4h2cm2nco6ae3inrsxnmqgl6lllmwefydhnlcq4tuhwbj4qpad.onion,yes
m3rx,foreconinc.com,US,Business Services,2026-07-12,http://4k6plf4h2cm2nco6ae3inrsxnmqgl6lllmwefydhnlcq4tuhwbj4qpad.onion#foreconinc.com,listed,,860 Gb,,published,http://4k6plf4h2cm2nco6ae3inrsxnmqgl6lllmwefydhnlcq4tuhwbj4qpad.onion,yes
m3rx,wrtworld.com,US,Business Services,2026-07-12,http://4k6plf4h2cm2nco6ae3inrsxnmqgl6lllmwefydhnlcq4tuhwbj4qpad.onion#wrtworld.com,listed,,,,,,no
titan,Cooperate service CZ s.r.o.,CZ,Business Services,2026-07-12,http://x4bccxlsmjsxlnnf3ocvndlshgfkagzytpqmsjnlfykceumnw6i4hkqd.onion/awaiting/post/and-other-company-heads-ixu0o85yt7,listed,,,,,,no
titan,Eureka Construction INC,US,Construction,2026-07-12,http://x4bccxlsmjsxlnnf3ocvndlshgfkagzytpqmsjnlfykceumnw6i4hkqd.onion/awaiting/post/eureka-construction-inc-6mdwho3d0m,listed,,,,,,no
dragonforce,Access Equipment Hire,AU,Construction,2026-07-11,http://z3wqggtxft7id3ibr7srivv5gjof5fwg76slewnzwwakjuf3nlhukdid.onion/blog/?post_uuid=71752b28-6410-4be5-b260-ffa493fdc9d3,listed,,,,,,no
qilin,Century Equities,US,Financial Services,2026-07-11,http://ijzn3sicrcy7guixkzjkib4ukbiilwc3xhnmby4mcbccnsd7j2rekvqd.onion/site/blog?uuid=b004c1c5-0926-4073-8d0d-11a7f9167b2d,listed,,,,,,no
qilin,Retelit SpA PIVA,IT,Telecommunication,2026-07-11,http://ijzn3sicrcy7guixkzjkib4ukbiilwc3xhnmby4mcbccnsd7j2rekvqd.onion/site/blog?uuid=eb22c190-4265-4182-9698-7c5ca02d59b5,listed,,,,,,no
qilin,Carolina Agri-Power,US,Agriculture and Food Production,2026-07-11,http://ijzn3sicrcy7guixkzjkib4ukbiilwc3xhnmby4mcbccnsd7j2rekvqd.onion/site/blog?uuid=1f779231-53ef-41fe-9d57-1e865d24c8b5,listed,,,,,,no
qilin,Allied Plumbing & Heating,,Business Services,2026-07-11,http://ijzn3sicrcy7guixkzjkib4ukbiilwc3xhnmby4mcbccnsd7j2rekvqd.onion/site/blog?uuid=7717ad8a-e1ca-42e3-be5b-cceb307536f9,listed,,,,,,no
cmdorganization,Golden Star Resources,GH,Energy,2026-07-11,http://cmdnkiqjije2tllr3biee2sjgj3i4robg2cbtilbnytdhh2wy3syrlyd.onion,listed,,,,,,no
lockbit5,bancrofteng.com,GB,Construction,2026-07-11,http://lockbitapt67g6rwzjbcxnww5efpg4qok6vpfeth7wx3okj52ks4wtad.onion/post/dc3715d13352adf8455f2982103ba524,listed,,,,,,no
lockbit5,magna.com.do,DO,Business Services,2026-07-11,http://lockbitapt67g6rwzjbcxnww5efpg4qok6vpfeth7wx3okj52ks4wtad.onion/post/9f4328e94c49120e28afda8b50b175cb,listed,,,,,,no
lockbit5,giesdl.de,DE,,2026-07-11,http://lockbitapt67g6rwzjbcxnww5efpg4qok6vpfeth7wx3okj52ks4wtad.onion/post/2a0d4da126be1a4d9d821345ff86c149,listed,,,,,,no
lockbit5,jshotels.com,JO,Hospitality and Tourism,2026-07-11,http://lockbitapt67g6rwzjbcxnww5efpg4qok6vpfeth7wx3okj52ks4wtad.onion/post/cf32efcfa618164539bc6b31ab808ad0,listed,,,,,,no
lockbit5,hotel-bourse.com,FR,Hospitality and Tourism,2026-07-11,http://lockbitapt67g6rwzjbcxnww5efpg4qok6vpfeth7wx3okj52ks4wtad.onion/post/544543055e5460bb3c88ce84db3be14c,listed,,,,,,no
lockbit5,abianchini.es,ES,Business Services,2026-07-11,http://lockbitapt67g6rwzjbcxnww5efpg4qok6vpfeth7wx3okj52ks4wtad.onion/post/ecaf8ba2acfbd87757a9f0acd49a96c2,listed,,,,,,no
lockbit5,comtri.de,DE,Technology,2026-07-11,http://lockbitapt67g6rwzjbcxnww5efpg4qok6vpfeth7wx3okj52ks4wtad.onion/post/c8a098629aaa1fff48a13ccdda35bebf,listed,,,,,,no
lockbit5,mediaservicemaastricht.nl,NL,Consumer Services,2026-07-11,http://lockbitapt67g6rwzjbcxnww5efpg4qok6vpfeth7wx3okj52ks4wtad.onion/post/6d245a9e80b27b5487bd08addea1d455,listed,,,,,,no
lockbit5,ravagnan.com,IT,,2026-07-11,http://lockbitapt67g6rwzjbcxnww5efpg4qok6vpfeth7wx3okj52ks4wtad.onion/post/aa1f6476c0b263290c30db45909dba0c,listed,,,,,,no
thegentlemen,Royal Foods,AU,Agriculture and Food Production,2026-07-11,http://tezwsse5czllksjb7cwp65rvnk4oobmzti2znn42i43bjdfd2prqqkad.onion,listed,,,,,,no
thegentlemen,Ferretería Scopazzo,AR,Consumer Services,2026-07-11,http://tezwsse5czllksjb7cwp65rvnk4oobmzti2znn42i43bjdfd2prqqkad.onion,listed,,,,,,no
thegentlemen,Fortray,,,2026-07-11,http://tezwsse5czllksjb7cwp65rvnk4oobmzti2znn42i43bjdfd2prqqkad.onion,listed,,,,,,no
thegentlemen,Martin Cava,ES,Consumer Services,2026-07-11,http://tezwsse5czllksjb7cwp65rvnk4oobmzti2znn42i43bjdfd2prqqkad.onion,listed,,,,,,no
thegentlemen,Aveiro Constructors Limited,PT,Construction,2026-07-11,http://tezwsse5czllksjb7cwp65rvnk4oobmzti2znn42i43bjdfd2prqqkad.onion,listed,,,,,,no
thegentlemen,Triquesta,MX,,2026-07-11,http://tezwsse5czllksjb7cwp65rvnk4oobmzti2znn42i43bjdfd2prqqkad.onion,listed,,,,,,no
thegentlemen,Vicenzi Group,IT,Agriculture and Food Production,2026-07-11,http://tezwsse5czllksjb7cwp65rvnk4oobmzti2znn42i43bjdfd2prqqkad.onion,listed,,,,,,no
thegentlemen,Energon,CZ,Energy,2026-07-11,http://tezwsse5czllksjb7cwp65rvnk4oobmzti2znn42i43bjdfd2prqqkad.onion,listed,,,,,,no
thegentlemen,Open Options,IE,Business Services,2026-07-11,http://tezwsse5czllksjb7cwp65rvnk4oobmzti2znn42i43bjdfd2prqqkad.onion,listed,,,,,,no
thegentlemen,INTERNET AG,DE,Technology,2026-07-11,http://tezwsse5czllksjb7cwp65rvnk4oobmzti2znn42i43bjdfd2prqqkad.onion,listed,,,,,,no
thegentlemen,Crossroads Medical Management,US,Healthcare,2026-07-11,http://tezwsse5czllksjb7cwp65rvnk4oobmzti2znn42i43bjdfd2prqqkad.onion,listed,,,,,,no
thegentlemen,Pharma Wholesale,US,Healthcare,2026-07-11,http://tezwsse5czllksjb7cwp65rvnk4oobmzti2znn42i43bjdfd2prqqkad.onion,listed,,,,,,no
thegentlemen,Welders Supply Equipment Rentals,US,Construction,2026-07-11,http://tezwsse5czllksjb7cwp65rvnk4oobmzti2znn42i43bjdfd2prqqkad.onion,listed,,,,,,no
thegentlemen,VASBE,RU,Business Services,2026-07-11,http://tezwsse5czllksjb7cwp65rvnk4oobmzti2znn42i43bjdfd2prqqkad.onion,listed,,,,,,no
thegentlemen,Gene Codes Forensics,US,Healthcare,2026-07-11,http://tezwsse5czllksjb7cwp65rvnk4oobmzti2znn42i43bjdfd2prqqkad.onion,listed,,,,,,no
thegentlemen,Lopes Law,US,Business Services,2026-07-11,http://tezwsse5czllksjb7cwp65rvnk4oobmzti2znn42i43bjdfd2prqqkad.onion,listed,,,,,,no
thegentlemen,Carita,FR,,2026-07-11,http://tezwsse5czllksjb7cwp65rvnk4oobmzti2znn42i43bjdfd2prqqkad.onion,listed,,,,,,no
thegentlemen,BDO Greece,GR,Business Services,2026-07-11,http://tezwsse5czllksjb7cwp65rvnk4oobmzti2znn42i43bjdfd2prqqkad.onion,listed,,,,,,no
thegentlemen,Dash Door Glass,US,Manufacturing,2026-07-11,http://tezwsse5czllksjb7cwp65rvnk4oobmzti2znn42i43bjdfd2prqqkad.onion,listed,,,,,,no
dragonforce,The Schuett Companies,US,Construction,2026-07-10,http://z3wqggtxft7id3ibr7srivv5gjof5fwg76slewnzwwakjuf3nlhukdid.onion/blog/?post_uuid=d08d0ea2-3184-4606-8198-38fd270460a4,listed,,,,,,no
qilin,Eurodefi,MA,Financial Services,2026-07-10,http://ijzn3sicrcy7guixkzjkib4ukbiilwc3xhnmby4mcbccnsd7j2rekvqd.onion/site/blog?uuid=63fc378c-2a9e-4383-82fd-e8075df9a758,listed,,,,,,no
interlock,Borger ISD,US,Education,2026-07-10,http://t26owzk2773mecpebt4l2eztx6lvn5642fn7annaynq7vwvb6wonkrid.onion/index.php?p=,listed,,330 GB,,published,http://ebhmkoohccl45qesdbvrjqtyro2hmhkmh6vkyfyjjzfllm3ix72aqaid.onion/leaks.php,yes
akira,Vandalia Rental,US,Consumer Services,2026-07-10,http://akiral2iz6a7qgd3ayp3l6yub7xx2uep76idk3u2kollpj5z3z636bad.onion,listed,,,,,,no
qilin,Hilo,CO,,2026-07-10,http://ijzn3sicrcy7guixkzjkib4ukbiilwc3xhnmby4mcbccnsd7j2rekvqd.onion/site/blog?uuid=4e31bd9a-f323-46b7-8f7e-7da304924083,listed,,,,,,no
qilin,Promotora Zacapu,MX,Agriculture and Food Production,2026-07-10,http://ijzn3sicrcy7guixkzjkib4ukbiilwc3xhnmby4mcbccnsd7j2rekvqd.onion/site/blog?uuid=e5e2fa00-1d2c-4921-bc64-005bac006c8f,listed,,,,,,no
qilin,Navana Real Estate,AE,,2026-07-10,http://ijzn3sicrcy7guixkzjkib4ukbiilwc3xhnmby4mcbccnsd7j2rekvqd.onion/site/blog?uuid=9acf3fe5-90ad-4918-93fc-4988ca91df8a,listed,,,,,,no
deadlock,Catcorp,,,2026-07-10,,listed,,,,,,no
deadlock,Weinberg ''93 Építő Kft.,HU,Construction,2026-07-10,http://deadblogdbdu5wprek7wa2o4ce7rnt6u6ntqeud3hzjjcveosgpsqqqd.onion/s3.php?d=d2FzYWJpOndlaW5iZXJnLmh1fGV1LWNlbnRyYWwtMXxBWkg0WUIzNTkxNExCREpFS0tKQnxFekw0emNQbUZLdXU3YXI3dzVmWmUzenBFMHZlOE5ET1JucHpCYVBB,listed,,,,,,no
deadlock,The Morton Grove Park District,US,Public Sector,2026-07-10,https://www.swisstransfer.com/d/756b97e0-6273-42e6-9cb0-9c78a9557b67,listed,,,,,,no
deadlock,LA SEVILLANITA SRL,AR,Agriculture and Food Production,2026-07-10,https://www.swisstransfer.com/d/043e392a-5172-4fa4-b171-aeb6476ca2cf,listed,,,,,,no
deadlock,"Schlenker and Cantwell, P.A.",US,Business Services,2026-07-10,https://www.swisstransfer.com/d/2b6a6392-78d5-4ccc-9020-e1729ab0de34,listed,,,,,,no
deadlock,WiBeats S.r.l.,IT,Technology,2026-07-10,https://www.swisstransfer.com/d/76ec6bcf-c188-45da-8f4e-1bff04283c4b,listed,,,,,,no
deadlock,Grupo Vanguardia,MX,,2026-07-10,https://www.swisstransfer.com/d/5cef915e-9de4-4e46-ab3e-61aa2fb557f5,listed,,,,,,no
deadlock,WH Müller,DE,Manufacturing,2026-07-10,https://www.swisstransfer.com/d/82bede2b-0f53-4644-9801-6a68a1c4a605,listed,,,,,,no
deadlock,DOCTUS USA Inc,US,Healthcare,2026-07-10,https://www.swisstransfer.com/d/16533b83-d9f6-4717-abe3-8adb93f7b763,listed,,,,,,no
deadlock,ACU - The Automobile Club of Uruguay,UY,Transportation/Logistics,2026-07-10,https://www.swisstransfer.com/d/c9ee9250-6619-434c-bacc-42cde16c23f7,listed,,,,,,no
deadlock,CIATI,AR,,2026-07-10,https://www.swisstransfer.com/d/a20d7345-4d52-4ba5-8ad2-167f83e369cb,listed,,,,,,no
deadlock,Quetzal Química,MX,Manufacturing,2026-07-10,https://www.swisstransfer.com/d/35e907c3-0f63-41ff-b05a-bc5ca66cbcac,listed,,,,,,no
deadlock,Abhay Prabhavana,IN,,2026-07-10,https://www.swisstransfer.com/d/c50492b5-6a85-4010-aad3-19065af74ffe,listed,,,,,,no
deadlock,Güven Mühendislik Makina,TR,Manufacturing,2026-07-10,https://www.swisstransfer.com/d/4d566f56-112b-4ae5-bc14-af224bba2b37,listed,,,,,,no
deadlock,"3Gi Solutions, is an IT Services Provider located in Montreal, Quebec.",CA,Business Services,2026-07-10,https://www.swisstransfer.com/d/fab08dc1-66b7-4814-91b6-0ddb60e7ebc2,listed,,,,,,no
deadlock,Werken Química Brasil S.A.,BR,Manufacturing,2026-07-10,https://www.swisstransfer.com/d/44d7f179-1705-48b8-a021-7b684a75e456,listed,,,,,,no
deadlock,Židlochovice city,CZ,Public Sector,2026-07-10,http://deadblogdbdu5wprek7wa2o4ce7rnt6u6ntqeud3hzjjcveosgpsqqqd.onion/s3.php?d=d2FzYWJpOnppZGxvY2hvdmljZS5jenxldS1jZW50cmFsLTF8QjJPVElQV01GWlRWUkNHQjJNMDF8VnEybFhGdldXU053aVMyVmlhYlR1WHpzVldYakxIQkJaNlZCTHBxcQ%3D%3D,listed,,,,,,no
deadlock,BARCELONA URBAN PROPERTY CHAMBER,ES,Business Services,2026-07-10,https://www.swisstransfer.com/d/523846d5-06be-46c5-b15a-6771d7295d4f,listed,,,,,,no
deadlock,Optimal Care SA,AR,Healthcare,2026-07-10,https://www.swisstransfer.com/d/94976cb7-b0f4-4872-9712-509f5d440e14,listed,,,,,,no
deadlock,"Anidaport - Investimentos Imobiliários Lda., Lisbon, Portugal",PT,Financial Services,2026-07-10,https://www.swisstransfer.com/d/3db54998-e982-44d4-b75c-cb5dc67dc0ef,listed,,,,,,no
deadlock,LIVISTO,PL,,2026-07-10,https://www.swisstransfer.com/d/bcc0cf80-bb73-44f4-8eee-ae4f69a68564,listed,,,,,,no
deadlock,Industrie Tecnologiche it,IT,Technology,2026-07-10,https://www.swisstransfer.com/d/42a11be4-f662-49a4-8a65-3eaca7820111,listed,,,,,,no
deadlock,VBW Makelaars and Taxateurs,NL,Business Services,2026-07-10,http://deadblogdbdu5wprek7wa2o4ce7rnt6u6ntqeud3hzjjcveosgpsqqqd.onion/s3.php?d=d2FzYWJpOnZidy5ubHxldS1jZW50cmFsLTF8VDlWU0ZVQUg2VFJMVlhJQjNDRlp8OUFNanZJV0JveUI2eTRGTnJ0VzRIQ1RpUm9Zejl3T0tDblhnQm1OWg%3D%3D,listed,,,,,,no
deadlock,Eko-Flor Plus d.o.o.,HR,Agriculture and Food Production,2026-07-10,http://deadblogdbdu5wprek7wa2o4ce7rnt6u6ntqeud3hzjjcveosgpsqqqd.onion/s3.php?d=d2FzYWJpOmVrb2Zsb3IuaHJ8ZXUtY2VudHJhbC0xfFQ5VlNGVUFINlRSTFZYSUIzQ0ZafDlBTWp2SVdCb3lCNnk0Rk5ydFc0SENUaVJvWXo5d09LQ25YZ0JtTlo%3D,listed,,,,,,no
deadlock,Zaffrani Srl,IT,Business Services,2026-07-10,https://www.swisstransfer.com/d/229202ff-b928-4ed3-b01b-e052e87174d9,listed,,,,,,no
deadlock,Grupo Mercurio,MX,Business Services,2026-07-10,https://www.swisstransfer.com/d/ad48b2b9-d9c0-4e4e-94d9-8b0cacab345b,listed,,,,,,no
deadlock,Maxplast AND Senoco,TR,Manufacturing,2026-07-10,https://www.swisstransfer.com/d/662fed85-d93d-465d-9703-85222eed1f03,listed,,,,,,no
deadlock,Gerusia S.L.,ES,,2026-07-10,https://www.swisstransfer.com/d/60fedb3b-53b3-4fb0-adda-bd0c0304229a,listed,,,,,,no
deadlock,Elmoris,LT,,2026-07-10,https://www.swisstransfer.com/d/3b678bb0-0b34-402b-97ea-2a9caf1dcac1,listed,,,,,,no
deadlock,ONE Contact,SE,Business Services,2026-07-10,https://www.swisstransfer.com/d/2657865f-0bd7-4bcc-ab5a-537cdd53e63d,listed,,,,,,no
deadlock,Consulting Valladolid,ES,Business Services,2026-07-10,https://www.swisstransfer.com/d/8560fbfc-ef7d-4bb7-a2be-6ac8282ee321,listed,,,,,,no
deadlock,ADM Value Barcelona,ES,Agriculture and Food Production,2026-07-10,https://www.swisstransfer.com/d/cb5835e5-2da2-4063-a4f7-71fe0c70fe7b,listed,,,,,,no
deadlock,Ring Textile Production RTP SRL,,Manufacturing,2026-07-10,https://www.swisstransfer.com/d/73216a16-b9de-4688-9b00-ff223ac8d143,listed,,,,,,no
deadlock,Bombas Ideal,BR,Manufacturing,2026-07-10,https://www.swisstransfer.com/d/a8b2c240-5ec2-47b6-9090-13bd9f7614ec,listed,,,,,,no
deadlock,SH Hoteles (Spain),ES,Hospitality and Tourism,2026-07-10,https://www.swisstransfer.com/d/555aeaa9-5d97-413a-8032-07e569049e3f,listed,,,,,,no
deadlock,Bridgeport S.p.A.,IT,Manufacturing,2026-07-10,https://www.swisstransfer.com/d/2700afb0-1b0b-4dbc-b884-56c3a38ef4fb,listed,,,,,,no
deadlock,AKSV,DK,,2026-07-10,https://www.swisstransfer.com/d/1463342b-a9d2-4c1e-94c2-2789972fb9c4,listed,,,,,,no
deadlock,EFCA,DE,,2026-07-10,https://www.swisstransfer.com/d/b54a465d-df3d-4109-aaaf-a26bec535310,listed,,,,,,no
deadlock,Starconn,SG,,2026-07-10,https://www.swisstransfer.com/d/7930659e-b3bd-48d2-a57f-72e3f84a9f45,listed,,,,,,no
deadlock,Picassent,ES,Manufacturing,2026-07-10,http://deadblogdbdu5wprek7wa2o4ce7rnt6u6ntqeud3hzjjcveosgpsqqqd.onion/s3.php?d=d2FzYWJpOnBpY2Fzc2VudC5lc3xldS1jZW50cmFsLTF8VDlWU0ZVQUg2VFJMVlhJQjNDRlp8OUFNanZJV0JveUI2eTRGTnJ0VzRIQ1RpUm9Zejl3T0tDblhnQm1OWg%3D%3D,listed,,,,,,no
deadlock,UFL,PG,,2026-07-10,http://deadblogdbdu5wprek7wa2o4ce7rnt6u6ntqeud3hzjjcveosgpsqqqd.onion/s3.php?d=d2FzYWJpOnRlc3RidGVzdGJ8ZXUtd2VzdC0yfFM3VURJVDRZRkROSkdRM0FaVk9UfGc3UkZCbTFmTzhHZ1RnMER3ZzNlM1QzdzhQREFNRUZ1bHIwN3F0Uno%3D,listed,,,,,,no
deadlock,FIRESTA,CZ,,2026-07-10,http://deadblogdbdu5wprek7wa2o4ce7rnt6u6ntqeud3hzjjcveosgpsqqqd.onion/s3.php?d=d2FzYWJpOmZpcmVzdGEuY3p8ZXUtY2VudHJhbC0xfFQ5VlNGVUFINlRSTFZYSUIzQ0ZafDlBTWp2SVdCb3lCNnk0Rk5ydFc0SENUaVJvWXo5d09LQ25YZ0JtTlo%3D,listed,,,,,,no
deadlock,GEOPARTNER Sp. z o.o. and GEOPARTNER GEOMATICS Sp. z o.o.,PL,Business Services,2026-07-10,http://deadblogdbdu5wprek7wa2o4ce7rnt6u6ntqeud3hzjjcveosgpsqqqd.onion/s3.php?d=d2FzYWJpOmRhdGEtZ2VvcGFydG5lci5wbHxldS1jZW50cmFsLTF8QVJSNUdEVDMwUlZURFdMTjFaMU58UHJhVGhYWkc2VmZPNkVjZXR6RDczdUFJRmx6VWRxWjNzVGlhNGZ6MA%3D%3D,listed,,,,,,no
deadlock,JOSO,NO,,2026-07-10,http://deadblogdbdu5wprek7wa2o4ce7rnt6u6ntqeud3hzjjcveosgpsqqqd.onion/s3.php?d=d2FzYWJpOmRhdGEtam9zby5ub3xldS1jZW50cmFsLTJ8TU1MVjVVVVFPRERLNDhCRzIxTDd8ZThiMHpQbVlKbkc0ZW45SWRhNlk3czJuWHkyWkljRzd2YTVpSlo1OA%3D%3D,listed,,,,,,no
deadlock,Integra and Operosa,IT,Business Services,2026-07-10,http://deadblogdbdu5wprek7wa2o4ce7rnt6u6ntqeud3hzjjcveosgpsqqqd.onion/s3.php?d=d2FzYWJpOmRhdGEtb3Blcm9zYS5pdHxldS1jZW50cmFsLTF8REhYTDBRTTRVNklWRjlPSEo5VUV8QzlaUlFzUWFzem1JUVFGNld6T1dwekRhUHk4U1hTS2tlRHJ0ajM0Mg%3D%3D,listed,,,,,,no
deadlock,8.2 Group e.V.,DE,,2026-07-10,http://deadblogdbdu5wprek7wa2o4ce7rnt6u6ntqeud3hzjjcveosgpsqqqd.onion/s3.php?d=d2FzYWJpOjhwMi5kZXxldS1jZW50cmFsLTF8QzAxVFRVR1E4VTdMQ0pMM0NLVk18bFNUald1bE5rTGU0TzhjWFdxa0FyN044NGF5ODNsYmFvbVl1SmFmMg%3D%3D,listed,,,,,,no
deadlock,PB Sprinkler Engineering Sp. z o.o. and PLISZKA Fire Protection Engineering,PL,Business Services,2026-07-10,http://deadblogdbdu5wprek7wa2o4ce7rnt6u6ntqeud3hzjjcveosgpsqqqd.onion/s3.php?d=d2FzYWJpOmRhdGEtcGxpc3prYS5wbHxldS1jZW50cmFsLTF8QkQyNVdPUk5TNjNRMzRWQ0pMMzR8enVJZ0REUGE0NFJHMTU0Yzdoa3JjNlFmTHVUNkJjUU93amc0WUo3Tw%3D%3D,listed,,,,,,no
deadlock,SKK Networks Sp. z o.o. and UNICARD Systems Sp. z o. o. and SKK SA,PL,Business Services,2026-07-10,http://deadblogdbdu5wprek7wa2o4ce7rnt6u6ntqeud3hzjjcveosgpsqqqd.onion/s3.php?d=d2FzYWJpOmRhdGEtdW5pY2FyZC5wbHxldS1jZW50cmFsLTF8QkQyNVdPUk5TNjNRMzRWQ0pMMzR8enVJZ0REUGE0NFJHMTU0Yzdoa3JjNlFmTHVUNkJjUU93amc0WUo3Tw%3D%3D,listed,,,,,,no
deadlock,Dyhrberg AG Switzerland,CH,Manufacturing,2026-07-10,http://deadblogdbdu5wprek7wa2o4ce7rnt6u6ntqeud3hzjjcveosgpsqqqd.onion/s3.php?d=d2FzYWJpOmRhdGEtZHlocmJlcmcuY2h8ZXUtY2VudHJhbC0xfEJEMjVXT1JOUzYzUTM0VkNKTDM0fHp1SWdERFBhNDRSRzE1NGM3aGtyYzZRZkx1VDZCY1FPd2pnNFlKN08%3D,listed,,,,,,no
deadlock,Grupolider | Grupo Actual,AO,Business Services,2026-07-10,http://deadblogdbdu5wprek7wa2o4ce7rnt6u6ntqeud3hzjjcveosgpsqqqd.onion/s3.php?d=d2FzYWJpOmRhdGEtZ3J1cG9hY3R1YWwucHR8ZXUtY2VudHJhbC0xfEFSUjVHRFQzMFJWVERXTE4xWjFOfFByYVRoWFpHNlZmTzZFY2V0ekQ3M3VBSUZselVkcVozc1RpYTRmejA%3D,listed,,,,,,no
deadlock,Bär Cargolift Polska Sp. z o.o.,PL,Transportation/Logistics,2026-07-10,http://deadblogdbdu5wprek7wa2o4ce7rnt6u6ntqeud3hzjjcveosgpsqqqd.onion/s3.php?d=d2FzYWJpOmRhdGEtYmFlci1jYXJnb2xpZnQucGx8ZXUtY2VudHJhbC0xfERTRE5IQUxCMlBSTUcwTjZEUVhDfHlDY0NnelF6VjVLOGxxZWlpY0swMGdTcDJaS0NBSEdnWU90dDJVY0M%3D,listed,,,,,,no
deadlock,EXPRESOKNA SP. Z O.O.,PL,Business Services,2026-07-10,http://deadblogdbdu5wprek7wa2o4ce7rnt6u6ntqeud3hzjjcveosgpsqqqd.onion/s3.php?d=d2FzYWJpOmRhdGEtZXhwcmVzb2tuYS5wbHxldS1jZW50cmFsLTF8QkQyNVdPUk5TNjNRMzRWQ0pMMzR8enVJZ0REUGE0NFJHMTU0Yzdoa3JjNlFmTHVUNkJjUU93amc0WUo3Tw%3D%3D,listed,,,,,,no
deadlock,TPToys,GB,Consumer Services,2026-07-10,http://deadblogdbdu5wprek7wa2o4ce7rnt6u6ntqeud3hzjjcveosgpsqqqd.onion/s3.php?d=d2FzYWJpOnRwdG95cy5jb218ZXUtY2VudHJhbC0xfEIyT1RJUFdNRlpUVlJDR0IyTTAxfFZxMmxYRnZXV1NOd2lTMlZpYWJUdVh6c1ZXWGpMSEJCWjZWQkxwcXE%3D,listed,,,,,,no
deadlock,IFC Eur,DE,Financial Services,2026-07-10,http://deadblogdbdu5wprek7wa2o4ce7rnt6u6ntqeud3hzjjcveosgpsqqqd.onion/s3.php?d=d2FzYWJpOmlmY2V1cm9wYS5jb218ZXUtY2VudHJhbC0xfEIyT1RJUFdNRlpUVlJDR0IyTTAxfFZxMmxYRnZXV1NOd2lTMlZpYWJUdVh6c1ZXWGpMSEJCWjZWQkxwcXE%3D,listed,,,,,,no
deadlock,Noega and Esnova,ES,,2026-07-10,http://deadblogdbdu5wprek7wa2o4ce7rnt6u6ntqeud3hzjjcveosgpsqqqd.onion/s3.php?d=d2FzYWJpOmVzbm92YS5jb218ZXUtY2VudHJhbC0xfEIyT1RJUFdNRlpUVlJDR0IyTTAxfFZxMmxYRnZXV1NOd2lTMlZpYWJUdVh6c1ZXWGpMSEJCWjZWQkxwcXE%3D,listed,,,,,,no
deadlock,iASK,HU,,2026-07-10,http://deadblogdbdu5wprek7wa2o4ce7rnt6u6ntqeud3hzjjcveosgpsqqqd.onion/s3.php?d=d2FzYWJpOmlhc2suaHV8ZXUtY2VudHJhbC0xfEFaSDRZQjM1OTE0TEJESkVLS0pCfEV6TDR6Y1BtRkt1dTdhcjd3NWZaZTN6cEUwdmU4TkRPUm5wekJhUEE%3D,listed,,,,,,no
deadlock,Finam Gabon,GA,Energy,2026-07-10,http://deadblogdbdu5wprek7wa2o4ce7rnt6u6ntqeud3hzjjcveosgpsqqqd.onion/s3.php?d=d2FzYWJpOmRhdGEtZmluYW1nYWJvbi5jb218ZXUtY2VudHJhbC0xfFlVQk1OV1JZUFFYMVc2Qk0zQzJEfDIyOTJ5WURNQnoyUFZJOXZFbTFGOGNXVk1GWHNhY0JrZFNIa3I1UlM%3D,listed,,,,,,no
deadlock,AFWorkshop,SG,Business Services,2026-07-10,http://deadblogdbdu5wprek7wa2o4ce7rnt6u6ntqeud3hzjjcveosgpsqqqd.onion/s3.php?d=d2FzYWJpOmRhdGEtYWZ3LnNnfGV1LWNlbnRyYWwtMXw2R1gxM1dGSFlCOUZTMDNKSVI1U3xldEJPTWVHN0dCRWdkRWVadHppYTNsTFVEMUxkWWV6Uks1UHo4RGdI,listed,,,,,,no
deadlock,NXIT and Franco Vago S.p.a. and Traconf Srl,IT,Business Services,2026-07-10,http://deadblogdbdu5wprek7wa2o4ce7rnt6u6ntqeud3hzjjcveosgpsqqqd.onion/s3.php?d=d2FzYWJpOmRhdGEtbmlwcG9uZXhwcmVzc2l0YWxpYS5jb218ZXUtY2VudHJhbC0xfFRBUzA2WFJURVRQVlVYMkxIN0U3fEVUeWFSNjJkZDI0ODJKWFdXcTNJVXkwSzRuWnpYUDhlRVNldjZvbno%3D,listed,,,,,,no
deadlock,bERS,BG,,2026-07-10,http://deadblogdbdu5wprek7wa2o4ce7rnt6u6ntqeud3hzjjcveosgpsqqqd.onion/s3.php?d=d2FzYWJpOmRhdGEtYmVycy5iZ3xldS1jZW50cmFsLTF8NkdYMTNXRkhZQjlGUzAzSklSNVN8ZXRCT01lRzdHQkVnZEVlWnR6aWEzbExVRDFMZFllelJLNVB6OERnSA%3D%3D,listed,,,,,,no
deadlock,Muzeum Valassko,CZ,Hospitality and Tourism,2026-07-10,http://deadblogdbdu5wprek7wa2o4ce7rnt6u6ntqeud3hzjjcveosgpsqqqd.onion/s3.php?d=d2FzYWJpOmRhdGEtbXV6ZXVtdmFsYXNza28uY3p8ZXUtY2VudHJhbC0xfERNTThCWllTUVZVU1A0NFZOTDJGfG5MdVl6SDVWR2tLYVVWbnlYUFZHaExtOWtHb0pkWTN1NGlON0s5ZTc%3D,listed,,,,,,no
deadlock,Breda Energia,IT,Energy,2026-07-10,http://deadblogdbdu5wprek7wa2o4ce7rnt6u6ntqeud3hzjjcveosgpsqqqd.onion/s3.php?d=d2FzYWJpOmRhdGEtYnJlZGFlbmVyZ2lhLml0fGV1LWNlbnRyYWwtMXw5SzhCSjhKNlZRUVMxNFVSR0NQRXxPZWRQN3AxaGdxZTJXSnRKRnVEdnBWTDJLYXRZTGNpY0EwdTlvSG16,listed,,,,,,no
deadlock,EDISA and INVERTIGE,,Business Services,2026-07-10,http://deadblogdbdu5wprek7wa2o4ce7rnt6u6ntqeud3hzjjcveosgpsqqqd.onion/s3.php?d=d2FzYWJpOmRhdGEtZWRpc2EtaW52ZXJ0aWdlfGV1LWNlbnRyYWwtMXxKRTlaTzZBVzJVS1lBR1EwWFFJWnxOZXczdjZlT1JldHVVRUx5QVMwVHpoUkpybXNWdGN3Nk5taERVd0NS,listed,,,,,,no
deadlock,Direção Estacionamentos S.A.,BR,Consumer Services,2026-07-10,http://deadblogdbdu5wprek7wa2o4ce7rnt6u6ntqeud3hzjjcveosgpsqqqd.onion/s3.php?d=d2FzYWJpOmRhdGEtYXV0b3BhcmsuY29tLmJyfGV1LWNlbnRyYWwtMXxMM0FXVlc2MEhOUjNHVUZIVDVZQnw2bG1mVnlEV2tDZ0t6TENBZUM5VFFGYUpRNE9DQmk1QjFKOTJPRklS,listed,,,,,,no
deadlock,La ville de Ouangani,YT,Public Sector,2026-07-10,http://deadblogdbdu5wprek7wa2o4ce7rnt6u6ntqeud3hzjjcveosgpsqqqd.onion/s3.php?d=d2FzYWJpOmRhdGEtdmlsbGUtb3VhbmdhbmkueXR8ZXUtY2VudHJhbC0xfE05MVBGQk0yT1lJMVBTVlJaM1Q4fGZUVU40ZU5sS250NWNnVEZndDZZZmo4dHdUNmw2Sjk2cUlGNzNzRVU%3D,listed,,,,,,no
qilin,SPACElogic,SG,Technology,2026-07-10,http://ijzn3sicrcy7guixkzjkib4ukbiilwc3xhnmby4mcbccnsd7j2rekvqd.onion/site/blog?uuid=1b5dabef-3604-486e-a4bb-a6b218d64794,listed,,,,,,no
qilin,Global Strategic Business Process Solutions,US,Business Services,2026-07-10,http://ijzn3sicrcy7guixkzjkib4ukbiilwc3xhnmby4mcbccnsd7j2rekvqd.onion/site/blog?uuid=b0f5ac07-c0fe-4311-a395-078bc298ca8f,listed,,,,,,no
qilin,CRZ Construcciones,AR,Construction,2026-07-10,http://ijzn3sicrcy7guixkzjkib4ukbiilwc3xhnmby4mcbccnsd7j2rekvqd.onion/site/blog?uuid=53072cde-abae-4f7b-b8de-de51d5d95d98,listed,,,,,,no
qilin,Red Planet Hotels,PH,Hospitality and Tourism,2026-07-10,http://ijzn3sicrcy7guixkzjkib4ukbiilwc3xhnmby4mcbccnsd7j2rekvqd.onion/site/blog?uuid=242a6cc9-5e6c-4cda-8a28-6bb684772df9,listed,,,,,,no
payload,Roofinox,,Construction,2026-07-10,http://payloadrz5yw227brtbvdqpnlhq3rdcdekdnn3rgucbcdeawq2v6vuyd.onion/posts/0a46eb9e-76c0-49b2-8037-303ac1082022,listed,,110 GB,,countdown,http://payloadrz5yw227brtbvdqpnlhq3rdcdekdnn3rgucbcdeawq2v6vuyd.onion,yes
blackwater,txdkj.com,CN,,2026-07-10,http://ejzl7cjxmkx7lzhiqwidmrwtfjv45pkczbc4fnyaut3t7gll3yaiq5id.onion/blog?uuid=5e7268b2-200b-3bbc-87d1-c4add2955fb3,listed,,,,published,http://ejzl7cjxmkx7lzhiqwidmrwtfjv45pkczbc4fnyaut3t7gll3yaiq5id.onion,yes
doommageddon,Hospital Di Camp,,Healthcare,2026-07-10,http://iacjvmxjb2ivqkxxzmde4w6g53gn6ym7c3g6mfifvejyhqtp4wrkypyd.onion/victim/hospital-di-camp,listed,,20.69 GB,2,published,http://iacjvmxjb2ivqkxxzmde4w6g53gn6ym7c3g6mfifvejyhqtp4wrkypyd.onion,yes
gunra,New Tiles S.L.,ES,Manufacturing,2026-07-10,http://gunrabxbig445sjqa535uaymzerj6fp4nwc6ngc2xughf2pedjdhk4ad.onion,listed,,,,,,no
nova,Hynet,GB,Technology,2026-07-10,http://pifk3xu3vad6cuxsjll4qjomyaaaoyvnyqppro75pazadzctrrvpdnyd.onion/hynet,listed,,,,,,no
cmdorganization,Finance Yorkshire,GB,Financial Services,2026-07-09,http://cmdnkiqjije2tllr3biee2sjgj3i4robg2cbtilbnytdhh2wy3syrlyd.onion,listed,,,,,,no
moneymessage,Envision Unlimited,,,2026-07-09,http://blogvl7tjyjvsfthobttze52w36wwiz34hrfcmorgvdzb6hikucb7aqd.onion/news.php?id=1,listed,,,,,,no
braincipher,robroy.com,US,Manufacturing,2026-07-09,http://vkvsgl7lhipjirmz6j5ubp3w3bwvxgcdbpi3fsbqngfynetqtw4w5hyd.onion/n/robroy,listed,,,,published,http://vkvsgl7lhipjirmz6j5ubp3w3bwvxgcdbpi3fsbqngfynetqtw4w5hyd.onion,yes
braincipher,iac-intl.com,US,Business Services,2026-07-09,http://vkvsgl7lhipjirmz6j5ubp3w3bwvxgcdbpi3fsbqngfynetqtw4w5hyd.onion/n/iac-intl,listed,,,,published,http://vkvsgl7lhipjirmz6j5ubp3w3bwvxgcdbpi3fsbqngfynetqtw4w5hyd.onion,yes
qilin,Inter Power Engineering,AE,Energy,2026-07-09,http://ijzn3sicrcy7guixkzjkib4ukbiilwc3xhnmby4mcbccnsd7j2rekvqd.onion/site/blog?uuid=0b1629e6-c218-435b-83ba-ce19b7048191,listed,,,,,,no
payload,The commune of Castries,FR,Public Sector,2026-07-09,http://payloadrz5yw227brtbvdqpnlhq3rdcdekdnn3rgucbcdeawq2v6vuyd.onion/posts/d481caf3-39ce-4617-a578-73f8bc52cf6f,listed,,12 GB,,countdown,http://payloadrz5yw227brtbvdqpnlhq3rdcdekdnn3rgucbcdeawq2v6vuyd.onion,yes
settra,wtlawllp.co.uk,GB,Business Services,2026-07-09,http://settra5ldqwgtw5q7z5awbsvlksakyfojuc5slgrz5lvapune4fantqd.onion/leaks/aa2f2b90-747a-4678-a7ff-086d645ab2eb,listed,,,,,,no
settra,gvfsinc.com,US,Business Services,2026-07-09,http://settra5ldqwgtw5q7z5awbsvlksakyfojuc5slgrz5lvapune4fantqd.onion/leaks/fea56634-370b-4e40-a29a-a4d691985765,listed,,,,,,no
settra,bergdemo.com,DE,,2026-07-09,http://settra5ldqwgtw5q7z5awbsvlksakyfojuc5slgrz5lvapune4fantqd.onion/leaks/6045622a-b5a1-48b3-89ba-bf4a97ae9a39,listed,,,,,,no
qilin,Sintax,BE,Technology,2026-07-09,http://ijzn3sicrcy7guixkzjkib4ukbiilwc3xhnmby4mcbccnsd7j2rekvqd.onion/site/blog?uuid=09042649-52aa-4c66-9826-ca49ed5c7da0,listed,,,,,,no
qilin,Sun Dolphin Boats,US,Manufacturing,2026-07-09,http://ijzn3sicrcy7guixkzjkib4ukbiilwc3xhnmby4mcbccnsd7j2rekvqd.onion/site/blog?uuid=d645d1da-4301-4b9b-a13f-23ca4e1a712c,listed,,,,,,no
qilin,Bronken's Dist,,Transportation/Logistics,2026-07-09,http://ijzn3sicrcy7guixkzjkib4ukbiilwc3xhnmby4mcbccnsd7j2rekvqd.onion/site/blog?uuid=f6f03176-3b5f-47fc-b3d6-7128fc0b6931,listed,,,,,,no
qilin,Alan F Burke,US,,2026-07-09,http://ijzn3sicrcy7guixkzjkib4ukbiilwc3xhnmby4mcbccnsd7j2rekvqd.onion/site/blog?uuid=07a5e6aa-5323-4336-8d8d-7d0f5d12a676,listed,,,,,,no
qilin,Hum & Jacoby,US,Business Services,2026-07-09,http://ijzn3sicrcy7guixkzjkib4ukbiilwc3xhnmby4mcbccnsd7j2rekvqd.onion/site/blog?uuid=050cc3bc-db0d-470c-a7ff-f9dd5fa3e39e,listed,,,,,,no
ailock,Pinturas Prisa,MX,Manufacturing,2026-07-09,http://dhnsppqjaaa22lsqxl2tfhji4ca43743kubltnodvsft3hkvai77p6ad.onion,listed,,,,published,http://dhnsppqjaaa22lsqxl2tfhji4ca43743kubltnodvsft3hkvai77p6ad.onion,yes
crpxo,Creative Smiles Pediatric Dentistry,US,Healthcare,2026-07-09,http://tlxoddx4odmc2qvsmtsbgwwsv5j45osb5sox7mz6izxliuju5mkulzad.onion/victim.php?slug=creatives-smiles,listed,,,,,,no
crpxo,"AMHWA Biopharm Co., Ltd.",CN,Healthcare,2026-07-09,http://tlxoddx4odmc2qvsmtsbgwwsv5j45osb5sox7mz6izxliuju5mkulzad.onion/victim.php?slug=amhwa-biopharm-co,listed,,,,,,no
crpxo,SF Smile Doctor,US,Healthcare,2026-07-09,http://tlxoddx4odmc2qvsmtsbgwwsv5j45osb5sox7mz6izxliuju5mkulzad.onion/victim.php?slug=sassan-kafayi-ddc,listed,,,,,,no
crpxo,Bishop Arts Dental PLLC,US,Healthcare,2026-07-09,http://tlxoddx4odmc2qvsmtsbgwwsv5j45osb5sox7mz6izxliuju5mkulzad.onion/victim.php?slug=bishop-arts-dental,listed,,,,,,no
crpxo,Top Notch Dentistry of Dallas,US,Healthcare,2026-07-09,http://tlxoddx4odmc2qvsmtsbgwwsv5j45osb5sox7mz6izxliuju5mkulzad.onion/victim.php?slug=top-notch-dentistry,listed,,,,,,no
crpxo,Benjamin H. Wang DDS Inc.,US,Healthcare,2026-07-09,http://tlxoddx4odmc2qvsmtsbgwwsv5j45osb5sox7mz6izxliuju5mkulzad.onion/victim.php?slug=benjamin-wang-ddc,listed,,,,,,no
qilin,Peligro Sports,US,Consumer Services,2026-07-09,http://ijzn3sicrcy7guixkzjkib4ukbiilwc3xhnmby4mcbccnsd7j2rekvqd.onion/site/blog?uuid=55e65e6a-8abe-400a-af69-a5afda4c8eca,listed,,,,,,no
qilin,S.J. Louis,BR,,2026-07-08,http://ijzn3sicrcy7guixkzjkib4ukbiilwc3xhnmby4mcbccnsd7j2rekvqd.onion/site/blog?uuid=0894a7b6-f612-4096-bc99-8ecafeaa427e,listed,,,,,,no
krybit,xuerong.com,CN,Technology,2026-07-08,http://krybitqsdzwmhnitvwuhvsntfgf2wrhxveyxroxpc44c6gkft2cqldyd.onion/blog/cff99e0ccf21ac4aa31288af8d0cc04b21b86ff674e9742c30e81e6261b4e256/,listed,,,,,,no
krybit,shelby.com.mx,MX,,2026-07-08,http://krybitqsdzwmhnitvwuhvsntfgf2wrhxveyxroxpc44c6gkft2cqldyd.onion/blog/0be5e3372189bc8227a64a038e9108059cf98bfe70a3374df244bb15e4c10ceb/,listed,,,,,,no
akira,Wade's Dairy,GB,Agriculture and Food Production,2026-07-08,http://akiralkzxzq2dsrzsrvbr2xgbbu2wgsmxryd4csgfameg52n7efvr2id.onion,listed,,,,,,no
nightspire,PCCC Realty LLC,US,Consumer Services,2026-07-08,http://nspire7lugml7ybqyjaaxtsgrs4qn3fcon3lrjbih6wamttvdm5ke4qd.onion,listed,,,,,,no
pear,"Tostrud & Temp, S.C.",US,Business Services,2026-07-08,http://pearsmob5sn44ismokiusuld34pnfwi6ctgin3qbvonpoob4lh3rmtqd.onion/Companies/tntcpas,listed,,770 Gb,,published,http://peargxn3oki34c4savcbcfqofjjwjnnyrlrbszfv6ujlx36mhrh57did.onion,yes
chaos,opportune.com,US,Business Services,2026-07-08,http://hptqq2o2qjva7lcaaq67w36jihzivkaitkexorauw7b2yul2z6zozpqd.onion/post/Z1UcbRiSKzvaVtE4I0b48cFO0jI0V0YO,listed,,,,,,no
chaos,corepharma.com,US,Healthcare,2026-07-08,http://hptqq2o2qjva7lcaaq67w36jihzivkaitkexorauw7b2yul2z6zozpqd.onion/post/Z6KoU0SixB9vmgLfssuHINwJEcO6uJYa,listed,,,,,,no
spacebears,Biessse,IT,,2026-07-08,http://5butbkrljkaorg5maepuca25oma7eiwo6a2rlhvkblb4v6mf3ki2ovid.onion/companies/57/biessse,listed,,,,,,no
incransom,Aesthetic Surgical Images,US,Healthcare,2026-07-07,http://incblog6qu4y4mm4zvw5nrmue6qbwtgjsxpw6b7ixzssu36tsajldoad.onion/blog/disclosures/6a4d514e5ae71db30c5e3261,listed,,,,,,no
thegentlemen,Shamrock Holdings Inc.,US,,2026-07-07,http://tezwsse5czllksjb7cwp65rvnk4oobmzti2znn42i43bjdfd2prqqkad.onion,listed,,,,,,no
thegentlemen,Medic Rescue,,Healthcare,2026-07-07,http://tezwsse5czllksjb7cwp65rvnk4oobmzti2znn42i43bjdfd2prqqkad.onion,listed,,,,,,no
thegentlemen,LogiQuip,GB,Transportation/Logistics,2026-07-07,http://tezwsse5czllksjb7cwp65rvnk4oobmzti2znn42i43bjdfd2prqqkad.onion,listed,,,,,,no
thegentlemen,Virginia Historical Society,US,Public Sector,2026-07-07,http://tezwsse5czllksjb7cwp65rvnk4oobmzti2znn42i43bjdfd2prqqkad.onion,listed,,,,,,no
thegentlemen,Quanterm Logistics Sdn Bhd,MY,Transportation/Logistics,2026-07-07,http://tezwsse5czllksjb7cwp65rvnk4oobmzti2znn42i43bjdfd2prqqkad.onion,listed,,,,,,no
thegentlemen,Spedidam,FR,Transportation/Logistics,2026-07-07,http://tezwsse5czllksjb7cwp65rvnk4oobmzti2znn42i43bjdfd2prqqkad.onion,listed,,,,,,no
thegentlemen,hiddeenn,,,2026-07-07,http://tezwsse5czllksjb7cwp65rvnk4oobmzti2znn42i43bjdfd2prqqkad.onion,listed,,,,,,no
thegentlemen,Arabia Falcon Insurance Company SAOG,OM,Financial Services,2026-07-07,http://tezwsse5czllksjb7cwp65rvnk4oobmzti2znn42i43bjdfd2prqqkad.onion,listed,,,,,,no
thegentlemen,Ce Ratp Comite D entreprise Ratp,FR,Transportation/Logistics,2026-07-07,http://tezwsse5czllksjb7cwp65rvnk4oobmzti2znn42i43bjdfd2prqqkad.onion,listed,,,,,,no
thegentlemen,Keifert,DE,,2026-07-07,http://tezwsse5czllksjb7cwp65rvnk4oobmzti2znn42i43bjdfd2prqqkad.onion,listed,,,,,,no
thegentlemen,Kosmos,DE,Energy,2026-07-07,http://tezwsse5czllksjb7cwp65rvnk4oobmzti2znn42i43bjdfd2prqqkad.onion,listed,,,,,,no
thegentlemen,EBNY Development,EG,Construction,2026-07-07,http://tezwsse5czllksjb7cwp65rvnk4oobmzti2znn42i43bjdfd2prqqkad.onion,listed,,,,,,no
thegentlemen,Tonnies Group,DE,Agriculture and Food Production,2026-07-07,http://tezwsse5czllksjb7cwp65rvnk4oobmzti2znn42i43bjdfd2prqqkad.onion,listed,,,,,,no
thegentlemen,Automovil Supply S.A,PY,Manufacturing,2026-07-07,http://tezwsse5czllksjb7cwp65rvnk4oobmzti2znn42i43bjdfd2prqqkad.onion,listed,,,,,,no
thegentlemen,Excel Cell Electronic,TW,Manufacturing,2026-07-07,http://tezwsse5czllksjb7cwp65rvnk4oobmzti2znn42i43bjdfd2prqqkad.onion,listed,,,,,,no
thegentlemen,Mercado Libre,AR,Technology,2026-07-07,http://tezwsse5czllksjb7cwp65rvnk4oobmzti2znn42i43bjdfd2prqqkad.onion,listed,,,,,,no
thegentlemen,CSIR Structural Engineering Research Centre,IN,Public Sector,2026-07-07,http://tezwsse5czllksjb7cwp65rvnk4oobmzti2znn42i43bjdfd2prqqkad.onion,listed,,,,,,no
thegentlemen,Jump Solutions Inc,PH,Business Services,2026-07-07,http://tezwsse5czllksjb7cwp65rvnk4oobmzti2znn42i43bjdfd2prqqkad.onion,listed,,,,,,no
thegentlemen,MBT Energy,DE,Energy,2026-07-07,http://tezwsse5czllksjb7cwp65rvnk4oobmzti2znn42i43bjdfd2prqqkad.onion,listed,,,,,,no
qilin,Lechner Massivhaus GmbH,AT,Construction,2026-07-07,http://ijzn3sicrcy7guixkzjkib4ukbiilwc3xhnmby4mcbccnsd7j2rekvqd.onion/site/blog?uuid=baa73f69-c924-4036-8d91-9c3e3682228d,listed,,,,,,no
thegentlemen,Pro-Tech Technology,HK,Technology,2026-07-07,http://tezwsse5czllksjb7cwp65rvnk4oobmzti2znn42i43bjdfd2prqqkad.onion,listed,,,,,,no
thegentlemen,Technical Solutions Group,US,Business Services,2026-07-07,http://tezwsse5czllksjb7cwp65rvnk4oobmzti2znn42i43bjdfd2prqqkad.onion,listed,,,,,,no
qilin,COP® Vertriebs-GmbH Zentrale,DE,Business Services,2026-07-07,http://ijzn3sicrcy7guixkzjkib4ukbiilwc3xhnmby4mcbccnsd7j2rekvqd.onion/site/blog?uuid=5163330a-cd61-4240-adf9-a6e97f3f6313,listed,,,,,,no
payoutsking,Welldyne,US,Healthcare,2026-07-07,http://payoutsgn7cy6uliwevdqspncjpfxpmzgirwl2au65la7rfs5x3qnbqd.onion/9aD4Ul-7ESip6-cBGy4Y-pnTYXJ-03jxg0,listed,,,,,,no
payoutsking,C****p,IT,,2026-07-07,http://payoutsgn7cy6uliwevdqspncjpfxpmzgirwl2au65la7rfs5x3qnbqd.onion,listed,,,,,,no
play,Preneed Funeral Programs,US,Consumer Services,2026-07-07,http://j75o7xvvsm4lpsjhkjvb4wl2q6ajegvabe6oswthuaubbykk4xkzgpid.onion/topic.php?id=OwUv1dInsynYt,listed,,,,,,no
qilin,Next Clinics,CZ,Healthcare,2026-07-07,http://ijzn3sicrcy7guixkzjkib4ukbiilwc3xhnmby4mcbccnsd7j2rekvqd.onion/site/blog?uuid=6496d6c3-7afe-4b66-a9d3-b9a903624ce3,listed,,,,,,no
play,Kevin Bao Lenguyen,,,2026-07-07,http://j75o7xvvsm4lpsjhkjvb4wl2q6ajegvabe6oswthuaubbykk4xkzgpid.onion/topic.php?id=q3GdV7iWPAT0G,listed,,,,,,no
play,United Infrastructure,US,Energy,2026-07-07,http://j75o7xvvsm4lpsjhkjvb4wl2q6ajegvabe6oswthuaubbykk4xkzgpid.onion/topic.php?id=gqmm4Ud2E9faTr,listed,,,,,,no
interlock,YMCA of Western North Carolina,US,Consumer Services,2026-07-07,http://3kiwpavmpi2eyc2d4cbggo6s4fnodqzlhxirudruptvjx32wlxxzn6ad.onion/index.php?p=,listed,,330 GB,,published,http://ebhmkoohccl45qesdbvrjqtyro2hmhkmh6vkyfyjjzfllm3ix72aqaid.onion/leaks.php,yes
booba project,URA Group,RU,Business Services,2026-07-07,,listed,,,,,,no
krybit,seprec.gob.bo,BO,Public Sector,2026-07-07,http://krybitqsdzwmhnitvwuhvsntfgf2wrhxveyxroxpc44c6gkft2cqldyd.onion/blog/b97dd628d06368f22daf4bf21b671c46c8b37d5ebfedeac6fc68688b5e55e943/,listed,,,,,,no
akira,RISE Architecture,,Business Services,2026-07-07,http://akiralkzxzq2dsrzsrvbr2xgbbu2wgsmxryd4csgfameg52n7efvr2id.onion,listed,,,,,,no
qilin,Accelirate,US,Business Services,2026-07-07,http://ijzn3sicrcy7guixkzjkib4ukbiilwc3xhnmby4mcbccnsd7j2rekvqd.onion/site/blog?uuid=8490a0ae-f21b-4277-ad81-80308770ada6,listed,,,,,,no
akira,Chisholm Persson & Ball,,Business Services,2026-07-07,http://akiralkzxzq2dsrzsrvbr2xgbbu2wgsmxryd4csgfameg52n7efvr2id.onion,listed,,,,,,no
akira,Excalibur Rentals,,Consumer Services,2026-07-07,http://akiralkzxzq2dsrzsrvbr2xgbbu2wgsmxryd4csgfameg52n7efvr2id.onion,listed,,,,,,no
cmdorganization,Mount Royal University,CA,Education,2026-07-07,http://cmdnkiqjije2tllr3biee2sjgj3i4robg2cbtilbnytdhh2wy3syrlyd.onion,listed,,,,,,no
akira,Stone Ridge Payments,US,Financial Services,2026-07-07,http://akiralkzxzq2dsrzsrvbr2xgbbu2wgsmxryd4csgfameg52n7efvr2id.onion,listed,,,,,,no
akira,Edge Solutions | Stone Ridge Payments,US,Financial Services,2026-07-07,http://akiralkzxzq2dsrzsrvbr2xgbbu2wgsmxryd4csgfameg52n7efvr2id.onion,listed,,,,,,no
bravox,PB Fiduciaire SA,CH,Financial Services,2026-07-07,http://bravoxxwcfz5qk43ychgveprpd5mw5hvxfs4a2uz2okx7mumiht4fzyd.onion/blog/989cf27f-2503-4d87-8545-d6a0c5ad1a1c,listed,,,,,,no
ailock,Studio Sardano,IT,Consumer Services,2026-07-07,http://dhnsppqjaaa22lsqxl2tfhji4ca43743kubltnodvsft3hkvai77p6ad.onion,listed,,,,published,http://dhnsppqjaaa22lsqxl2tfhji4ca43743kubltnodvsft3hkvai77p6ad.onion,yes
ailock,Richmont Graduate University,US,Education,2026-07-07,http://dhnsppqjaaa22lsqxl2tfhji4ca43743kubltnodvsft3hkvai77p6ad.onion,listed,,,,published,http://dhnsppqjaaa22lsqxl2tfhji4ca43743kubltnodvsft3hkvai77p6ad.onion,yes
dragonforce,hive360.com,,Technology,2026-07-07,http://z3wqggtxft7id3ibr7srivv5gjof5fwg76slewnzwwakjuf3nlhukdid.onion/blog/?post_uuid=accc029a-dadb-49f2-925e-92f614445e37,listed,,,,,,no
dragonforce,amplesurveyor.com,US,Business Services,2026-07-07,http://z3wqggtxft7id3ibr7srivv5gjof5fwg76slewnzwwakjuf3nlhukdid.onion/blog/?post_uuid=a3589bf6-523d-4cee-b2cb-0a8586dd26ef,listed,,,,,,no
medusalocker,Forces,CA,,2026-07-07,http://t33zoj4qwv455fog7qnb2azi5xcdxkixughmmduzbw2rtdgryqfbh6id.onion/company/banajah-bajapah/,listed,,,,,,no
spacebears,Fitcrunch,US,Consumer Services,2026-07-07,http://5butbkrljkaorg5maepuca25oma7eiwo6a2rlhvkblb4v6mf3ki2ovid.onion/companies/56/fitcrunch,listed,,,,published,http://5butbkrljkaorg5maepuca25oma7eiwo6a2rlhvkblb4v6mf3ki2ovid.onion,yes
incransom,tecnocurva.com.br,BR,Technology,2026-07-07,http://incblog6qu4y4mm4zvw5nrmue6qbwtgjsxpw6b7ixzssu36tsajldoad.onion/blog/disclosures/6a468fe25ae71db30ca4f6ae,listed,,,,,,no
incransom,samberger24.de,DE,Business Services,2026-07-07,http://incblog6qu4y4mm4zvw5nrmue6qbwtgjsxpw6b7ixzssu36tsajldoad.onion/blog/disclosures/6a4706c25ae71db30cb381c1,listed,,,,,,no
safepay,matrixwebagency.com,US,Business Services,2026-07-06,http://safepaypfxntwixwjrlcscft433ggemlhgkkdupi2ynhtcmvdgubmoyd.onion/blog/post/matrixwebagencycom/,listed,,,,,,no
safepay,bmiprojects.de,DE,Construction,2026-07-06,http://safepaypfxntwixwjrlcscft433ggemlhgkkdupi2ynhtcmvdgubmoyd.onion/blog/post/bmiprojectsde/,listed,,,,,,no
safepay,caritas-koblenz.de,DE,Healthcare,2026-07-06,http://safepaypfxntwixwjrlcscft433ggemlhgkkdupi2ynhtcmvdgubmoyd.onion/blog/post/caritas-koblenzde/,listed,,,,,,no
safepay,knobel-bau.de,DE,Construction,2026-07-06,http://safepaypfxntwixwjrlcscft433ggemlhgkkdupi2ynhtcmvdgubmoyd.onion/blog/post/knobel-baude/,listed,,,,,,no
safepay,rtngmbh.de,DE,Business Services,2026-07-06,http://safepaypfxntwixwjrlcscft433ggemlhgkkdupi2ynhtcmvdgubmoyd.onion/blog/post/rtngmbhde/,listed,,,,,,no
safepay,stedwardscatholicfirstschool.co.uk,GB,Education,2026-07-06,http://safepaypfxntwixwjrlcscft433ggemlhgkkdupi2ynhtcmvdgubmoyd.onion/blog/post/stedwardscatholicfirstschoolcouk/,listed,,,,,,no
safepay,lh-wohnverbund-wohnen-nrw.de,DE,Consumer Services,2026-07-06,http://safepaypfxntwixwjrlcscft433ggemlhgkkdupi2ynhtcmvdgubmoyd.onion/blog/post/lh-wohnverbund-wohnen-nrwde/,listed,,,,,,no
safepay,shw-fr.de,DE,,2026-07-06,http://safepaypfxntwixwjrlcscft433ggemlhgkkdupi2ynhtcmvdgubmoyd.onion/blog/post/shw-frde/,listed,,,,,,no
chaos,gisy.com,US,Technology,2026-07-06,http://hptqq2o2qjva7lcaaq67w36jihzivkaitkexorauw7b2yul2z6zozpqd.onion/post/HvNtlUrCy28pkleddtj1Ndi2vRGIEVRM,listed,,,,,,no
safepay,hahn-airport.de,DE,Transportation/Logistics,2026-07-06,http://safepaypfxntwixwjrlcscft433ggemlhgkkdupi2ynhtcmvdgubmoyd.onion/blog/post/hahn-airportde/,listed,,,,,,no
chaos,aircreebec.ca,CA,Transportation/Logistics,2026-07-06,http://hptqq2o2qjva7lcaaq67w36jihzivkaitkexorauw7b2yul2z6zozpqd.onion/post/GbzoPKkEKNZWucBEz8ILCyDUBnkCn0JH,listed,,,,,,no
morpheus,Hansa Research Group Pvt. Ltd,IN,Business Services,2026-07-06,http://izsp6ipui4ctgxfugbgtu65kzefrucltyfpbxplmfybl5swiadpljmyd.onion,listed,,,,,,no
qilin,Keystone Homes,US,Construction,2026-07-06,http://ijzn3sicrcy7guixkzjkib4ukbiilwc3xhnmby4mcbccnsd7j2rekvqd.onion/site/blog?uuid=a2c11fdc-d4e1-48ba-b8f0-439de73aae5a,listed,,,,,,no
qilin,Precision Steel Services,,Manufacturing,2026-07-06,http://ijzn3sicrcy7guixkzjkib4ukbiilwc3xhnmby4mcbccnsd7j2rekvqd.onion/site/blog?uuid=4a6e9256-83bb-4db4-ab7a-b866120a0bdd,listed,,,,,,no
qilin,Answer Precision Tool,US,Business Services,2026-07-06,http://ijzn3sicrcy7guixkzjkib4ukbiilwc3xhnmby4mcbccnsd7j2rekvqd.onion/site/blog?uuid=e4f6b6d9-e77a-4956-8a39-c8e6a4ec342c,listed,,,,,,no
apt73,dgcement.com,DZ,Manufacturing,2026-07-06,http://basherq53eniermxovo3bkduw5qqq5bkqcml3qictfmamgvmzovykyqd.onion/page_company.php?id=181,listed,,,,,,no
qilin,Wood Ellis & Wood CPA,US,Business Services,2026-07-06,http://ijzn3sicrcy7guixkzjkib4ukbiilwc3xhnmby4mcbccnsd7j2rekvqd.onion/site/blog?uuid=fa10d64c-e114-45c1-9bf5-d7b00fec0578,listed,,,,,,no
qilin,Max Fordham,GB,Business Services,2026-07-06,http://ijzn3sicrcy7guixkzjkib4ukbiilwc3xhnmby4mcbccnsd7j2rekvqd.onion/site/blog?uuid=ef653710-79c5-4f25-a5fa-0eb353d80781,listed,,,,,,no
qilin,Grupo Inteca,MX,Business Services,2026-07-06,http://ijzn3sicrcy7guixkzjkib4ukbiilwc3xhnmby4mcbccnsd7j2rekvqd.onion/site/blog?uuid=59e55ef5-d4ce-4f6a-9aaf-65a9b661b286,listed,,,,,,no
apt73,azarestan.com,IR,,2026-07-06,http://basherq53eniermxovo3bkduw5qqq5bkqcml3qictfmamgvmzovykyqd.onion/page_company.php?id=180,listed,,,,,,no
booba project,Upstaging,US,Business Services,2026-07-06,,listed,,,,,,no
apt73,vicentetrapani.com,AR,,2026-07-06,http://basherq53eniermxovo3bkduw5qqq5bkqcml3qictfmamgvmzovykyqd.onion/page_company.php?id=179,listed,,,,,,no
qilin,LabelDaddy,US,Business Services,2026-07-06,http://ijzn3sicrcy7guixkzjkib4ukbiilwc3xhnmby4mcbccnsd7j2rekvqd.onion/site/blog?uuid=785951dd-b910-470f-af4a-ef801d128713,listed,,,,,,no
apt73,westernint.com,US,Business Services,2026-07-06,http://basherq53eniermxovo3bkduw5qqq5bkqcml3qictfmamgvmzovykyqd.onion/page_company.php?id=178,listed,,,,,,no
arcusmedia,East African Gasoil,KE,Energy,2026-07-06,http://arcuufpr5xxbbkin4mlidt7itmr6znlppk63jbtkeguuhszmc5g7qdyd.onion/?p=572,listed,,,,published,http://arcuufpr5xxbbkin4mlidt7itmr6znlppk63jbtkeguuhszmc5g7qdyd.onion,yes
cry0,dinisrl.it,IT,Transportation/Logistics,2026-07-06,http://cryoblogedawivdcknyd4jsjxkrx3xrqqltxla6wwjjnzm3f3jaxjzqd.onion,listed,,,,,,no
doommageddon,KOLORKIM KIMYA,TR,Manufacturing,2026-07-06,http://iacjvmxjb2ivqkxxzmde4w6g53gn6ym7c3g6mfifvejyhqtp4wrkypyd.onion/victim/kolorkim-kimya,listed,,421.80 MB,7,published,http://iacjvmxjb2ivqkxxzmde4w6g53gn6ym7c3g6mfifvejyhqtp4wrkypyd.onion,yes
doommageddon,Mercedes-Benz Turk,TR,Manufacturing,2026-07-06,http://iacjvmxjb2ivqkxxzmde4w6g53gn6ym7c3g6mfifvejyhqtp4wrkypyd.onion/victim/mercedes-benz-turk,listed,,30.24 GB,64547,published,http://iacjvmxjb2ivqkxxzmde4w6g53gn6ym7c3g6mfifvejyhqtp4wrkypyd.onion,yes
doommageddon,Innovano,IN,Technology,2026-07-06,http://iacjvmxjb2ivqkxxzmde4w6g53gn6ym7c3g6mfifvejyhqtp4wrkypyd.onion/victim/innovano,listed,,410.44 MB,5,published,http://iacjvmxjb2ivqkxxzmde4w6g53gn6ym7c3g6mfifvejyhqtp4wrkypyd.onion,yes
doommageddon,Francisco Imóveis,BR,Consumer Services,2026-07-06,http://iacjvmxjb2ivqkxxzmde4w6g53gn6ym7c3g6mfifvejyhqtp4wrkypyd.onion/victim/francisco-imóveis,listed,,7.26 MB,14,published,http://iacjvmxjb2ivqkxxzmde4w6g53gn6ym7c3g6mfifvejyhqtp4wrkypyd.onion,yes
doommageddon,Solventa & Riskmetrica | Calificadora de Riesgos,PY,Financial Services,2026-07-06,http://iacjvmxjb2ivqkxxzmde4w6g53gn6ym7c3g6mfifvejyhqtp4wrkypyd.onion/victim/solventa--riskmetrica--calificadora-de-riesgos,listed,,309.1 KB,5,published,http://iacjvmxjb2ivqkxxzmde4w6g53gn6ym7c3g6mfifvejyhqtp4wrkypyd.onion,yes
booba project,Frosty Acres Brands,US,Agriculture and Food Production,2026-07-06,,listed,,,,,,no
booba project,"Telewave, Inc.",US,Telecommunication,2026-07-06,,listed,,,,,,no
booba project,Fonsan,ES,,2026-07-06,,listed,,,,,,no
booba project,Nfinite 9000 S.L.,ES,Technology,2026-07-06,,listed,,,,,,no
spacebears,Blenheim,GB,,2026-07-06,http://5butbkrljkaorg5maepuca25oma7eiwo6a2rlhvkblb4v6mf3ki2ovid.onion/companies/55/blenheim,listed,,Sell over 500 GB of data,,published,http://5butbkrljkaorg5maepuca25oma7eiwo6a2rlhvkblb4v6mf3ki2ovid.onion,yes
payload,ENB Versich,CH,Energy,2026-07-05,http://payloadrz5yw227brtbvdqpnlhq3rdcdekdnn3rgucbcdeawq2v6vuyd.onion/posts/0833681d-0958-4396-ad0e-648449982275,listed,,,,,,no
payload,Vela Film S.r.l.,IT,Consumer Services,2026-07-05,http://payloadrz5yw227brtbvdqpnlhq3rdcdekdnn3rgucbcdeawq2v6vuyd.onion/posts/ec5239b8-9e94-4334-909a-279435be4e21,listed,,70 GB,,countdown,http://payloadrz5yw227brtbvdqpnlhq3rdcdekdnn3rgucbcdeawq2v6vuyd.onion,yes
genesis,"Apex Agro, LLC",US,Agriculture and Food Production,2026-07-05,http://genesis6ixpb5mcy4kudybtw5op2wqlrkocfogbnenz3c647ibqixiad.onion/f03a75d4c88c0b18f790/,listed,,,,,,no
genesis,Mirage Endoscopy Center,US,Healthcare,2026-07-05,http://genesis6ixpb5mcy4kudybtw5op2wqlrkocfogbnenz3c647ibqixiad.onion/bb6e5af34c5f138531a5/,listed,,,,published,http://genesis6ixpb5mcy4kudybtw5op2wqlrkocfogbnenz3c647ibqixiad.onion,yes
genesis,"Bri-Tech, Inc",US,Technology,2026-07-05,http://genesis6ixpb5mcy4kudybtw5op2wqlrkocfogbnenz3c647ibqixiad.onion/a86082912f3313bf10bf/,listed,,,,published,http://genesis6ixpb5mcy4kudybtw5op2wqlrkocfogbnenz3c647ibqixiad.onion,yes
genesis,SBI Software,US,Technology,2026-07-05,http://genesis6ixpb5mcy4kudybtw5op2wqlrkocfogbnenz3c647ibqixiad.onion/9ab2fe6517ec136535d1/,listed,,,,published,http://genesis6ixpb5mcy4kudybtw5op2wqlrkocfogbnenz3c647ibqixiad.onion,yes
genesis,DICON,US,,2026-07-05,http://genesis6ixpb5mcy4kudybtw5op2wqlrkocfogbnenz3c647ibqixiad.onion/925eed8c13857e563198/,listed,,,,published,http://genesis6ixpb5mcy4kudybtw5op2wqlrkocfogbnenz3c647ibqixiad.onion,yes
genesis,Westgate,US,,2026-07-05,http://genesis6ixpb5mcy4kudybtw5op2wqlrkocfogbnenz3c647ibqixiad.onion/9044897212b7bf3322ac/,listed,,,,published,http://genesis6ixpb5mcy4kudybtw5op2wqlrkocfogbnenz3c647ibqixiad.onion,yes
genesis,Dunagan Associates,US,Business Services,2026-07-05,http://genesis6ixpb5mcy4kudybtw5op2wqlrkocfogbnenz3c647ibqixiad.onion/71d3fc53ffdf5a7c6674/,listed,,,,published,http://genesis6ixpb5mcy4kudybtw5op2wqlrkocfogbnenz3c647ibqixiad.onion,yes
genesis,Synergy Interactive,US,Technology,2026-07-05,http://genesis6ixpb5mcy4kudybtw5op2wqlrkocfogbnenz3c647ibqixiad.onion/2fece95cf598c61bc7e0/,listed,,,,published,http://genesis6ixpb5mcy4kudybtw5op2wqlrkocfogbnenz3c647ibqixiad.onion,yes
genesis,East Texas Family Medicine,US,Healthcare,2026-07-05,http://genesis6ixpb5mcy4kudybtw5op2wqlrkocfogbnenz3c647ibqixiad.onion/2ab3c68d011400ca76f7/,listed,,,,published,http://genesis6ixpb5mcy4kudybtw5op2wqlrkocfogbnenz3c647ibqixiad.onion,yes
wallstreet,Gold Standard Automotive,US,Manufacturing,2026-07-04,,listed,,,,,,no
wallstreet,Baraga County Memorial Hospital,US,Healthcare,2026-07-04,,listed,,,,,,no
wallstreet,Edgewood Police Department,US,Public Sector,2026-07-04,,listed,,,,,,no
wallstreet,Asisken,EC,,2026-07-04,,listed,,,,,,no
unsafe,Deutsche Bank,DE,Financial Services,2026-07-04,http://unsafeipw6wbkzzmj7yqp7bz6j7ivzynggmwxsm6u2wwfmfqrxqrrhyd.onion/reel/6a48eb478b37a93648b56d3e?page=1,listed,,,,countdown,http://unsafeipw6wbkzzmj7yqp7bz6j7ivzynggmwxsm6u2wwfmfqrxqrrhyd.onion,yes
play,Locati Architects,AU,Construction,2026-07-04,http://j75o7xvvsm4lpsjhkjvb4wl2q6ajegvabe6oswthuaubbykk4xkzgpid.onion/topic.php?id=8fJN1qE5MO0ev0,listed,,,,,,no
play,Silvestri & Associates Insurance,US,Financial Services,2026-07-04,http://j75o7xvvsm4lpsjhkjvb4wl2q6ajegvabe6oswthuaubbykk4xkzgpid.onion/topic.php?id=omRP0Z54cH0P8e,listed,,,,,,no
qilin,TQ Financial Services,,Financial Services,2026-07-03,http://ijzn3sicrcy7guixkzjkib4ukbiilwc3xhnmby4mcbccnsd7j2rekvqd.onion/site/blog?uuid=abf9c42a-1ce2-43e2-a6ae-ffe1f669d054,listed,,,,,,no
qilin,Md Lewis,US,,2026-07-03,http://ijzn3sicrcy7guixkzjkib4ukbiilwc3xhnmby4mcbccnsd7j2rekvqd.onion/site/blog?uuid=98be2e40-0a3b-45e1-b490-65624dbc6801,listed,,,,,,no
qilin,Goodwill Manasota,US,Consumer Services,2026-07-03,http://ijzn3sicrcy7guixkzjkib4ukbiilwc3xhnmby4mcbccnsd7j2rekvqd.onion/site/blog?uuid=20de175e-9b1b-48a2-b953-827c18de8aef,listed,,,,,,no
qilin,Sitmatic,DE,Technology,2026-07-03,http://ijzn3sicrcy7guixkzjkib4ukbiilwc3xhnmby4mcbccnsd7j2rekvqd.onion/site/blog?uuid=59fa35e9-0cf8-4178-b372-617f08a8b622,listed,,,,,,no
qilin,Sisint,PT,Technology,2026-07-03,http://ijzn3sicrcy7guixkzjkib4ukbiilwc3xhnmby4mcbccnsd7j2rekvqd.onion/site/blog?uuid=dc445be0-dece-4603-88e8-b7578daaabf5,listed,,,,,,no
blackfield,redeplastrs.com.br,BR,Manufacturing,2026-07-03,http://2mgkz2ntx5vpgt4jj4gir77eqx7g6owapm2mkzpjswyl74fni7jgdmyd.onion/detail/e8e546c8-f6a7-4f9d-8b1a-e2a538880752,listed,,,,,,no
apt73,aydeniz.com,TR,,2026-07-03,http://basherq53eniermxovo3bkduw5qqq5bkqcml3qictfmamgvmzovykyqd.onion/page_company.php?id=177,listed,,,,,,no
pear,"AC Beverage, Inc.",US,Agriculture and Food Production,2026-07-03,http://pearsmob5sn44ismokiusuld34pnfwi6ctgin3qbvonpoob4lh3rmtqd.onion/Companies/acbeverage,listed,,580 Gb,,published,http://peargxn3oki34c4savcbcfqofjjwjnnyrlrbszfv6ujlx36mhrh57did.onion,yes
pear,CNW Electronics Pte Ltd,SG,Manufacturing,2026-07-03,http://pearsmob5sn44ismokiusuld34pnfwi6ctgin3qbvonpoob4lh3rmtqd.onion/Companies/cnw,listed,,4.6 Tb,,published,http://peargxn3oki34c4savcbcfqofjjwjnnyrlrbszfv6ujlx36mhrh57did.onion,yes
krybit,majuhome.com.my,MY,Consumer Services,2026-07-03,http://krybitxdpxohsmjooeb3gbgpmdddreh6mnflzac6bnezz74b7yje67yd.onion/blog/cba113326007e55f5a42925d7f85f9edac137e1947522b425477006d0da47d78/,listed,,,,,,no
krybit,duflosa.com,MX,,2026-07-03,http://krybitqsdzwmhnitvwuhvsntfgf2wrhxveyxroxpc44c6gkft2cqldyd.onion/blog/fd765fef9902cef123bf95c1e2a5a98d9f043c02de3d477ef73afac9c1e1a84d/,listed,,,,,,no
incransom,oakparkmi.gov,US,Public Sector,2026-07-03,http://incblog6qu4y4mm4zvw5nrmue6qbwtgjsxpw6b7ixzssu36tsajldoad.onion/blog/disclosures/6a4704745ae71db30cb3362a,listed,,,,,,no
anubis,Ferrum AG,CH,Manufacturing,2026-07-03,http://om6q4a6cyipxvt7ioudxt24cw4oqu4yodmqzl25mqd2hgllymrgu4aqd.onion/r/8MVbCGG1xTXXCrZgdByc2+uH18XQuzuiZVxUiEHdts9ZtUDTGSyY2xhM3Y48zpnft0RpZy6eE0+c1wfLLFyFBsdWZlbjZk,listed,,,,,,no
incransom,tambasa.com,BR,,2026-07-02,http://incblog6qu4y4mm4zvw5nrmue6qbwtgjsxpw6b7ixzssu36tsajldoad.onion/blog/disclosures/6a468eaf5ae71db30ca4ccc0,listed,,,,,,no
incransom,tricountyhs.org,US,Education,2026-07-02,http://incblog6qu4y4mm4zvw5nrmue6qbwtgjsxpw6b7ixzssu36tsajldoad.onion/blog/disclosures/6a4691a75ae71db30ca5296a,listed,,,,,,no
incransom,acworth-ga.gov,US,Public Sector,2026-07-02,http://incblog6qu4y4mm4zvw5nrmue6qbwtgjsxpw6b7ixzssu36tsajldoad.onion/blog/disclosures/6a46888b5ae71db30ca3fad9,listed,,,,,,no
incransom,carvalima.com.br,BR,Business Services,2026-07-02,http://incblog6qu4y4mm4zvw5nrmue6qbwtgjsxpw6b7ixzssu36tsajldoad.onion/blog/disclosures/6a468abe5ae71db30ca4400d,listed,,,,,,no
incransom,ezortea.com.br,BR,Consumer Services,2026-07-02,http://incblog6qu4y4mm4zvw5nrmue6qbwtgjsxpw6b7ixzssu36tsajldoad.onion/blog/disclosures/6a468b5b5ae71db30ca45835,listed,,,,,,no
incransom,hamilton-eye.com,US,Healthcare,2026-07-02,http://incblog6qu4y4mm4zvw5nrmue6qbwtgjsxpw6b7ixzssu36tsajldoad.onion/blog/disclosures/6a468c355ae71db30ca47b2d,listed,,,,,,no
apt73,flazio.com,BR,Technology,2026-07-02,http://basherq53eniermxovo3bkduw5qqq5bkqcml3qictfmamgvmzovykyqd.onion/page_company.php?id=176,listed,,,,,,no
apt73,holidaypalace.com,MO,Hospitality and Tourism,2026-07-02,http://basherq53eniermxovo3bkduw5qqq5bkqcml3qictfmamgvmzovykyqd.onion/page_company.php?id=175,listed,,,,,,no
apt73,ritavo.com,AT,,2026-07-02,http://basherq53eniermxovo3bkduw5qqq5bkqcml3qictfmamgvmzovykyqd.onion/page_company.php?id=174,listed,,,,,,no
worldleaks,Service IT,BR,Business Services,2026-07-02,https://worldleaksartrjm3c6vasllvgacbi5u3mgzkluehrzhk2jz4taufuid.onion/companies/8620103939,listed,,,,,,no
worldleaks,Treet Group of Companies,PK,Business Services,2026-07-02,https://worldleaksartrjm3c6vasllvgacbi5u3mgzkluehrzhk2jz4taufuid.onion/companies/0890882219,listed,,,,,,no
anubis,Quest Healthcare Solutions,US,Healthcare,2026-07-02,http://om6q4a6cyipxvt7ioudxt24cw4oqu4yodmqzl25mqd2hgllymrgu4aqd.onion/r/ZxMuptij8OrXtBb4TyaPrfDFsvfmfD4otvTwmnvCXIBU5W+YfSjke0DNnrdrCPDPvRWvmCkwFFbjgtFGU3mvjEl1dFI5V3NB,listed,,,,,,no
moneymessage,X-Copper Professional,US,Manufacturing,2026-07-02,http://blogvl7tjyjvsfthobttze52w36wwiz34hrfcmorgvdzb6hikucb7aqd.onion/news.php?id=1,listed,,,,,,no
qilin,Pennant Hills Golf Club,AU,Hospitality and Tourism,2026-07-02,http://ijzn3sicrcy7guixkzjkib4ukbiilwc3xhnmby4mcbccnsd7j2rekvqd.onion/site/blog?uuid=58f96ce6-c718-4160-9b1e-9a4653f88936,listed,,,,,,no
payload,Tofutown,DE,Agriculture and Food Production,2026-07-02,http://payloadrz5yw227brtbvdqpnlhq3rdcdekdnn3rgucbcdeawq2v6vuyd.onion/posts/f2c0075f-ac9b-426d-bbfa-1959e1305d76,listed,,0 GB,,countdown,http://payloadrz5yw227brtbvdqpnlhq3rdcdekdnn3rgucbcdeawq2v6vuyd.onion,yes
spacebears,Salters propane,US,Energy,2026-07-02,http://5butbkrljkaorg5maepuca25oma7eiwo6a2rlhvkblb4v6mf3ki2ovid.onion/companies/54/salters-propane,listed,,,,published,http://5butbkrljkaorg5maepuca25oma7eiwo6a2rlhvkblb4v6mf3ki2ovid.onion,yes
anubis,Northeast Pediatrics & Adolescent Medicine,,Healthcare,2026-07-02,http://om6q4a6cyipxvt7ioudxt24cw4oqu4yodmqzl25mqd2hgllymrgu4aqd.onion/r/B0nIY7hm7oGVMGt4nThiJP6lUOZYZqUxryCZuOL8ruilfFsdT3CjmeEG+71I3+LCrskYlHzCsSTiSo1po4gEt2TExKVHRN,listed,,,,,,no
incransom,Colorado Rehabilitation and Occupational Medicine,US,Healthcare,2026-07-02,http://incblog6qu4y4mm4zvw5nrmue6qbwtgjsxpw6b7ixzssu36tsajldoad.onion/blog/disclosures/6a45a1b85ae71db30c88ab68,listed,,,,,,no
medusalocker,Estrela,BR,Consumer Services,2026-07-01,http://t33zoj4qwv455fog7qnb2azi5xcdxkixughmmduzbw2rtdgryqfbh6id.onion/company/barafai/,listed,,,,,,no
medusalocker,Karneslegal,,Business Services,2026-07-01,http://t33zoj4qwv455fog7qnb2azi5xcdxkixughmmduzbw2rtdgryqfbh6id.onion/company/bavaqai/,listed,,,,,,no
medusalocker,Sgs Gmbh,DE,Business Services,2026-07-01,http://t33zoj4qwv455fog7qnb2azi5xcdxkixughmmduzbw2rtdgryqfbh6id.onion/company/bavacai/,listed,,,,,,no
medusalocker,Dadolighting,,Manufacturing,2026-07-01,http://t33zoj4qwv455fog7qnb2azi5xcdxkixughmmduzbw2rtdgryqfbh6id.onion/company/bavadai/,listed,,,,,,no
medusalocker,T Online,DE,Telecommunication,2026-07-01,http://t33zoj4qwv455fog7qnb2azi5xcdxkixughmmduzbw2rtdgryqfbh6id.onion/company/bauarai/,listed,,,,,,no
medusalocker,FunkeScheid,DE,Manufacturing,2026-07-01,http://t33zoj4qwv455fog7qnb2azi5xcdxkixughmmduzbw2rtdgryqfbh6id.onion/company/bapamai/,listed,,,,,,no
medusalocker,Mairie Thiverval Grignon,FR,Public Sector,2026-07-01,http://t33zoj4qwv455fog7qnb2azi5xcdxkixughmmduzbw2rtdgryqfbh6id.onion/company/baraaai/,listed,,,,,,no
medusalocker,Dolrad,AE,,2026-07-01,http://t33zoj4qwv455fog7qnb2azi5xcdxkixughmmduzbw2rtdgryqfbh6id.onion/company/batazai/,listed,,,,,,no
medusalocker,Bd,CH,Healthcare,2026-07-01,http://t33zoj4qwv455fog7qnb2azi5xcdxkixughmmduzbw2rtdgryqfbh6id.onion/company/bakaxah/,listed,,,,,,no
medusalocker,Penticton and District Society for Community Living,CA,Public Sector,2026-07-01,http://t33zoj4qwv455fog7qnb2azi5xcdxkixughmmduzbw2rtdgryqfbh6id.onion/company/pdscl/,listed,,,,,,no
thegentlemen,Keywest Projects,CA,Construction,2026-07-01,http://tezwsse5czllksjb7cwp65rvnk4oobmzti2znn42i43bjdfd2prqqkad.onion,listed,,,,,,no
thegentlemen,International Freight Services,US,Transportation/Logistics,2026-07-01,http://tezwsse5czllksjb7cwp65rvnk4oobmzti2znn42i43bjdfd2prqqkad.onion,listed,,,,,,no
thegentlemen,Royal Thai Navy Housing Cooperative,TH,Public Sector,2026-07-01,http://tezwsse5czllksjb7cwp65rvnk4oobmzti2znn42i43bjdfd2prqqkad.onion,listed,,,,,,no
thegentlemen,CTM India Limited motherson INDIA,IN,Manufacturing,2026-07-01,http://tezwsse5czllksjb7cwp65rvnk4oobmzti2znn42i43bjdfd2prqqkad.onion,listed,,,,,,no
thegentlemen,Hooke Laboratories,US,Technology,2026-07-01,http://tezwsse5czllksjb7cwp65rvnk4oobmzti2znn42i43bjdfd2prqqkad.onion,listed,,,,,,no
thegentlemen,GIA Partners,US,Business Services,2026-07-01,http://tezwsse5czllksjb7cwp65rvnk4oobmzti2znn42i43bjdfd2prqqkad.onion,listed,,,,,,no
thegentlemen,Rowley Properties,GB,Business Services,2026-07-01,http://tezwsse5czllksjb7cwp65rvnk4oobmzti2znn42i43bjdfd2prqqkad.onion,listed,,,,,,no
thegentlemen,Canada Wide Media,CA,Telecommunication,2026-07-01,http://tezwsse5czllksjb7cwp65rvnk4oobmzti2znn42i43bjdfd2prqqkad.onion,listed,,,,,,no
thegentlemen,ErgoMed,GB,Healthcare,2026-07-01,http://tezwsse5czllksjb7cwp65rvnk4oobmzti2znn42i43bjdfd2prqqkad.onion,listed,,,,,,no
thegentlemen,MBO GmbH,DE,Business Services,2026-07-01,http://tezwsse5czllksjb7cwp65rvnk4oobmzti2znn42i43bjdfd2prqqkad.onion,listed,,,,,,no
thegentlemen,Meccanica Gn,IT,Manufacturing,2026-07-01,http://tezwsse5czllksjb7cwp65rvnk4oobmzti2znn42i43bjdfd2prqqkad.onion,listed,,,,,,no
thegentlemen,Al Dhow Group,AE,Transportation/Logistics,2026-07-01,http://tezwsse5czllksjb7cwp65rvnk4oobmzti2znn42i43bjdfd2prqqkad.onion,listed,,,,,,no
thegentlemen,Beran Concrete,CZ,Construction,2026-07-01,http://tezwsse5czllksjb7cwp65rvnk4oobmzti2znn42i43bjdfd2prqqkad.onion,listed,,,,,,no
thegentlemen,BDS CZ,CZ,Business Services,2026-07-01,http://tezwsse5czllksjb7cwp65rvnk4oobmzti2znn42i43bjdfd2prqqkad.onion,listed,,,,,,no
thegentlemen,Stadttheater Giessen,DE,Hospitality and Tourism,2026-07-01,http://tezwsse5czllksjb7cwp65rvnk4oobmzti2znn42i43bjdfd2prqqkad.onion,listed,,,,,,no
thegentlemen,Gegenbauer Elektrotechnik,AT,Manufacturing,2026-07-01,http://tezwsse5czllksjb7cwp65rvnk4oobmzti2znn42i43bjdfd2prqqkad.onion,listed,,,,,,no
thegentlemen,Bell Hardware,US,Consumer Services,2026-07-01,http://tezwsse5czllksjb7cwp65rvnk4oobmzti2znn42i43bjdfd2prqqkad.onion,listed,,,,,,no
thegentlemen,CHIFENG GOLD SEPON,LA,Energy,2026-07-01,http://tezwsse5czllksjb7cwp65rvnk4oobmzti2znn42i43bjdfd2prqqkad.onion,listed,,,,,,no
thegentlemen,Natren,US,Healthcare,2026-07-01,http://tezwsse5czllksjb7cwp65rvnk4oobmzti2znn42i43bjdfd2prqqkad.onion,listed,,,,,,no
thegentlemen,Au Vieux Campeur,FR,Consumer Services,2026-07-01,http://tezwsse5czllksjb7cwp65rvnk4oobmzti2znn42i43bjdfd2prqqkad.onion,listed,,,,,,no
thegentlemen,"Ayres Carr & Sullivan, P.C.",US,Business Services,2026-07-01,http://tezwsse5czllksjb7cwp65rvnk4oobmzti2znn42i43bjdfd2prqqkad.onion,listed,,,,,,no
thegentlemen,Immling,DE,,2026-07-01,http://tezwsse5czllksjb7cwp65rvnk4oobmzti2znn42i43bjdfd2prqqkad.onion,listed,,,,,,no
thegentlemen,DHC Corporation,JP,,2026-07-01,http://tezwsse5czllksjb7cwp65rvnk4oobmzti2znn42i43bjdfd2prqqkad.onion,listed,,,,,,no
thegentlemen,Steegaa Interior,AE,Consumer Services,2026-07-01,http://tezwsse5czllksjb7cwp65rvnk4oobmzti2znn42i43bjdfd2prqqkad.onion,listed,,,,,,no
thegentlemen,Indra Group,ES,Technology,2026-07-01,http://tezwsse5czllksjb7cwp65rvnk4oobmzti2znn42i43bjdfd2prqqkad.onion,listed,,,,,,no
thegentlemen,Climax Technology,TW,Technology,2026-07-01,http://tezwsse5czllksjb7cwp65rvnk4oobmzti2znn42i43bjdfd2prqqkad.onion,listed,,,,,,no
thegentlemen,Centre Ophtalmologique dErmont,FR,Healthcare,2026-07-01,http://tezwsse5czllksjb7cwp65rvnk4oobmzti2znn42i43bjdfd2prqqkad.onion,listed,,,,,,no
thegentlemen,Comp Trading Co,TH,Business Services,2026-07-01,http://tezwsse5czllksjb7cwp65rvnk4oobmzti2znn42i43bjdfd2prqqkad.onion,listed,,,,,,no
thegentlemen,Mondottica,IT,Consumer Services,2026-07-01,http://tezwsse5czllksjb7cwp65rvnk4oobmzti2znn42i43bjdfd2prqqkad.onion,listed,,,,,,no
thegentlemen,OSP HOLDING FRANCE,FR,Business Services,2026-07-01,http://tezwsse5czllksjb7cwp65rvnk4oobmzti2znn42i43bjdfd2prqqkad.onion,listed,,,,,,no
thegentlemen,NATURGHIACCIO,IT,Agriculture and Food Production,2026-07-01,http://tezwsse5czllksjb7cwp65rvnk4oobmzti2znn42i43bjdfd2prqqkad.onion,listed,,,,,,no
thegentlemen,MakoLab,PL,Technology,2026-07-01,http://tezwsse5czllksjb7cwp65rvnk4oobmzti2znn42i43bjdfd2prqqkad.onion,listed,,,,,,no
thegentlemen,EMAS Group,CZ,Energy,2026-07-01,http://tezwsse5czllksjb7cwp65rvnk4oobmzti2znn42i43bjdfd2prqqkad.onion,listed,,,,,,no
thegentlemen,The City of Boyne City,US,Public Sector,2026-07-01,http://tezwsse5czllksjb7cwp65rvnk4oobmzti2znn42i43bjdfd2prqqkad.onion,listed,,,,,,no
thegentlemen,Oron Law Firm,CH,Business Services,2026-07-01,http://tezwsse5czllksjb7cwp65rvnk4oobmzti2znn42i43bjdfd2prqqkad.onion,listed,,,,,,no
thegentlemen,Wacha Justen,NI,,2026-07-01,http://tezwsse5czllksjb7cwp65rvnk4oobmzti2znn42i43bjdfd2prqqkad.onion,listed,,,,,,no
thegentlemen,CUI Agency,US,,2026-07-01,http://tezwsse5czllksjb7cwp65rvnk4oobmzti2znn42i43bjdfd2prqqkad.onion,listed,,,,,,no
thegentlemen,Melcor Developments Ltd,CA,Construction,2026-07-01,http://tezwsse5czllksjb7cwp65rvnk4oobmzti2znn42i43bjdfd2prqqkad.onion,listed,,,,,,no
thegentlemen,FAC Logistique,FR,Transportation/Logistics,2026-07-01,http://tezwsse5czllksjb7cwp65rvnk4oobmzti2znn42i43bjdfd2prqqkad.onion,listed,,,,,,no
thegentlemen,SDEZ,FR,,2026-07-01,http://tezwsse5czllksjb7cwp65rvnk4oobmzti2znn42i43bjdfd2prqqkad.onion,listed,,,,,,no
thegentlemen,Pou Sheng International,TW,Consumer Services,2026-07-01,http://tezwsse5czllksjb7cwp65rvnk4oobmzti2znn42i43bjdfd2prqqkad.onion,listed,,,,,,no
safepay,awo-suedost.de,DE,Public Sector,2026-07-01,http://safepaypfxntwixwjrlcscft433ggemlhgkkdupi2ynhtcmvdgubmoyd.onion/blog/post/awo-suedostde/,listed,,,,,,no
safepay,dia179.com,DE,,2026-07-01,http://safepaypfxntwixwjrlcscft433ggemlhgkkdupi2ynhtcmvdgubmoyd.onion/blog/post/dia179com/,listed,,,,,,no
safepay,eaglecrestlife.org,US,Healthcare,2026-07-01,http://safepaypfxntwixwjrlcscft433ggemlhgkkdupi2ynhtcmvdgubmoyd.onion/blog/post/eaglecrestlifeorg/,listed,,,,,,no
incransom,https://www.roundshield.com/,GB,Business Services,2026-07-01,http://incblog6qu4y4mm4zvw5nrmue6qbwtgjsxpw6b7ixzssu36tsajldoad.onion/blog/disclosures/6a455c245ae71db30c80f236,listed,,,,,,no
stormous,BN: higuchi-inc Report Error & Warning⁠,,Business Services,2026-07-01,http://3slz4povugieoi3tw7sblxoowxhbzxeju427cffsst5fo2tizepwatid.onion,listed,,,,,,no
braincipher,digitaldynamics.com,US,Technology,2026-07-01,http://vkvsgl7lhipjirmz6j5ubp3w3bwvxgcdbpi3fsbqngfynetqtw4w5hyd.onion/n/digitaldynamics,listed,,,,published,http://vkvsgl7lhipjirmz6j5ubp3w3bwvxgcdbpi3fsbqngfynetqtw4w5hyd.onion,yes
braincipher,goldenstateortho.com,US,Healthcare,2026-07-01,http://vkvsgl7lhipjirmz6j5ubp3w3bwvxgcdbpi3fsbqngfynetqtw4w5hyd.onion/n/goldenstateortho,listed,,,,published,http://vkvsgl7lhipjirmz6j5ubp3w3bwvxgcdbpi3fsbqngfynetqtw4w5hyd.onion,yes
braincipher,printronix.com,US,Manufacturing,2026-07-01,http://vkvsgl7lhipjirmz6j5ubp3w3bwvxgcdbpi3fsbqngfynetqtw4w5hyd.onion/n/printronix,listed,,,,,,no
worldleaks,Starpool,IT,Consumer Services,2026-07-01,https://worldleaksartrjm3c6vasllvgacbi5u3mgzkluehrzhk2jz4taufuid.onion/companies/2426345623,listed,,,,,,no
worldleaks,COMHAR,US,Business Services,2026-07-01,https://worldleaksartrjm3c6vasllvgacbi5u3mgzkluehrzhk2jz4taufuid.onion/companies/6659711612,listed,,,,,,no
krybit,blaofood.com,,Agriculture and Food Production,2026-07-01,http://krybitqsdzwmhnitvwuhvsntfgf2wrhxveyxroxpc44c6gkft2cqldyd.onion/blog/299da2348c6c4fbf61255f0840df240808a4e97e8cb36cedd90fbec981d5f489/,listed,,,,,,no
krybit,jaws.com.tw,TW,Technology,2026-07-01,http://krybitqsdzwmhnitvwuhvsntfgf2wrhxveyxroxpc44c6gkft2cqldyd.onion/blog/39313bc67cfc4e123e9e7a7cbaa11adc275a96ff72e3a951d4593db6d028fc86/,listed,,,,,,no
krybit,gsp.es,ES,Transportation/Logistics,2026-07-01,http://krybitqsdzwmhnitvwuhvsntfgf2wrhxveyxroxpc44c6gkft2cqldyd.onion/blog/dc7ee87eb6a2e25dcd3f3dfd202126715f6160d98647bff01de1092dd89f9e33/,listed,,,,,,no
krybit,www.diss.com,US,,2026-07-01,http://krybitqsdzwmhnitvwuhvsntfgf2wrhxveyxroxpc44c6gkft2cqldyd.onion/blog/cf390eb1150ad8606a7a4c25537768aca7933252ad7f5a622260f33373a92296/,listed,,,,,,no
krybit,gitmea.com,ME,Technology,2026-07-01,http://krybitqsdzwmhnitvwuhvsntfgf2wrhxveyxroxpc44c6gkft2cqldyd.onion/blog/e7151f9c62b2ce53aff4f3813c6899cd9d6173ed631b6874663fccaf47238744/,listed,,,,,,no
krybit,"TRANSPORTES Y LOGISTICA BRAS, S.A",,Transportation/Logistics,2026-07-01,http://krybitqsdzwmhnitvwuhvsntfgf2wrhxveyxroxpc44c6gkft2cqldyd.onion/blog/8f92608da7fd29f35c725ebb627629d15c396fb9290422986e2d941496577f3d/,listed,,,,published,http://krybieodq754vlwufrsuxaswxb5zpxyibaawmed2jaduoz2e5m56hmid.onion,yes
krybit,aai.com.tw,TW,Technology,2026-07-01,http://krybitqsdzwmhnitvwuhvsntfgf2wrhxveyxroxpc44c6gkft2cqldyd.onion/blog/f5b11ea64f1e8b628a97590888ece33f4091ad247ab5faa56dc1deccd783a8d6/,listed,,,,,,no
krybit,www.northern-access.com,CA,Technology,2026-07-01,http://krybitqsdzwmhnitvwuhvsntfgf2wrhxveyxroxpc44c6gkft2cqldyd.onion/blog/db1d4fc953a82e4d71d85b512a220e1a6e0b9ea8f83657f59208c117dee77767/,listed,,,,,,no
krybit,moscati.org,IT,Healthcare,2026-07-01,http://krybitqsdzwmhnitvwuhvsntfgf2wrhxveyxroxpc44c6gkft2cqldyd.onion/blog/6df39ec3db9d6372988978d4cd131725f19ddf50ead77550bfc58cdcd686f9ad/,listed,,,,,,no
blacknevas,Abans Group,LK,Consumer Services,2026-07-01,http://ctyfftrjgtwdjzlgqh4avbd35sqrs6tde4oyam2ufbjch6oqpqtkdtid.onion/21316412-7321-43e4-bd3a-6f7ef5811446,listed,,,,,,no
akira,Refinery Hotel,,Hospitality and Tourism,2026-07-01,http://akiral2iz6a7qgd3ayp3l6yub7xx2uep76idk3u2kollpj5z3z636bad.onion,listed,,,,,,no
qilin,Dennis Waters Rental Properties,GB,Consumer Services,2026-07-01,http://ijzn3sicrcy7guixkzjkib4ukbiilwc3xhnmby4mcbccnsd7j2rekvqd.onion/site/blog?uuid=ba701696-1c93-417d-a1cb-c69e714cc3f2,listed,,,,,,no
qilin,Mattatuck Industrial Scrap Metal,US,Business Services,2026-07-01,http://ijzn3sicrcy7guixkzjkib4ukbiilwc3xhnmby4mcbccnsd7j2rekvqd.onion/site/blog?uuid=2f884907-4973-409e-92dd-5ef8c7f3431a,listed,,,,,,no
qilin,Laughlin Nunnally Hood & Crum,US,Business Services,2026-07-01,http://ijzn3sicrcy7guixkzjkib4ukbiilwc3xhnmby4mcbccnsd7j2rekvqd.onion/site/blog?uuid=2895dd71-2d77-4c70-badf-cd39e1ae9992,listed,,,,,,no
qilin,Rossum Integration,SK,Business Services,2026-07-01,http://ijzn3sicrcy7guixkzjkib4ukbiilwc3xhnmby4mcbccnsd7j2rekvqd.onion/site/blog?uuid=65ee4abc-01d6-4292-baf0-283f00612efe,listed,,,,,,no
qilin,Dynamic Laser Solutions Ltd.,GB,Manufacturing,2026-07-01,http://ijzn3sicrcy7guixkzjkib4ukbiilwc3xhnmby4mcbccnsd7j2rekvqd.onion/site/blog?uuid=34b7e3d1-82ce-4455-9944-ea6c2ede92fc,listed,,,,,,no
qilin,Dixie Beverage,US,Consumer Services,2026-07-01,http://ijzn3sicrcy7guixkzjkib4ukbiilwc3xhnmby4mcbccnsd7j2rekvqd.onion/site/blog?uuid=a9bf0d58-3647-4639-9619-21dbf58dd83c,listed,,,,,,no
shinyhunters,Fluke Corporation,US,Manufacturing,2026-07-01,http://toolatedhs5dtr2pv6h5kdraneak5gs3sxrecqhoufc5e45edior7mqd.onion,listed,,,,,,no
shinyhunters,"Ingram Content Group, Inc.",US,Business Services,2026-07-01,http://toolatedhs5dtr2pv6h5kdraneak5gs3sxrecqhoufc5e45edior7mqd.onion,listed,,,,,,no
incransom,horizoneye.com,US,Technology,2026-07-01,http://incblog6qu4y4mm4zvw5nrmue6qbwtgjsxpw6b7ixzssu36tsajldoad.onion/blog/disclosures/6a3926cc5ae71db30c25aebd,listed,,,,,,no
aurora,Primed Halberstadt Medizintechnik,DE,Healthcare,2026-06-30,http://u6lieui2dakbctcjea2bz4r4q32r7t36nwljovqbv7mxs6o2smgxixid.onion/blog/primed-halberstadt-medizintechnik-b278bad0,listed,,,,,,no
play,Western Construction,US,Construction,2026-06-30,http://j75o7xvvsm4lpsjhkjvb4wl2q6ajegvabe6oswthuaubbykk4xkzgpid.onion/topic.php?id=yXJej0EB4mGwto,listed,,,,,,no
chaos,universalplant.com,US,Agriculture and Food Production,2026-06-30,http://hptqq2o2qjva7lcaaq67w36jihzivkaitkexorauw7b2yul2z6zozpqd.onion/post/iA8ZqwqvbWAadhAdslngN5Kiazx2CWrf,listed,,,,,,no
braincipher,paipharma.com,BR,Healthcare,2026-06-30,http://vkvsgl7lhipjirmz6j5ubp3w3bwvxgcdbpi3fsbqngfynetqtw4w5hyd.onion/n/paipharma,listed,,,,published,http://vkvsgl7lhipjirmz6j5ubp3w3bwvxgcdbpi3fsbqngfynetqtw4w5hyd.onion,yes
genesis,Brooklyn Defender Services,US,Business Services,2026-06-30,http://genesis6ixpb5mcy4kudybtw5op2wqlrkocfogbnenz3c647ibqixiad.onion/dc06151338c54194081a/,listed,,,,,,no
settra,petradiamonds.com,GB,Energy,2026-06-30,http://settra5ldqwgtw5q7z5awbsvlksakyfojuc5slgrz5lvapune4fantqd.onion/leaks/6fee8323-d161-41fa-9e15-44587cd719c3,listed,,,,,,no
settra,orion4value.com,DE,Business Services,2026-06-30,http://settra5ldqwgtw5q7z5awbsvlksakyfojuc5slgrz5lvapune4fantqd.onion/leaks/f17e01b2-d5fe-4abf-8a7b-8afff9f00be1,listed,,,,,,no
incransom,https://sza.it/,IT,,2026-06-30,http://incblog6qu4y4mm4zvw5nrmue6qbwtgjsxpw6b7ixzssu36tsajldoad.onion/blog/disclosures/6a43bac85ae71db30c4f3cb1,listed,,,,,,no
settra,clc-tn.com,TN,,2026-06-30,http://settra5ldqwgtw5q7z5awbsvlksakyfojuc5slgrz5lvapune4fantqd.onion/leaks/37bfb071-5070-4309-a3ce-f22a3c21ed91,listed,,,,,,no
settra,joyconstructionnyc.com,US,Construction,2026-06-30,http://settra5ldqwgtw5q7z5awbsvlksakyfojuc5slgrz5lvapune4fantqd.onion/leaks/6671b0b3-1bdf-4fe5-a234-9a0a14bec0b7,listed,,,,,,no
settra,wilfley.com,US,Business Services,2026-06-30,http://settra5ldqwgtw5q7z5awbsvlksakyfojuc5slgrz5lvapune4fantqd.onion/leaks/4366363b-7033-428e-864c-707395e481fd,listed,,,,,,no
qilin,Chamco,,Manufacturing,2026-06-30,http://ijzn3sicrcy7guixkzjkib4ukbiilwc3xhnmby4mcbccnsd7j2rekvqd.onion/site/blog?uuid=e10a7d15-361e-45ad-ba34-0167aa8f7ecf,listed,,,,,,no
qilin,Hemmersbach GmbH & Co. KG,DE,Business Services,2026-06-30,http://ijzn3sicrcy7guixkzjkib4ukbiilwc3xhnmby4mcbccnsd7j2rekvqd.onion/site/blog?uuid=9a9add5c-96a6-46b9-8d94-1b9f29f0dc35,listed,,,,,,no
pear,"Spector and Lenz, PC",US,Business Services,2026-06-30,http://pearsmob5sn44ismokiusuld34pnfwi6ctgin3qbvonpoob4lh3rmtqd.onion/Companies/spectorandlenz,listed,,680 Gb,,published,http://peargxn3oki34c4savcbcfqofjjwjnnyrlrbszfv6ujlx36mhrh57did.onion,yes
pear,ORA Group Information,FR,Business Services,2026-06-30,http://pearsmob5sn44ismokiusuld34pnfwi6ctgin3qbvonpoob4lh3rmtqd.onion/Companies/groupe-ora,listed,,4.12 Tb,,published,http://peargxn3oki34c4savcbcfqofjjwjnnyrlrbszfv6ujlx36mhrh57did.onion,yes
pear,Sociedad Latina,US,,2026-06-30,http://pearsmob5sn44ismokiusuld34pnfwi6ctgin3qbvonpoob4lh3rmtqd.onion/Companies/sociedadlatina,listed,,399 Gb,,published,http://peargxn3oki34c4savcbcfqofjjwjnnyrlrbszfv6ujlx36mhrh57did.onion,yes
gunra,Pirámide Seguros,VE,Financial Services,2026-06-30,http://gunrabxbig445sjqa535uaymzerj6fp4nwc6ngc2xughf2pedjdhk4ad.onion,listed,,,,,,no
gunra,on-us,HK,,2026-06-30,http://gunrabxbig445sjqa535uaymzerj6fp4nwc6ngc2xughf2pedjdhk4ad.onion,listed,,,,,,no
gunra,Yuditec S.A.,UY,,2026-06-30,http://gunrabxbig445sjqa535uaymzerj6fp4nwc6ngc2xughf2pedjdhk4ad.onion,listed,,,,,,no
akira,About Todd Hamaker & Johnson,,Business Services,2026-06-30,http://akiral2iz6a7qgd3ayp3l6yub7xx2uep76idk3u2kollpj5z3z636bad.onion,listed,,,,,,no
settra,rcfassoc.com,US,Business Services,2026-06-30,http://settra5ldqwgtw5q7z5awbsvlksakyfojuc5slgrz5lvapune4fantqd.onion/leaks/61f10524-8e3f-477a-b930-96e66b869186,listed,,,,,,no
akira,Advanced Business Systems,,Business Services,2026-06-30,http://akiral2iz6a7qgd3ayp3l6yub7xx2uep76idk3u2kollpj5z3z636bad.onion,listed,,,,,,no
settra,owensborograin.com,US,Agriculture and Food Production,2026-06-30,http://settra5ldqwgtw5q7z5awbsvlksakyfojuc5slgrz5lvapune4fantqd.onion/leaks/674755dc-535a-4596-be30-27ec8694a356,listed,,,,,,no
settra,ilex-paysages.com,FR,Construction,2026-06-30,http://settra5ldqwgtw5q7z5awbsvlksakyfojuc5slgrz5lvapune4fantqd.onion/leaks/59ea3652-fc7b-4ba8-8a4e-e7851e8ef860,listed,,,,,,no
settra,touredge.com,US,Hospitality and Tourism,2026-06-30,http://settra5ldqwgtw5q7z5awbsvlksakyfojuc5slgrz5lvapune4fantqd.onion/leaks/08141de3-0fb8-4468-89a0-83671af4edcb,listed,,,,,,no
settra,vcnyhome.com,,Consumer Services,2026-06-30,http://settra5ldqwgtw5q7z5awbsvlksakyfojuc5slgrz5lvapune4fantqd.onion/leaks/59b44bb2-19f5-42a2-bab8-ec8a8ffbdc75,listed,,,,,,no
settra,infinedi.net,,Technology,2026-06-30,http://settra5ldqwgtw5q7z5awbsvlksakyfojuc5slgrz5lvapune4fantqd.onion/leaks/332874d4-b27f-4d54-94bd-28969f4097f8,listed,,,,,,no
cmdorganization,Medlink Georgia,GE,Healthcare,2026-06-30,http://cmdnkiqjije2tllr3biee2sjgj3i4robg2cbtilbnytdhh2wy3syrlyd.onion,listed,,285 GB,,published,http://cmdnkiqjije2tllr3biee2sjgj3i4robg2cbtilbnytdhh2wy3syrlyd.onion,yes
cmdorganization,Port Angeles Composite,US,Manufacturing,2026-06-30,http://cmdnkiqjije2tllr3biee2sjgj3i4robg2cbtilbnytdhh2wy3syrlyd.onion,listed,,,,,,no
blacknevas,Arkin Group,,Business Services,2026-06-30,http://ctyfftrjgtwdjzlgqh4avbd35sqrs6tde4oyam2ufbjch6oqpqtkdtid.onion/281c9c40-9afe-413a-af7e-9cf7c3fdf3c0,listed,,,,,,no
embargo,www.maytrucking.com,US,Transportation/Logistics,2026-06-30,http://embargobe3n5okxyzqphpmk3moinoap2snz5k6765mvtkk7hhi544jid.onion/#/post/94f8b5f3-4b6f-44c8-a4d3-41fab0dd9d19,listed,,,,,,no
threeam,guardianbarrierservices.com,GB,Business Services,2026-06-29,http://threeamkelxicjsaf2czjyz2lc4q3ngqkxhhlexyfcp2o6raw4rphyad.onion/detail/hbjxpv62a0rbya0it1utlvfs88jux1,listed,,,,,,no
payoutsking,W****e,US,,2026-06-29,http://payoutsgn7cy6uliwevdqspncjpfxpmzgirwl2au65la7rfs5x3qnbqd.onion,listed,,,,,,no
payoutsking,C****h,US,,2026-06-29,http://payoutsgn7cy6uliwevdqspncjpfxpmzgirwl2au65la7rfs5x3qnbqd.onion,listed,,,,,,no
qilin,Kunert Fashion,DE,Manufacturing,2026-06-29,http://ijzn3sicrcy7guixkzjkib4ukbiilwc3xhnmby4mcbccnsd7j2rekvqd.onion/site/blog?uuid=4e1db28d-1fa6-4d7c-b4cf-4477b4db7a5e,listed,,,,,,no
qilin,Musashino University,JP,Education,2026-06-29,http://ijzn3sicrcy7guixkzjkib4ukbiilwc3xhnmby4mcbccnsd7j2rekvqd.onion/site/blog?uuid=8eb0e50b-2e9b-4229-8d9b-8a2fa8262c00,listed,,,,,,no
unsafe,straightperformance.de,DE,Business Services,2026-06-29,http://unsafeipw6wbkzzmj7yqp7bz6j7ivzynggmwxsm6u2wwfmfqrxqrrhyd.onion/reel/6a413e678b37a93648b56ce3?page=1,listed,,,,,,no
qilin,KALIACT ANCHETA et Associs,FR,Business Services,2026-06-29,http://ijzn3sicrcy7guixkzjkib4ukbiilwc3xhnmby4mcbccnsd7j2rekvqd.onion/site/blog?uuid=ccddb420-de65-4577-8d05-f1c349e15103,listed,,,,,,no
qilin,Metal Sur Famin,AR,Manufacturing,2026-06-29,http://ijzn3sicrcy7guixkzjkib4ukbiilwc3xhnmby4mcbccnsd7j2rekvqd.onion/site/blog?uuid=cac189ac-d526-4846-bb5b-30664bf942be,listed,,,,,,no
cmdorganization,Lørenskog kommune,NO,Public Sector,2026-06-29,http://cmdnkiqjije2tllr3biee2sjgj3i4robg2cbtilbnytdhh2wy3syrlyd.onion,listed,,,,,,no
ransomhouse,Bonacio,IT,Construction,2026-06-29,http://zohlm7ahjwegcedoz7lrdrti7bvpofymcayotp744qhx6gjmxbuo2yid.onion/r/31fc2210d41b29da8ec8edd12d19d0917e12792a,listed,,,,,,no
anubis,ESMS Global Limited,GB,Business Services,2026-06-29,http://om6q4a6cyipxvt7ioudxt24cw4oqu4yodmqzl25mqd2hgllymrgu4aqd.onion/r/ynZnbvXp6sKYwH2KTKofzN0r0W1AeMz+spG3fF+XR3eVwETrgf1uXZg0sN1bCE1SfrCXN1zbeti325qJIY1+FzNPQVJXOXN1,listed,,,,,,no
anubis,Boston Orthotics & Prosthetics,US,Healthcare,2026-06-29,http://om6q4a6cyipxvt7ioudxt24cw4oqu4yodmqzl25mqd2hgllymrgu4aqd.onion/r/YkFrufzMlC5yyvaylrJzs4qn9C1Rvuwnb2V8i2CNYw0nIVChKkNpL4WjTrZ4JFZZSC1djRGtNJ4lhEjSFlDYWVMZU1v,listed,,,,,,no
qilin,Lam Soon,TH,Agriculture and Food Production,2026-06-29,http://ijzn3sicrcy7guixkzjkib4ukbiilwc3xhnmby4mcbccnsd7j2rekvqd.onion/site/blog?uuid=b8094546-2286-4db0-aa25-4c12fc65e1be,listed,,,,,,no
qilin,Bristol Place,GB,,2026-06-29,http://ijzn3sicrcy7guixkzjkib4ukbiilwc3xhnmby4mcbccnsd7j2rekvqd.onion/site/blog?uuid=23638b37-efe6-4aac-9206-160607d09b29,listed,,,,,,no
qilin,Gsma,GB,Telecommunication,2026-06-29,http://ijzn3sicrcy7guixkzjkib4ukbiilwc3xhnmby4mcbccnsd7j2rekvqd.onion/site/blog?uuid=04d80cd8-9c4d-472a-87b4-3c29c3d85bb5,listed,,,,,,no
blacknevas,Abans Finserv,IN,Consumer Services,2026-06-29,http://ctyfftrjgtwdjzlgqh4avbd35sqrs6tde4oyam2ufbjch6oqpqtkdtid.onion/21316412-7321-43e4-bd3a-6f7ef5811446,listed,,,,,,no
dragonforce,hwaseng,TW,,2026-06-29,http://z3wqggtxft7id3ibr7srivv5gjof5fwg76slewnzwwakjuf3nlhukdid.onion/blog/?post_uuid=342630cf-5aaf-4c06-bdf0-80a70c300bbb,listed,,,,,,no
dragonforce,agroprime,BR,Agriculture and Food Production,2026-06-29,http://z3wqggtxft7id3ibr7srivv5gjof5fwg76slewnzwwakjuf3nlhukdid.onion/blog/?post_uuid=0fe755b6-1c08-4a19-8e89-bd90699bcfc7,listed,,,,,,no
dragonforce,stni.co.kr,KR,,2026-06-29,http://z3wqggtxft7id3ibr7srivv5gjof5fwg76slewnzwwakjuf3nlhukdid.onion/blog/?post_uuid=2050a4f3-e6f6-441e-b898-99cc53b3f822,listed,,,,,,no
dragonforce,vipimaging,US,Healthcare,2026-06-29,http://z3wqggtxft7id3ibr7srivv5gjof5fwg76slewnzwwakjuf3nlhukdid.onion/blog/?post_uuid=cba47217-b041-44c5-8c3f-f2edf6cee00a,listed,,,,,,no
incransom,GDN AR(Dorinka),AR,,2026-06-29,http://incblog6qu4y4mm4zvw5nrmue6qbwtgjsxpw6b7ixzssu36tsajldoad.onion/blog/disclosures/6a42457f5ae71db30c23ffa4,listed,,,,,,no
dragonforce,medipakpharma.com,PK,Healthcare,2026-06-29,http://z3wqggtxft7id3ibr7srivv5gjof5fwg76slewnzwwakjuf3nlhukdid.onion/blog/?post_uuid=f34ddda4-9dca-40a8-98e7-d1abccead8ea,listed,,,,,,no
cmdorganization,"METCO Services, Metco Southeast",US,Business Services,2026-06-29,http://cmdnkiqjije2tllr3biee2sjgj3i4robg2cbtilbnytdhh2wy3syrlyd.onion,listed,,,,,,no
blackfield,ccic.com.tw,TW,Manufacturing,2026-06-29,http://2mgkz2ntx5vpgt4jj4gir77eqx7g6owapm2mkzpjswyl74fni7jgdmyd.onion/detail/7c0d40b6-11af-429a-a10b-cc542fe710fa,listed,,,,,,no
payload,Villea Hotels in AttanaHo,,Hospitality and Tourism,2026-06-29,http://payloadrz5yw227brtbvdqpnlhq3rdcdekdnn3rgucbcdeawq2v6vuyd.onion/posts/4b9503f3-44bc-4c7a-bfac-68ca31acaa75,listed,,,,,,no
qilin,Axionlog,CZ,Technology,2026-06-29,http://ijzn3sicrcy7guixkzjkib4ukbiilwc3xhnmby4mcbccnsd7j2rekvqd.onion/site/blog?uuid=16f73732-0e0d-41b6-b200-3d61862e2d98,listed,,,,,,no
qilin,NASCO,US,Agriculture and Food Production,2026-06-29,http://ijzn3sicrcy7guixkzjkib4ukbiilwc3xhnmby4mcbccnsd7j2rekvqd.onion/site/blog?uuid=39ffae26-2910-4b24-9926-9112f1be26b1,listed,,,,,,no
stormous,maglificioliliana.com UPDATE-FULL DATA DUMP FREE PART1,,,2026-06-28,http://stmxylixiz4atpmkspvhkym4xccjvpcv3v67uh3dze7xwwhtnz4faxid.onion,listed,,,,,,no
stormous,lorenzoni-store.com UPDATE-FULL DATA DUMP FREE PART1,,Consumer Services,2026-06-28,http://stmxylixiz4atpmkspvhkym4xccjvpcv3v67uh3dze7xwwhtnz4faxid.onion,listed,,,,,,no
stormous,montechiaro-store.com UPDATE-FULL DATA DUMP FREE PART1,,Consumer Services,2026-06-28,http://stmxylixiz4atpmkspvhkym4xccjvpcv3v67uh3dze7xwwhtnz4faxid.onion,listed,,,,,,no
stormous,impulso-store.com UPDATE-FULL DATA DUMP FREE PART1,,Consumer Services,2026-06-28,http://stmxylixiz4atpmkspvhkym4xccjvpcv3v67uh3dze7xwwhtnz4faxid.onion,listed,,,,,,no
stormous,higuchi-inc.co.jp,JP,,2026-06-28,http://3slz4povugieoi3tw7sblxoowxhbzxeju427cffsst5fo2tizepwatid.onion,listed,,,,,,no
stormous,"HIGUCHI USA, INC",US,Manufacturing,2026-06-28,http://3slz4povugieoi3tw7sblxoowxhbzxeju427cffsst5fo2tizepwatid.onion,listed,,,,,,no
stormous,eogb.co.uk,GB,Energy,2026-06-28,http://3slz4povugieoi3tw7sblxoowxhbzxeju427cffsst5fo2tizepwatid.onion,listed,,,,,,no
stormous,eshacloudqa.com,US,Technology,2026-06-28,http://3slz4povugieoi3tw7sblxoowxhbzxeju427cffsst5fo2tizepwatid.onion,listed,,,,,,no
stormous,monoprix.tn,TN,Consumer Services,2026-06-28,http://3slz4povugieoi3tw7sblxoowxhbzxeju427cffsst5fo2tizepwatid.onion,listed,,,,,,no
stormous,Official Statement: Protecting palatineschool.org Infrastructure,,Education,2026-06-28,http://3slz4povugieoi3tw7sblxoowxhbzxeju427cffsst5fo2tizepwatid.onion,listed,,,,,,no
prinzeugen,Driving School Software,,Education,2026-06-28,http://prinzfkbjiazbrur4mjje6mntjc4vydx3iatkkzycufoylqcoo4y7pqd.onion/driving-school-software,listed,,,,,,no
qilin,1-800-dentist,US,Consumer Services,2026-06-28,http://ijzn3sicrcy7guixkzjkib4ukbiilwc3xhnmby4mcbccnsd7j2rekvqd.onion/site/blog?uuid=764d68f8-7f13-45c1-99f9-c8d5ac187a12,listed,,,,,,no
qilin,Transcore,US,Transportation/Logistics,2026-06-28,http://ijzn3sicrcy7guixkzjkib4ukbiilwc3xhnmby4mcbccnsd7j2rekvqd.onion/site/blog?uuid=7a16da08-fd95-4288-931c-49f334ca12ca,listed,,,,,,no
settra,canopybrands.us,CA,Consumer Services,2026-06-28,http://settra5ldqwgtw5q7z5awbsvlksakyfojuc5slgrz5lvapune4fantqd.onion/leaks/9f530778-400f-4168-acff-24b1b41a201f,listed,,,,,,no
settra,conduril.pt,PT,,2026-06-28,http://settra5ldqwgtw5q7z5awbsvlksakyfojuc5slgrz5lvapune4fantqd.onion/leaks/ec9fe981-2337-4332-85de-beb13c6a36fe,listed,,,,,,no
settra,hmcfarms.com,US,Agriculture and Food Production,2026-06-28,http://settra5ldqwgtw5q7z5awbsvlksakyfojuc5slgrz5lvapune4fantqd.onion/leaks/85141d53-daf1-4974-8290-a0ef4209ede2,listed,,,,,,no
settra,doosan.com,KR,Manufacturing,2026-06-28,http://settra5ldqwgtw5q7z5awbsvlksakyfojuc5slgrz5lvapune4fantqd.onion/leaks/ff440359-badf-4776-b8e4-38e86879c90d,listed,,,,,,no
settra,tmscentral.com,US,Transportation/Logistics,2026-06-28,http://settra5ldqwgtw5q7z5awbsvlksakyfojuc5slgrz5lvapune4fantqd.onion/leaks/16bb5c6a-24de-482d-8af2-4a19d8bb75af,listed,,,,,,no
settra,va-glass.com,VA,Manufacturing,2026-06-28,http://settra5ldqwgtw5q7z5awbsvlksakyfojuc5slgrz5lvapune4fantqd.onion/leaks/8f756aaa-cdb9-43de-be87-9b6ec2f089b5,listed,,,,,,no
settra,pchome.com.tw,TW,Consumer Services,2026-06-28,http://settra5ldqwgtw5q7z5awbsvlksakyfojuc5slgrz5lvapune4fantqd.onion/leaks/3e78ca56-0d2b-4f83-8527-483e26145879,listed,,,,,,no
settra,dystar.com,SG,Manufacturing,2026-06-28,http://settra5ldqwgtw5q7z5awbsvlksakyfojuc5slgrz5lvapune4fantqd.onion/leaks/c1b3a044-cd70-4bf9-a3bd-cf04e48a584f,listed,,,,,,no
settra,qdi.com,US,,2026-06-28,http://settra5ldqwgtw5q7z5awbsvlksakyfojuc5slgrz5lvapune4fantqd.onion/leaks/3067fcd6-9361-4edf-b8d9-f795fb414819,listed,,,,,,no
settra,turbodata.com,US,Technology,2026-06-28,http://settra5ldqwgtw5q7z5awbsvlksakyfojuc5slgrz5lvapune4fantqd.onion/leaks/e0165872-b19f-4db9-9e89-3472d28858d0,listed,,,,,,no
settra,lifevantage.com,US,Consumer Services,2026-06-28,http://settra5ldqwgtw5q7z5awbsvlksakyfojuc5slgrz5lvapune4fantqd.onion/leaks/0a3da5a1-cbd7-4196-ae26-40c07f0d4748,listed,,,,,,no
threeam,acemacon.org,MX,,2026-06-28,http://threeamkelxicjsaf2czjyz2lc4q3ngqkxhhlexyfcp2o6raw4rphyad.onion/detail/ua9d23j5s9ld8z42c0bwhru9zwn93b,listed,,,,,,no
krybit,ford.mx,MX,Manufacturing,2026-06-28,http://krybitqsdzwmhnitvwuhvsntfgf2wrhxveyxroxpc44c6gkft2cqldyd.onion/blog/43109641a8e48eacf077ae756b301acf81e33689c26a6170abf6e17983895bf4/,listed,,,,,,no
thegentlemen,Thyssenkrupp Marine Systems (TKMS) GmbH / Atlas Elektronik,DE,Manufacturing,2026-06-28,http://tezwsse5czllksjb7cwp65rvnk4oobmzti2znn42i43bjdfd2prqqkad.onion,listed,,,,,,no
cmdorganization,Fidelity Security Group,CO,Financial Services,2026-06-28,http://cmdnkiqjije2tllr3biee2sjgj3i4robg2cbtilbnytdhh2wy3syrlyd.onion,listed,,,,,,no
redact,Hologic,US,Healthcare,2026-06-28,http://ursba4dbibo27dtwtgy3l2pc3ekut7helebvmy7ny3b2s3mbzph4qdad.onion/hologic/,listed,,98 GB,,published,http://neclc36yt4yaa5lv54kh4qbhvjcvuv6nnaurqowkellytpvj3afh4aid.onion,yes
redact,FCCI Insurance Group,US,Financial Services,2026-06-28,http://ursba4dbibo27dtwtgy3l2pc3ekut7helebvmy7ny3b2s3mbzph4qdad.onion/fcci/,listed,,,,,,no
safepay,hellmold-plank.de,DE,Manufacturing,2026-06-27,http://safepaypfxntwixwjrlcscft433ggemlhgkkdupi2ynhtcmvdgubmoyd.onion/blog/post/hellmold-plankde/,listed,,,,,,no
play,J&J Gaming,US,Consumer Services,2026-06-27,http://j75o7xvvsm4lpsjhkjvb4wl2q6ajegvabe6oswthuaubbykk4xkzgpid.onion/topic.php?id=4w1k2am8Ci4C3d,listed,,,,,,no
play,Kuhnline,DE,,2026-06-27,http://j75o7xvvsm4lpsjhkjvb4wl2q6ajegvabe6oswthuaubbykk4xkzgpid.onion/topic.php?id=PpzPwMHniRvNIx,listed,,,,,,no
dragonforce,Aptora,US,Technology,2026-06-27,http://z3wqggtxft7id3ibr7srivv5gjof5fwg76slewnzwwakjuf3nlhukdid.onion/blog/?post_uuid=5d3ee0c2-d584-4a80-86ae-53328d19f87c,listed,,,,,,no
incransom,callhorton.com,US,Business Services,2026-06-26,http://incblog6qu4y4mm4zvw5nrmue6qbwtgjsxpw6b7ixzssu36tsajldoad.onion/blog/disclosures/6a3ed7185ae71db30cc451c5,listed,,,,,,no
incransom,johndufourlaw.com,US,Business Services,2026-06-26,http://incblog6qu4y4mm4zvw5nrmue6qbwtgjsxpw6b7ixzssu36tsajldoad.onion/blog/disclosures/6a3ec89a5ae71db30cc28853,listed,,,,,,no
incransom,theswansonlawgroup.com,US,Business Services,2026-06-26,http://incblog6qu4y4mm4zvw5nrmue6qbwtgjsxpw6b7ixzssu36tsajldoad.onion/blog/disclosures/6a3ecaeb5ae71db30cc2d19e,listed,,,,,,no
play,Benchmark Industrial Supply,US,Business Services,2026-06-26,http://j75o7xvvsm4lpsjhkjvb4wl2q6ajegvabe6oswthuaubbykk4xkzgpid.onion/topic.php?id=Nd1Heuh3EIumLi,listed,,,,,,no
akira,Precise Forms,US,Business Services,2026-06-26,http://akiral2iz6a7qgd3ayp3l6yub7xx2uep76idk3u2kollpj5z3z636bad.onion,listed,,,,,,no
nova,NSW Rural Fire Service,AU,Public Sector,2026-06-26,http://novadmrkp4vbk2padk5t6pbxolndceuc7hrcq4mjaoyed6nxsqiuzyyd.onion/nsw-rural-fire-service,listed,,,,,,no
payload,Clínica La Sabana,CR,Healthcare,2026-06-26,http://payloadrz5yw227brtbvdqpnlhq3rdcdekdnn3rgucbcdeawq2v6vuyd.onion/posts/988ba95d-5c4b-49d2-8a14-3f14d9e4b785,listed,,52 GB,,countdown,http://payloadrz5yw227brtbvdqpnlhq3rdcdekdnn3rgucbcdeawq2v6vuyd.onion,yes
payload,Software Arge,TR,Technology,2026-06-26,http://payloadrz5yw227brtbvdqpnlhq3rdcdekdnn3rgucbcdeawq2v6vuyd.onion/posts/3a53575b-d253-4694-811a-81abfa9a48e5,listed,,80 GB,,countdown,http://payloadrz5yw227brtbvdqpnlhq3rdcdekdnn3rgucbcdeawq2v6vuyd.onion,yes
nova,NSW Government (RFS Department),AU,Public Sector,2026-06-26,http://novadmrkp4vbk2padk5t6pbxolndceuc7hrcq4mjaoyed6nxsqiuzyyd.onion/nsw-government-rfs-department,listed,,,,,,no
payload,Mosaic Partners,CH,Business Services,2026-06-26,http://payloadrz5yw227brtbvdqpnlhq3rdcdekdnn3rgucbcdeawq2v6vuyd.onion/posts/1dd5a657-4b5f-49f0-9e0b-26cde29148ca,listed,,23 GB,,countdown,http://payloadrz5yw227brtbvdqpnlhq3rdcdekdnn3rgucbcdeawq2v6vuyd.onion,yes
chaos,ingerman.com,DE,Business Services,2026-06-26,http://hptqq2o2qjva7lcaaq67w36jihzivkaitkexorauw7b2yul2z6zozpqd.onion/post/eFnDbkPSi9k9g3lgEso7e118pg6iqv7A,listed,,,,,,no
wallstreet,Omax Autos,IN,Manufacturing,2026-06-26,,listed,,,,,,no
ailock,Hokua,CL,,2026-06-26,http://dhnsppqjaaa22lsqxl2tfhji4ca43743kubltnodvsft3hkvai77p6ad.onion,listed,,672Gb uncompressed data,,published,http://dhnsppqjaaa22lsqxl2tfhji4ca43743kubltnodvsft3hkvai77p6ad.onion,yes
nova,vslmarine,IN,Transportation/Logistics,2026-06-26,http://novadmrkp4vbk2padk5t6pbxolndceuc7hrcq4mjaoyed6nxsqiuzyyd.onion/vslmarine,listed,,,,,,no
cmdorganization,Kohinoor Mills,IN,Manufacturing,2026-06-26,http://cmdnkiqjije2tllr3biee2sjgj3i4robg2cbtilbnytdhh2wy3syrlyd.onion,listed,,,,,,no
payload,A,,,2026-06-26,http://payloadrz5yw227brtbvdqpnlhq3rdcdekdnn3rgucbcdeawq2v6vuyd.onion/posts/8c920770-c009-405a-9404-bb857715e3eb,listed,,,,,,no
prinzeugen,prinzkpn6d3itrgcytmsmlcpt5mgwn3ihpck2hsed5cezlbtbi3wklid.onion [NEW LEAK POSTED ON OUR NEW...,,,2026-06-26,http://prinzfkbjiazbrur4mjje6mntjc4vydx3iatkkzycufoylqcoo4y7pqd.onion/prinzkpn6d3itrgcytmsmlcpt5mgwn3ihpck2hsed5cezlbtbi3wklid-onion-new-leak-posted-on-our-new-site,listed,,,,,,no
incransom,Life Bridges,US,Healthcare,2026-06-25,http://incblog6qu4y4mm4zvw5nrmue6qbwtgjsxpw6b7ixzssu36tsajldoad.onion/blog/disclosures/6a3db3e25ae71db30ca592ca,listed,,,,,,no
incransom,GSP Crop Science Pvt,IN,Agriculture and Food Production,2026-06-25,http://incblog6qu4y4mm4zvw5nrmue6qbwtgjsxpw6b7ixzssu36tsajldoad.onion/blog/disclosures/6a3db5855ae71db30ca5c454,listed,,,,,,no
nightspire,Grupo Riquelme,PY,,2026-06-25,http://nspire7lugml7ybqyjaaxtsgrs4qn3fcon3lrjbih6wamttvdm5ke4qd.onion,listed,,,,,,no
krybit,politur.gob.do,DO,Public Sector,2026-06-25,http://krybitqsdzwmhnitvwuhvsntfgf2wrhxveyxroxpc44c6gkft2cqldyd.onion/blog/d88d515b44dfd3f7981c18c8e141afa24f9a2f386fdaf5a037537972b13471fb/,listed,,,,,,no
anubis,Nachlass Nord,DE,Business Services,2026-06-25,http://om6q4a6cyipxvt7ioudxt24cw4oqu4yodmqzl25mqd2hgllymrgu4aqd.onion/r/LV3JnAvP7UF858HMgd4nhEO2w6rZhz9w5DmLG5ET97jvSkg6153agbooFxgyRTuRERaXSA7N2z750z7VTC9T0dTWW9rMDds,listed,,,,,,no
interlock,Clearview Eye Centre,CA,Healthcare,2026-06-25,http://xyaaupqnht5foymeilb67uv5ljjod5o3uyq62llldv4r4jiqxj2nhoqd.onion/index.php?p=,listed,,620 GB,,published,http://ebhmkoohccl45qesdbvrjqtyro2hmhkmh6vkyfyjjzfllm3ix72aqaid.onion/leaks.php,yes
chaos,roofdepot.com,US,Construction,2026-06-25,http://hptqq2o2qjva7lcaaq67w36jihzivkaitkexorauw7b2yul2z6zozpqd.onion/post/uLzP0TsDiuseR83BjARDFmCrKPkiFuuX,listed,,,,,,no
insomnia,*************,US,,2026-06-25,http://i62huw7ve22rpyw6lnq3kmfump2dmsg4xpveec3ere73njwatrz74gad.onion/Company/Announce/,listed,,,,,,no
krybit,sansilvestre.edu.pe,PE,Education,2026-06-25,http://krybitqsdzwmhnitvwuhvsntfgf2wrhxveyxroxpc44c6gkft2cqldyd.onion/blog/69b67084deca6738eeee5ddfbfe8a86e93a924dfeacede1dbdc07c797530feb9/,listed,,,,,,no
akira,JMS Southeast,US,Business Services,2026-06-25,http://akiralkzxzq2dsrzsrvbr2xgbbu2wgsmxryd4csgfameg52n7efvr2id.onion,listed,,,,,,no
akira,Padget Technologies,US,Technology,2026-06-25,http://akiralkzxzq2dsrzsrvbr2xgbbu2wgsmxryd4csgfameg52n7efvr2id.onion,listed,,,,,,no
morpheus,"Delegal Poindexter & Underkofler, P.A.",US,Business Services,2026-06-25,http://izsp6ipui4ctgxfugbgtu65kzefrucltyfpbxplmfybl5swiadpljmyd.onion,listed,,,,,,no
auditteam,I-SYS,RU,Technology,2026-06-25,http://6tdqqaxftvradka5d2frzgwixis7fmro7rfh4ettzcx7jfapkebe6jad.onion/entity/D1DDFB2A56855328,listed,,,,published,http://6tdqqaxftvradka5d2frzgwixis7fmro7rfh4ettzcx7jfapkebe6jad.onion,yes
qilin,ISOPLUS,GR,Business Services,2026-06-25,http://ijzn3sicrcy7guixkzjkib4ukbiilwc3xhnmby4mcbccnsd7j2rekvqd.onion/site/blog?uuid=f75316cc-5f12-4fb4-82b9-884f2069ca2e,listed,,,,,,no
anubis,Quest Health Solutions,US,Healthcare,2026-06-24,http://om6q4a6cyipxvt7ioudxt24cw4oqu4yodmqzl25mqd2hgllymrgu4aqd.onion/r/zs0kJn+TWO+EWnaEbyIpQaCT835tcHS1M1bX8cYZtRsoiruZcRaSFoZmfT7PLjbzYqWqL3UuLe+waxoy4oJUpWUklxb2Nj,listed,,,,,,no
stormous,mlit.com.my UPDATE-FULL DATA DUMP NEW LINK 10GB,MY,Public Sector,2026-06-24,http://pdcizqzjitsgfcgqeyhuee5u6uki6zy5slzioinlhx6xjnsw25irdgqd.onion,listed,,,,,,no
stormous,jaggroup.com UPDATE-FULL DATA DUMP NEW LINK,,,2026-06-24,http://pdcizqzjitsgfcgqeyhuee5u6uki6zy5slzioinlhx6xjnsw25irdgqd.onion,listed,,,,,,no
stormous,maglificioliliana.com,,,2026-06-24,http://h3reihqb2y7woqdary2g3bmk3apgtxuyhx4j2ftovbhe3l5svev7bdyd.onion,listed,,,,,,no
stormous,lorenzoni-store.com,IT,Consumer Services,2026-06-24,http://h3reihqb2y7woqdary2g3bmk3apgtxuyhx4j2ftovbhe3l5svev7bdyd.onion,listed,,,,,,no
stormous,montechiaro-store.com,IT,Consumer Services,2026-06-24,http://h3reihqb2y7woqdary2g3bmk3apgtxuyhx4j2ftovbhe3l5svev7bdyd.onion,listed,,,,,,no
stormous,impulso-store.com,MX,Consumer Services,2026-06-24,http://h3reihqb2y7woqdary2g3bmk3apgtxuyhx4j2ftovbhe3l5svev7bdyd.onion,listed,,,,,,no
shinyhunters,Adapt******,,,2026-06-24,http://shinypogk4jjniry5qi7247tznop6mxdrdte2k6pdu5cyo43vdzmrwid.onion,listed,,,,,,no
nova,lpgroup,,,2026-06-24,http://novadmrkp4vbk2padk5t6pbxolndceuc7hrcq4mjaoyed6nxsqiuzyyd.onion/lpgroup,listed,,,,,,no
nova,alejandria,,,2026-06-24,http://novadmrkp4vbk2padk5t6pbxolndceuc7hrcq4mjaoyed6nxsqiuzyyd.onion/alejandria,listed,,,,,,no
nova,transvill,,Transportation/Logistics,2026-06-24,http://novadmrkp4vbk2padk5t6pbxolndceuc7hrcq4mjaoyed6nxsqiuzyyd.onion/transvill,listed,,,,,,no
akira,Jit Ex,,,2026-06-24,http://akiralkzxzq2dsrzsrvbr2xgbbu2wgsmxryd4csgfameg52n7efvr2id.onion,listed,,,,,,no
nova,transvill.com.pe,PE,Transportation/Logistics,2026-06-24,http://novadmrkp4vbk2padk5t6pbxolndceuc7hrcq4mjaoyed6nxsqiuzyyd.onion/transvill-com-pe,listed,,,,,,no
akira,Miami Machine,US,Manufacturing,2026-06-24,http://akiralkzxzq2dsrzsrvbr2xgbbu2wgsmxryd4csgfameg52n7efvr2id.onion,listed,,,,,,no
nova,alejandria.biz,AR,,2026-06-24,http://novadmrkp4vbk2padk5t6pbxolndceuc7hrcq4mjaoyed6nxsqiuzyyd.onion/alejandria-biz,listed,,,,,,no
qilin,Cash Canada,CA,Financial Services,2026-06-24,http://ijzn3sicrcy7guixkzjkib4ukbiilwc3xhnmby4mcbccnsd7j2rekvqd.onion/site/blog?uuid=3d397a59-749d-4cc5-a06b-83c21549eae2,listed,,,,,,no
nova,lpgroup.pt,PT,Business Services,2026-06-24,http://novadmrkp4vbk2padk5t6pbxolndceuc7hrcq4mjaoyed6nxsqiuzyyd.onion/lpgroup-pt,listed,,,,,,no
bravox,Meta,BR,Technology,2026-06-23,http://bravoxxwcfz5qk43ychgveprpd5mw5hvxfs4a2uz2okx7mumiht4fzyd.onion/blog/201ee578-b4b9-4b0d-9cb1-ad6f530010a3,listed,,,,,,no
qilin,Lee International,KR,,2026-06-23,http://ijzn3sicrcy7guixkzjkib4ukbiilwc3xhnmby4mcbccnsd7j2rekvqd.onion/site/blog?uuid=81f498aa-ec4a-446c-895b-68848e8f843a,listed,,,,,,no
lapsus$,AYA BANK,MM,Financial Services,2026-06-23,http://mwojud552brg7rl3obqjvv2funhwpg6acdsuuoeytq7365kmaeoi4gqd.onion,listed,,,,,,no
cmdorganization,Coldstat Refrigeration,GB,Agriculture and Food Production,2026-06-23,http://cmdnkiqjije2tllr3biee2sjgj3i4robg2cbtilbnytdhh2wy3syrlyd.onion,listed,,,,,,no
nova,cloudquantum,CO,Technology,2026-06-23,http://novadmrkp4vbk2padk5t6pbxolndceuc7hrcq4mjaoyed6nxsqiuzyyd.onion/cloudquantum,listed,,,,,,no
interlock,Reynella East College,AU,,2026-06-23,http://pal3f65j4qj7b2hz2mlmimu4vhl4wz7sfdlvp3g2ry3qwk5nc6pbakid.onion/index.php?p=,listed,,610 GB,,published,http://ebhmkoohccl45qesdbvrjqtyro2hmhkmh6vkyfyjjzfllm3ix72aqaid.onion/leaks.php,yes
apt73,kliknklik.com,ID,Consumer Services,2026-06-23,http://basherq53eniermxovo3bkduw5qqq5bkqcml3qictfmamgvmzovykyqd.onion/page_company.php?id=173,listed,,,,published,http://basherq53eniermxovo3bkduw5qqq5bkqcml3qictfmamgvmzovykyqd.onion,yes
apt73,gov.br,BR,Public Sector,2026-06-23,http://basherq53eniermxovo3bkduw5qqq5bkqcml3qictfmamgvmzovykyqd.onion/page_company.php?id=172,listed,,,,published,http://basherq53eniermxovo3bkduw5qqq5bkqcml3qictfmamgvmzovykyqd.onion,yes
akira,Leo International,US,,2026-06-23,http://akiral2iz6a7qgd3ayp3l6yub7xx2uep76idk3u2kollpj5z3z636bad.onion,listed,,,,,,no
akira,IH Engineers,US,Manufacturing,2026-06-23,http://akiral2iz6a7qgd3ayp3l6yub7xx2uep76idk3u2kollpj5z3z636bad.onion,listed,,,,,,no
icarus,H*,,,2026-06-23,http://e6ujsppajgb756x7x5ykdryvlcjynltb52eiwi6pd4bfwo6hddd6neid.onion,listed,,,,,,no
icarus,H**,,,2026-06-23,http://e6ujsppajgb756x7x5ykdryvlcjynltb52eiwi6pd4bfwo6hddd6neid.onion,listed,,,,,,no
icarus,G*,,,2026-06-23,http://e6ujsppajgb756x7x5ykdryvlcjynltb52eiwi6pd4bfwo6hddd6neid.onion,listed,,,,,,no
icarus,C*,,,2026-06-23,http://e6ujsppajgb756x7x5ykdryvlcjynltb52eiwi6pd4bfwo6hddd6neid.onion,listed,,,,,,no
apt73,viennaairport.com,AT,Transportation/Logistics,2026-06-23,http://basherq53eniermxovo3bkduw5qqq5bkqcml3qictfmamgvmzovykyqd.onion/page_company.php?id=171,listed,,,,,,no
nova,FTL-Fast Transit Line,BE,Transportation/Logistics,2026-06-23,http://novadmrkp4vbk2padk5t6pbxolndceuc7hrcq4mjaoyed6nxsqiuzyyd.onion/ftl-fast-transit-line,listed,,,,,,no
aurora,Corporación Primax S.A.,PE,,2026-06-23,http://u6lieui2dakbctcjea2bz4r4q32r7t36nwljovqbv7mxs6o2smgxixid.onion/blog/corporacin-primax-sa-9fd84393,listed,,,,,,no
chaos,randa.net,,,2026-06-23,http://hptqq2o2qjva7lcaaq67w36jihzivkaitkexorauw7b2yul2z6zozpqd.onion/post/z2GHGsNi1FlBYEXDYy5wwYjDlAkyGVUg,listed,,,,,,no
incransom,belpointeasset.com \ belpointe.com,US,Financial Services,2026-06-22,http://incblog6qu4y4mm4zvw5nrmue6qbwtgjsxpw6b7ixzssu36tsajldoad.onion/blog/disclosures/6a39bd685ae71db30c36b16f,listed,,,,,,no
safepay,ehg.bayern,DE,,2026-06-22,http://safepaypfxntwixwjrlcscft433ggemlhgkkdupi2ynhtcmvdgubmoyd.onion/blog/post/ehgbayern/,listed,,,,,,no
qilin,Schumacher Homes,US,Construction,2026-06-22,http://ijzn3sicrcy7guixkzjkib4ukbiilwc3xhnmby4mcbccnsd7j2rekvqd.onion/site/blog?uuid=2f47ce8d-8f40-49d9-8e70-d7d4e7b877c8,listed,,,,,,no
icarus,Huntress,US,Technology,2026-06-22,http://e6ujsppajgb756x7x5ykdryvlcjynltb52eiwi6pd4bfwo6hddd6neid.onion,listed,,,,,,no
icarus,HDS (Hdscorp),,,2026-06-22,http://e6ujsppajgb756x7x5ykdryvlcjynltb52eiwi6pd4bfwo6hddd6neid.onion,listed,,,,,,no
icarus,Gms-net,,Technology,2026-06-22,http://e6ujsppajgb756x7x5ykdryvlcjynltb52eiwi6pd4bfwo6hddd6neid.onion,listed,,,,,,no
icarus,Cqcrm,,Business Services,2026-06-22,http://e6ujsppajgb756x7x5ykdryvlcjynltb52eiwi6pd4bfwo6hddd6neid.onion,listed,,,,,,no
icarus,Cbassociations,,Business Services,2026-06-22,http://e6ujsppajgb756x7x5ykdryvlcjynltb52eiwi6pd4bfwo6hddd6neid.onion,listed,,,,,,no
cmdorganization,EON Meditech Pvt,IN,Healthcare,2026-06-22,http://cmdnkiqjije2tllr3biee2sjgj3i4robg2cbtilbnytdhh2wy3syrlyd.onion,listed,,,,,,no
chaos,graymont.com,CA,Manufacturing,2026-06-22,http://hptqq2o2qjva7lcaaq67w36jihzivkaitkexorauw7b2yul2z6zozpqd.onion/post/EZcDDIMSEXtpnWM0AeLwoEfoorKZ9ZyM,listed,,,,,,no
braincipher,eggetttax.ca,CA,Agriculture and Food Production,2026-06-22,http://vkvsgl7lhipjirmz6j5ubp3w3bwvxgcdbpi3fsbqngfynetqtw4w5hyd.onion/n/eggetttax,listed,,,,published,http://vkvsgl7lhipjirmz6j5ubp3w3bwvxgcdbpi3fsbqngfynetqtw4w5hyd.onion,yes
braincipher,sterlinggloballtd.com,GB,Business Services,2026-06-22,http://vkvsgl7lhipjirmz6j5ubp3w3bwvxgcdbpi3fsbqngfynetqtw4w5hyd.onion/n/sterlinggloballtd,listed,,,,published,http://vkvsgl7lhipjirmz6j5ubp3w3bwvxgcdbpi3fsbqngfynetqtw4w5hyd.onion,yes
akira,Ntd Apparel,,Consumer Services,2026-06-22,http://akiralkzxzq2dsrzsrvbr2xgbbu2wgsmxryd4csgfameg52n7efvr2id.onion,listed,,,,,,no
prinzeugen,NEW PRINZ EUGEN SITE [NOT A CASE FILE],,,2026-06-22,http://prinzfkbjiazbrur4mjje6mntjc4vydx3iatkkzycufoylqcoo4y7pqd.onion/new-prinz-eugen-site-not-a-case-file,listed,,,,,,no
aurora,Aerospace & Advanced Composites GmbH,DE,Manufacturing,2026-06-22,http://u6lieui2dakbctcjea2bz4r4q32r7t36nwljovqbv7mxs6o2smgxixid.onion/blog/aerospace-advanced-composites-gmbh-4304f151,listed,,,,,,no
qilin,Central Bank of Libya,LY,Financial Services,2026-06-22,http://ijzn3sicrcy7guixkzjkib4ukbiilwc3xhnmby4mcbccnsd7j2rekvqd.onion/site/blog?uuid=7c1bd27c-bdf7-46e1-9aa7-3652fa370f25,listed,,,,,,no
dragonforce,bits-pilani.ac.in,IN,Education,2026-06-22,http://z3wqggtxft7id3ibr7srivv5gjof5fwg76slewnzwwakjuf3nlhukdid.onion/blog/?post_uuid=2683aa7a-5bbf-4be4-b6a2-71a4cea9352d,listed,,,,,,no
dragonforce,mihana-v.com,RU,,2026-06-22,http://z3wqggtxft7id3ibr7srivv5gjof5fwg76slewnzwwakjuf3nlhukdid.onion/blog/?post_uuid=a043ec7d-9adc-4f79-a8ea-bd1cd0d96432,listed,,,,,,no
cmdorganization,Union Tractor,US,Agriculture and Food Production,2026-06-22,http://cmdnkiqjije2tllr3biee2sjgj3i4robg2cbtilbnytdhh2wy3syrlyd.onion,listed,,,,,,no
aurora,NTP B.V. Civil Engineering Construction,NL,Construction,2026-06-22,http://u6lieui2dakbctcjea2bz4r4q32r7t36nwljovqbv7mxs6o2smgxixid.onion/blog/ntp-bv-civil-engineering-construction-87342294,listed,,,,,,no
aurora,Kochs GmbH,DE,Manufacturing,2026-06-22,http://u6lieui2dakbctcjea2bz4r4q32r7t36nwljovqbv7mxs6o2smgxixid.onion/blog/kochs-gmbh-5d95e438,listed,,,,,,no
aurora,NationsBuilders Insurance Services,,Financial Services,2026-06-22,http://u6lieui2dakbctcjea2bz4r4q32r7t36nwljovqbv7mxs6o2smgxixid.onion/blog/nationsbuilders-insurance-services-ce70e554,listed,,,,,,no
qilin,"Taiwan Sintong Machinery Co., Ltd",TW,Manufacturing,2026-06-21,http://ijzn3sicrcy7guixkzjkib4ukbiilwc3xhnmby4mcbccnsd7j2rekvqd.onion/site/blog?uuid=03a62b1c-1b16-41aa-8811-424340cc3b68,listed,,,,,,no
qilin,Sivatel Bangkok,TH,Telecommunication,2026-06-21,http://ijzn3sicrcy7guixkzjkib4ukbiilwc3xhnmby4mcbccnsd7j2rekvqd.onion/site/blog?uuid=7c929c34-bd54-46a7-ae1a-8b195d3bf091,listed,,,,,,no
cmdorganization,Wall ISD,US,Education,2026-06-21,http://cmdnkiqjije2tllr3biee2sjgj3i4robg2cbtilbnytdhh2wy3syrlyd.onion,listed,,,,,,no
qilin,Tri-tec,US,,2026-06-21,http://ijzn3sicrcy7guixkzjkib4ukbiilwc3xhnmby4mcbccnsd7j2rekvqd.onion/site/blog?uuid=82904dd5-6ccd-4761-8ce6-0ced7832d2e9,listed,,,,,,no
qilin,Florida Engineering Services,US,Construction,2026-06-21,http://ijzn3sicrcy7guixkzjkib4ukbiilwc3xhnmby4mcbccnsd7j2rekvqd.onion/site/blog?uuid=2ec671d4-73db-487a-b84b-cdd8c34d9c61,listed,,,,,,no
stormous,jaggroup.com UPDATE-FULL DATA DUMP,,,2026-06-21,http://3slz4povugieoi3tw7sblxoowxhbzxeju427cffsst5fo2tizepwatid.onion,listed,,,,,,no
incransom,jktornel,MX,,2026-06-21,http://incblog6qu4y4mm4zvw5nrmue6qbwtgjsxpw6b7ixzssu36tsajldoad.onion/blog/disclosures/6a319a635ae71db30c606f82,listed,,,,,,no
nova,Lockers IT,,Technology,2026-06-21,http://pifk3xu3vad6cuxsjll4qjomyaaaoyvnyqppro75pazadzctrrvpdnyd.onion/lockers-it,listed,,,,,,no
nightspire,Artistic Smiles,US,Consumer Services,2026-06-21,http://nspirep7orjq73k2x2fwh2mxgh74vm2now6cdbnnxjk2f5wn34bmdxad.onion,listed,,,,,,no
nova,Nhà Thành Phố,VN,,2026-06-21,http://novadmrkp4vbk2padk5t6pbxolndceuc7hrcq4mjaoyed6nxsqiuzyyd.onion/nha-thanh-pho,listed,,,,,,no
incransom,Newspaper Media Group,US,Consumer Services,2026-06-20,http://incblog6qu4y4mm4zvw5nrmue6qbwtgjsxpw6b7ixzssu36tsajldoad.onion/blog/disclosures/6a36e3205ae71db30cedda2d,listed,,,,,,no
icarus,DEADLINE MONDAY,CA,,2026-06-20,http://e6ujsppajgb756x7x5ykdryvlcjynltb52eiwi6pd4bfwo6hddd6neid.onion,listed,,,,,,no
qilin,Pacific Lamp & Supply,US,Manufacturing,2026-06-20,http://ijzn3sicrcy7guixkzjkib4ukbiilwc3xhnmby4mcbccnsd7j2rekvqd.onion/site/blog?uuid=ddab2106-0a8f-42c7-b603-0902afe07626,listed,,,,,,no
worldleaks,L'Archevque & Rivest Ltée,CA,,2026-06-20,https://worldleaksartrjm3c6vasllvgacbi5u3mgzkluehrzhk2jz4taufuid.onion/companies/9113150699,listed,,,,,,no
worldleaks,Super Finishing,BR,Manufacturing,2026-06-20,https://worldleaksartrjm3c6vasllvgacbi5u3mgzkluehrzhk2jz4taufuid.onion/companies/0549285578,listed,,,,,,no
payload,ENB Versicherungen | myenb.ch,CH,Financial Services,2026-06-20,http://payloadrz5yw227brtbvdqpnlhq3rdcdekdnn3rgucbcdeawq2v6vuyd.onion/posts/0833681d-0958-4396-ad0e-648449982275,listed,,191 GB,,countdown,http://payloadrz5yw227brtbvdqpnlhq3rdcdekdnn3rgucbcdeawq2v6vuyd.onion,yes
payload,Editora Irmãos Vitale,BR,Education,2026-06-20,http://payloadrz5yw227brtbvdqpnlhq3rdcdekdnn3rgucbcdeawq2v6vuyd.onion/posts/226497e0-7f90-443f-ab5e-2bdb5a979b16,listed,,152 GB,,countdown,http://payloadrz5yw227brtbvdqpnlhq3rdcdekdnn3rgucbcdeawq2v6vuyd.onion,yes
payload,Qualiflex Solutions | qualiflex.solutions,CH,Business Services,2026-06-20,http://payloadrz5yw227brtbvdqpnlhq3rdcdekdnn3rgucbcdeawq2v6vuyd.onion/posts/82ea2e16-b8a3-45d4-bc17-91c0e186c4f1,listed,,11 GB,,countdown,http://payloadrz5yw227brtbvdqpnlhq3rdcdekdnn3rgucbcdeawq2v6vuyd.onion,yes
payload,Preferred Properties,,,2026-06-20,http://payloadrz5yw227brtbvdqpnlhq3rdcdekdnn3rgucbcdeawq2v6vuyd.onion/posts/9664c008-e4dc-45f7-8e7a-43d4c521e297,listed,,10 GB,,countdown,http://payloadrz5yw227brtbvdqpnlhq3rdcdekdnn3rgucbcdeawq2v6vuyd.onion,yes
ransomexx,Go2Joy (go2joy.vn),VN,Hospitality and Tourism,2026-06-20,http://rnsm777cdsjrsdlbs4v5qoeppu3px6sb2igmh53jzrx7ipcrbjz5b2ad.onion/2026/06/20/go-2-joy/,listed,,,,,,no
nova,Dosab,SA,Manufacturing,2026-06-20,http://novadmrkp4vbk2padk5t6pbxolndceuc7hrcq4mjaoyed6nxsqiuzyyd.onion/dosab,listed,,,,,,no
nova,Hosab,,Business Services,2026-06-20,http://novadmrkp4vbk2padk5t6pbxolndceuc7hrcq4mjaoyed6nxsqiuzyyd.onion/hosab,listed,,,,,,no
nova,MIT HJERTE,DK,Healthcare,2026-06-20,http://novadmrkp4vbk2padk5t6pbxolndceuc7hrcq4mjaoyed6nxsqiuzyyd.onion/mit-hjerte,listed,,,,,,no
nova,One Believing Interiors,,Consumer Services,2026-06-20,http://novadmrkp4vbk2padk5t6pbxolndceuc7hrcq4mjaoyed6nxsqiuzyyd.onion/one-believing-interiors,listed,,,,,,no
cmdorganization,Pinnacle Re-Tec,US,Business Services,2026-06-20,http://cmdnkiqjije2tllr3biee2sjgj3i4robg2cbtilbnytdhh2wy3syrlyd.onion,listed,,,,,,no
lockbit5,probat.ag,DE,Agriculture and Food Production,2026-06-20,http://lockbitapt67g6rwzjbcxnww5efpg4qok6vpfeth7wx3okj52ks4wtad.onion/post/e8efcb117f49a4e544324d3bc06e7bbc,listed,,,,,,no
lockbit5,eternal.hk,HK,,2026-06-20,http://lockbitapt67g6rwzjbcxnww5efpg4qok6vpfeth7wx3okj52ks4wtad.onion/post/591d52a85d10a18624b780de19462086,listed,,,,,,no
lockbit5,5deagosto.com.br,BR,Consumer Services,2026-06-20,http://lockbitapt67g6rwzjbcxnww5efpg4qok6vpfeth7wx3okj52ks4wtad.onion/post/dcc8a2cccb36ebaf2327ad13de53ec38,listed,,,,,,no
lockbit5,abandw.com,ND,,2026-06-20,http://lockbitapt67g6rwzjbcxnww5efpg4qok6vpfeth7wx3okj52ks4wtad.onion/post/f59106e12de89a0bd07d3666cb3492cd,listed,,,,,,no
lockbit5,ag-360.ca,CA,Agriculture and Food Production,2026-06-20,http://lockbitapt67g6rwzjbcxnww5efpg4qok6vpfeth7wx3okj52ks4wtad.onion/post/d80a0a89a4b335d5a2f7c094037c5afc,listed,,,,,,no
lockbit5,elematic.com,FI,Manufacturing,2026-06-20,http://lockbitapt67g6rwzjbcxnww5efpg4qok6vpfeth7wx3okj52ks4wtad.onion/post/801b687c59d0ea079172192cfeb2d92f,listed,,,,,,no
lockbit5,amc.co.th,TH,Business Services,2026-06-20,http://lockbitapt67g6rwzjbcxnww5efpg4qok6vpfeth7wx3okj52ks4wtad.onion/post/ba7e42cff239fee2c7e8597cd599a29a,listed,,,,,,no
lockbit5,casaandina.com.co,CO,Hospitality and Tourism,2026-06-20,http://lockbitapt67g6rwzjbcxnww5efpg4qok6vpfeth7wx3okj52ks4wtad.onion/post/f2543fccc02996546b47fe347ea69b27,listed,,,,,,no
lockbit5,bvi.co.bw,BW,,2026-06-20,http://lockbitapt67g6rwzjbcxnww5efpg4qok6vpfeth7wx3okj52ks4wtad.onion/post/5181e5052009a81f75169eb104f9b91f,listed,,,,,,no
lockbit5,comta.com.tw,TW,Business Services,2026-06-20,http://lockbitapt67g6rwzjbcxnww5efpg4qok6vpfeth7wx3okj52ks4wtad.onion/post/5e8fab5ced9ebb1a3aaedde286b540b1,listed,,,,,,no
lockbit5,daikyonishikawa.co.jp,JP,Agriculture and Food Production,2026-06-20,http://lockbitapt67g6rwzjbcxnww5efpg4qok6vpfeth7wx3okj52ks4wtad.onion/post/ce2a36e979e29cedb07a29808d70190d,listed,,,,,,no
lockbit5,rubbercompounding.com,,Manufacturing,2026-06-20,http://lockbitapt67g6rwzjbcxnww5efpg4qok6vpfeth7wx3okj52ks4wtad.onion/post/d73b65657bae1173158c1022b43b0a7a,listed,,,,,,no
lockbit5,drwu.com,CN,,2026-06-20,http://lockbitapt67g6rwzjbcxnww5efpg4qok6vpfeth7wx3okj52ks4wtad.onion/post/e6e709b5072728b43c95f73fab650022,listed,,,,,,no
lockbit5,felizhotelboracay.com,PH,Hospitality and Tourism,2026-06-20,http://lockbitapt67g6rwzjbcxnww5efpg4qok6vpfeth7wx3okj52ks4wtad.onion/post/b993c7d042da685c5fa80f12634fa51f,listed,,,,,,no
lockbit5,greyhighschool.com,US,Education,2026-06-20,http://lockbitapt67g6rwzjbcxnww5efpg4qok6vpfeth7wx3okj52ks4wtad.onion/post/4021c83365c9aea6b7efb7494bb36cfa,listed,,,,,,no
lockbit5,idefeey.yucatan.gob.mx,MX,Public Sector,2026-06-20,http://lockbitapt67g6rwzjbcxnww5efpg4qok6vpfeth7wx3okj52ks4wtad.onion/post/73150226ce0812fc55e7f8f9392db71c,listed,,,,,,no
lockbit5,inspeqingenieria.com,MX,Business Services,2026-06-20,http://lockbitapt67g6rwzjbcxnww5efpg4qok6vpfeth7wx3okj52ks4wtad.onion/post/c57a50f80078d37c0a2c6b616333f93b,listed,,,,,,no
lockbit5,majorcineplex.com,TH,Hospitality and Tourism,2026-06-20,http://lockbitapt67g6rwzjbcxnww5efpg4qok6vpfeth7wx3okj52ks4wtad.onion/post/6ae45485bd49e8f1e2e8bf2ee5e8fc1e,listed,,,,,,no
lockbit5,parkviewtaipei.com,TW,Hospitality and Tourism,2026-06-20,http://lockbitapt67g6rwzjbcxnww5efpg4qok6vpfeth7wx3okj52ks4wtad.onion/post/5473217fef63f1e6af9840bab541a79d,listed,,,,,,no
lockbit5,ponce-benzo.com,PR,,2026-06-20,http://lockbitapt67g6rwzjbcxnww5efpg4qok6vpfeth7wx3okj52ks4wtad.onion/post/faef6f31467f14f615591297f3ff876e,listed,,,,,,no
lockbit5,parampackaging.com,TR,Manufacturing,2026-06-20,http://lockbitapt67g6rwzjbcxnww5efpg4qok6vpfeth7wx3okj52ks4wtad.onion/post/521297bd7058078e6f53365926723f82,listed,,,,,,no
lockbit5,primelinkbio.com,US,Healthcare,2026-06-20,http://lockbitapt67g6rwzjbcxnww5efpg4qok6vpfeth7wx3okj52ks4wtad.onion/post/fd6e164fab0fdf2280d30e9469681fe9,listed,,,,,,no
lockbit5,saico.co.th,TH,Business Services,2026-06-20,http://lockbitapt67g6rwzjbcxnww5efpg4qok6vpfeth7wx3okj52ks4wtad.onion/post/b60a032f369d4bc000be4806ecde472a,listed,,,,,,no
lockbit5,sanatoriodelta.com,CO,Healthcare,2026-06-20,http://lockbitapt67g6rwzjbcxnww5efpg4qok6vpfeth7wx3okj52ks4wtad.onion/post/931785bd587d0e17e3ccfc3e8d3ac7e7,listed,,,,,,no
lockbit5,saude.mt.gov.br,BR,Public Sector,2026-06-20,http://lockbitapt67g6rwzjbcxnww5efpg4qok6vpfeth7wx3okj52ks4wtad.onion/post/3b1103ae3738ec158c611206d8a06065,listed,,,,,,no
lockbit5,sparkinter.com,,Technology,2026-06-20,http://lockbitapt67g6rwzjbcxnww5efpg4qok6vpfeth7wx3okj52ks4wtad.onion/post/7750739ee3a33c9370092270151f9d66,listed,,,,,,no
lockbit5,sra.nl,NL,Business Services,2026-06-20,http://lockbitapt67g6rwzjbcxnww5efpg4qok6vpfeth7wx3okj52ks4wtad.onion/post/506636edde549358f983c03b69d771b4,listed,,,,,,no
lockbit5,teleton.org.hn,HN,Healthcare,2026-06-20,http://lockbitapt67g6rwzjbcxnww5efpg4qok6vpfeth7wx3okj52ks4wtad.onion/post/8d5a1871bb2f4bb3fd5c25177694b9a1,listed,,,,,,no
lockbit5,union-chemical.co.th,TH,Manufacturing,2026-06-20,http://lockbitapt67g6rwzjbcxnww5efpg4qok6vpfeth7wx3okj52ks4wtad.onion/post/6f3b0e978283178e3b96da3ed49d57e1,listed,,,,,,no
lockbit5,venelectronics.com,VE,Manufacturing,2026-06-20,http://lockbitapt67g6rwzjbcxnww5efpg4qok6vpfeth7wx3okj52ks4wtad.onion/post/c9721c5fccd2bc1f9ac10745164b60cf,listed,,,,,,no
lockbit5,weinwurm.cc,AT,,2026-06-20,http://lockbitapt67g6rwzjbcxnww5efpg4qok6vpfeth7wx3okj52ks4wtad.onion/post/6b71fd703488cb14c36660958b9d9eff,listed,,,,,,no
lockbit5,nundungopee.mu,MU,,2026-06-20,http://lockbitapt67g6rwzjbcxnww5efpg4qok6vpfeth7wx3okj52ks4wtad.onion/post/0de81d33e0a742b28d0c0939b6ad3f5b,listed,,,,,,no
lockbit5,utb.edu.vn,VN,Education,2026-06-20,http://lockbitapt67g6rwzjbcxnww5efpg4qok6vpfeth7wx3okj52ks4wtad.onion/post/00a8555073a7174d5699798d41671bcb,listed,,,,,,no
thegentlemen,hiddenn,,,2026-06-20,http://tezwsse5czllksjb7cwp65rvnk4oobmzti2znn42i43bjdfd2prqqkad.onion,listed,,,,,,no
thegentlemen,Vera Chimie Management,FR,Manufacturing,2026-06-20,http://tezwsse5czllksjb7cwp65rvnk4oobmzti2znn42i43bjdfd2prqqkad.onion,listed,,,,,,no
thegentlemen,Alexander Buch Bilanzbuchhalter,DE,Business Services,2026-06-20,http://tezwsse5czllksjb7cwp65rvnk4oobmzti2znn42i43bjdfd2prqqkad.onion,listed,,,,,,no
thegentlemen,SGS Malaysia,MY,Business Services,2026-06-20,http://tezwsse5czllksjb7cwp65rvnk4oobmzti2znn42i43bjdfd2prqqkad.onion,listed,,,,,,no
thegentlemen,TERRIO Therapy Fitness,MX,Consumer Services,2026-06-20,http://tezwsse5czllksjb7cwp65rvnk4oobmzti2znn42i43bjdfd2prqqkad.onion,listed,,,,,,no
thegentlemen,Ty Thac Co,VN,,2026-06-20,http://tezwsse5czllksjb7cwp65rvnk4oobmzti2znn42i43bjdfd2prqqkad.onion,listed,,,,,,no
thegentlemen,Amigest,FR,Agriculture and Food Production,2026-06-20,http://tezwsse5czllksjb7cwp65rvnk4oobmzti2znn42i43bjdfd2prqqkad.onion,listed,,,,,,no
thegentlemen,Yudu Technology,SG,Technology,2026-06-20,http://tezwsse5czllksjb7cwp65rvnk4oobmzti2znn42i43bjdfd2prqqkad.onion,listed,,,,,,no
thegentlemen,Burris MacOmber,US,Business Services,2026-06-20,http://tezwsse5czllksjb7cwp65rvnk4oobmzti2znn42i43bjdfd2prqqkad.onion,listed,,,,,,no
thegentlemen,Sertrans,ES,Transportation/Logistics,2026-06-20,http://tezwsse5czllksjb7cwp65rvnk4oobmzti2znn42i43bjdfd2prqqkad.onion,listed,,,,,,no
thegentlemen,Cofaq,FR,,2026-06-20,http://tezwsse5czllksjb7cwp65rvnk4oobmzti2znn42i43bjdfd2prqqkad.onion,listed,,,,,,no
thegentlemen,Al Khaja Holding,AE,Business Services,2026-06-20,http://tezwsse5czllksjb7cwp65rvnk4oobmzti2znn42i43bjdfd2prqqkad.onion,listed,,,,,,no
cmdorganization,Southern design RV,AU,Consumer Services,2026-06-20,http://cmdnkiqjije2tllr3biee2sjgj3i4robg2cbtilbnytdhh2wy3syrlyd.onion,listed,,,,,,no
thegentlemen,Athens Orthopedic Clinic,US,Healthcare,2026-06-20,http://tezwsse5czllksjb7cwp65rvnk4oobmzti2znn42i43bjdfd2prqqkad.onion,listed,,,,,,no
braincipher,themintgaming.com,,Consumer Services,2026-06-19,http://vkvsgl7lhipjirmz6j5ubp3w3bwvxgcdbpi3fsbqngfynetqtw4w5hyd.onion/n/themintgaming,listed,,,,published,http://vkvsgl7lhipjirmz6j5ubp3w3bwvxgcdbpi3fsbqngfynetqtw4w5hyd.onion,yes
krybit,aasa.ae,AE,,2026-06-19,http://krybitqsdzwmhnitvwuhvsntfgf2wrhxveyxroxpc44c6gkft2cqldyd.onion/blog/6d0d46292c86da8821ce6d6287dc39926796ed0bbb804f4fa987cfaff80dcf1c/,listed,,,,,,no
krybit,www.mupras.com,BR,Business Services,2026-06-19,http://krybitqsdzwmhnitvwuhvsntfgf2wrhxveyxroxpc44c6gkft2cqldyd.onion/blog/cc5adb91cc4cdf96bb0a1236b37f9a9fffc0dabee01e286e779e5de765c2f33a/,listed,,,,,,no
krybit,coemi.com.br,BR,,2026-06-19,http://krybitqsdzwmhnitvwuhvsntfgf2wrhxveyxroxpc44c6gkft2cqldyd.onion/blog/8b5ee3a5113c9b494db51ddb8c9b75acbcbcddf655f691ea72c8771f8cbadce6/,listed,,,,,,no
qilin,Roth Industries,DE,Manufacturing,2026-06-19,http://ijzn3sicrcy7guixkzjkib4ukbiilwc3xhnmby4mcbccnsd7j2rekvqd.onion/site/blog?uuid=833d8f46-32fd-48f7-b374-33325bdd1015,listed,,,,,,no
qilin,Sparkle Pools,US,Consumer Services,2026-06-19,http://ijzn3sicrcy7guixkzjkib4ukbiilwc3xhnmby4mcbccnsd7j2rekvqd.onion/site/blog?uuid=839d3cab-8142-408b-b9ce-5e752577dc28,listed,,,,,,no
stormous,mlit.com.my UPDATE-FULL DATA DUMP 10GB,MY,Public Sector,2026-06-19,http://stmxylixiz4atpmkspvhkym4xccjvpcv3v67uh3dze7xwwhtnz4faxid.onion,listed,,,,,,no
qilin,PJ Daly Contracting,IE,Construction,2026-06-19,http://ijzn3sicrcy7guixkzjkib4ukbiilwc3xhnmby4mcbccnsd7j2rekvqd.onion/site/blog?uuid=0d52d511-664c-4cfb-b224-14bb555b7b01,listed,,,,,,no
nova,Desert Micro,,Technology,2026-06-19,http://novadmrkp4vbk2padk5t6pbxolndceuc7hrcq4mjaoyed6nxsqiuzyyd.onion/desert-micro,listed,,,,,,no
qilin,Commune d'Eyguires,FR,Public Sector,2026-06-19,http://ijzn3sicrcy7guixkzjkib4ukbiilwc3xhnmby4mcbccnsd7j2rekvqd.onion/site/blog?uuid=28145869-f2d7-4dc2-9171-a26b63fbd83b,listed,,,,,,no
aurora,Hagerman & Company,,Business Services,2026-06-19,http://u6lieui2dakbctcjea2bz4r4q32r7t36nwljovqbv7mxs6o2smgxixid.onion/blog/hagerman-company-7662c20a,listed,,,,,,no
anubis,KTR Real Estate Advisors,US,Financial Services,2026-06-19,http://om6q4a6cyipxvt7ioudxt24cw4oqu4yodmqzl25mqd2hgllymrgu4aqd.onion/r/nd1hBWHK0LprsOgO5GDfsjkV35y484BCsxBOTed9oQYoDUrOtHZb92lpaLNnX3xhUWL1o2ca27l5a5OJ9xWC09YZG5rV1c5,listed,,,,,,no
pear,Optimum First Mortgage,US,Financial Services,2026-06-19,http://pearsmob5sn44ismokiusuld34pnfwi6ctgin3qbvonpoob4lh3rmtqd.onion/Companies/optimumfirst,listed,,9.3 Tb,,published,http://peargxn3oki34c4savcbcfqofjjwjnnyrlrbszfv6ujlx36mhrh57did.onion,yes
icarus,Klue.com,CA,Technology,2026-06-19,http://e6ujsppajgb756x7x5ykdryvlcjynltb52eiwi6pd4bfwo6hddd6neid.onion,listed,,,,,,no
aurora,ALS Global,AU,Business Services,2026-06-19,http://u6lieui2dakbctcjea2bz4r4q32r7t36nwljovqbv7mxs6o2smgxixid.onion/blog/als-global-26ffdd79,listed,,,,,,no
cloak,ra-vogeler.de,DE,Business Services,2026-06-18,http://cloak7jpvcb73rtx2ff7kaw2kholu7bdiivxpzbhlny4ybz75dpxckqd.onion,listed,,,,,,no
nightspire,"legendsmn(Blue Ox, Paul Bunyan, Lumberjack Electric)",US,Energy,2026-06-18,http://nspirep7orjq73k2x2fwh2mxgh74vm2now6cdbnnxjk2f5wn34bmdxad.onion,listed,,,,,,no
nightspire,dean cosmetic dentistry,US,Healthcare,2026-06-18,http://nspirep7orjq73k2x2fwh2mxgh74vm2now6cdbnnxjk2f5wn34bmdxad.onion,listed,,,,,,no
qilin,THL PROJECT MANAGEMENT SDN. BHD.,MY,Business Services,2026-06-18,http://ijzn3sicrcy7guixkzjkib4ukbiilwc3xhnmby4mcbccnsd7j2rekvqd.onion/site/blog?uuid=0f345694-fa46-46c5-a4be-a5a22d1a039e,listed,,,,,,no
qilin,Homes By J Anthony,US,Construction,2026-06-18,http://ijzn3sicrcy7guixkzjkib4ukbiilwc3xhnmby4mcbccnsd7j2rekvqd.onion/site/blog?uuid=77f7cac4-5373-48fc-94f2-681e1b7f711d,listed,,,,,,no
qilin,ATCOM Outsourcing,CL,Business Services,2026-06-18,http://ijzn3sicrcy7guixkzjkib4ukbiilwc3xhnmby4mcbccnsd7j2rekvqd.onion/site/blog?uuid=9675a9d6-195d-452e-8110-5952b5cdf7bb,listed,,,,,,no
qilin,Skupina Don Don - GRUPO BIMBO,SI,Agriculture and Food Production,2026-06-18,http://ijzn3sicrcy7guixkzjkib4ukbiilwc3xhnmby4mcbccnsd7j2rekvqd.onion/site/blog?uuid=0e8fef36-3e08-4921-abbd-08a017cb7aca,listed,,,,,,no
shinyhunters,icsecurity.com,US,Technology,2026-06-18,http://toolatedhs5dtr2pv6h5kdraneak5gs3sxrecqhoufc5e45edior7mqd.onion,listed,,,,,,no
rhysida,Lawson Roofing,,Construction,2026-06-18,http://rhysidafc6lm7qa2mkiukbezh7zuth3i4wof4mh2audkymscjm6yegad.onion,listed,,,,,,no
qilin,Makel Companies Group,TR,Construction,2026-06-18,http://ijzn3sicrcy7guixkzjkib4ukbiilwc3xhnmby4mcbccnsd7j2rekvqd.onion/site/blog?uuid=14ac9d80-81f2-4563-a59c-2d835c918589,listed,,,,,,no
pear,B & B Trading,US,Business Services,2026-06-18,http://pearsmob5sn44ismokiusuld34pnfwi6ctgin3qbvonpoob4lh3rmtqd.onion/Companies/bandbtrading,listed,,570 Gb,,published,http://peargxn3oki34c4savcbcfqofjjwjnnyrlrbszfv6ujlx36mhrh57did.onion,yes
pear,"Release Marine, Inc.",US,Transportation/Logistics,2026-06-18,http://pearsmob5sn44ismokiusuld34pnfwi6ctgin3qbvonpoob4lh3rmtqd.onion/Companies/releasemarine,listed,,1 Tb,,published,http://peargxn3oki34c4savcbcfqofjjwjnnyrlrbszfv6ujlx36mhrh57did.onion,yes
pear,Kirbor Homes,US,Construction,2026-06-18,http://pearsmob5sn44ismokiusuld34pnfwi6ctgin3qbvonpoob4lh3rmtqd.onion/Companies/kirbor,listed,,1.8 Tb,,published,http://peargxn3oki34c4savcbcfqofjjwjnnyrlrbszfv6ujlx36mhrh57did.onion,yes
bravox,SELECT WINES,CA,Agriculture and Food Production,2026-06-18,http://bravoxxwcfz5qk43ychgveprpd5mw5hvxfs4a2uz2okx7mumiht4fzyd.onion/blog/5230c21b-fa35-4558-a36f-bfc4f2262d68,listed,,,,,,no
akira,Berg Lilly,,,2026-06-18,http://akiral2iz6a7qgd3ayp3l6yub7xx2uep76idk3u2kollpj5z3z636bad.onion,listed,,,,,,no
akira,Apptricity,US,Business Services,2026-06-18,http://akiral2iz6a7qgd3ayp3l6yub7xx2uep76idk3u2kollpj5z3z636bad.onion,listed,,,,,,no
lynx,www.someco.com,,,2026-06-18,http://lynxblogco7r37jt7p5wrmfxzqze7ghxw6rihzkqc455qluacwotciyd.onion/leaks/6a33c605c192cbbf2f9f8b7d,listed,,,,,,no
lynx,www.eastersealsia.org,SG,Healthcare,2026-06-18,http://lynxblogco7r37jt7p5wrmfxzqze7ghxw6rihzkqc455qluacwotciyd.onion/leaks/6a33c719c192cbbf2f9fa01c,listed,,,,,,no
incransom,Horizon Family Medical Group,US,Healthcare,2026-06-18,http://incblog6qu4y4mm4zvw5nrmue6qbwtgjsxpw6b7ixzssu36tsajldoad.onion/blog/disclosures/6a3399265ae71db30c9a6e23,listed,,,,,,no
lynx,www.wolfconstruction.net,US,Construction,2026-06-18,http://lynxblogco7r37jt7p5wrmfxzqze7ghxw6rihzkqc455qluacwotciyd.onion/leaks/6a3381d2c192cbbf2f9b40a7,listed,,,,,,no
shinyhunters,Amazon owned OneMedical.com,US,Healthcare,2026-06-18,http://toolatedhs5dtr2pv6h5kdraneak5gs3sxrecqhoufc5e45edior7mqd.onion,listed,,,,,,no
shinyhunters,NAIC.org,US,Business Services,2026-06-18,http://toolatedhs5dtr2pv6h5kdraneak5gs3sxrecqhoufc5e45edior7mqd.onion,listed,,,,,,no
incransom,neuwoges.de,DE,,2026-06-18,http://incblog6qu4y4mm4zvw5nrmue6qbwtgjsxpw6b7ixzssu36tsajldoad.onion/blog/disclosures/6a3195195ae71db30c5fac11,listed,,,,,,no
genesis,United Personnel (a division of Masis Staffing Solutions),US,Business Services,2026-06-17,http://genesis6ixpb5mcy4kudybtw5op2wqlrkocfogbnenz3c647ibqixiad.onion/24b14bf305bc82d28044/,listed,,,,,,no
genesis,The Associated Builders and Contractors of Indiana/Kentucky,US,Construction,2026-06-17,http://genesis6ixpb5mcy4kudybtw5op2wqlrkocfogbnenz3c647ibqixiad.onion/13a83c68b809e44e7791/,listed,,,,,,no
safepay,seinordovest.it,IT,,2026-06-17,http://safepaypfxntwixwjrlcscft433ggemlhgkkdupi2ynhtcmvdgubmoyd.onion/blog/post/seinordovestit/,listed,,,,,,no
safepay,harcourts.net,AU,Consumer Services,2026-06-17,http://safepaypfxntwixwjrlcscft433ggemlhgkkdupi2ynhtcmvdgubmoyd.onion/blog/post/harcourtsnet/,listed,,,,,,no
safepay,zaunsysteme.de,DE,Manufacturing,2026-06-17,http://safepaypfxntwixwjrlcscft433ggemlhgkkdupi2ynhtcmvdgubmoyd.onion/blog/post/zaunsystemede/,listed,,,,,,no
safepay,brscappuccio.it,IT,Consumer Services,2026-06-17,http://safepaypfxntwixwjrlcscft433ggemlhgkkdupi2ynhtcmvdgubmoyd.onion/blog/post/brscappuccioit/,listed,,,,,,no
safepay,gut-heckenhof.de,DE,Agriculture and Food Production,2026-06-17,http://safepaypfxntwixwjrlcscft433ggemlhgkkdupi2ynhtcmvdgubmoyd.onion/blog/post/gut-heckenhofde/,listed,,,,,,no
play,Greg Crosslin,US,,2026-06-17,http://j75o7xvvsm4lpsjhkjvb4wl2q6ajegvabe6oswthuaubbykk4xkzgpid.onion/topic.php?id=qExwMmXjiR18a,listed,,,,,,no
lamashtu,Great Foods,EG,Agriculture and Food Production,2026-06-17,http://lamashtux5j74mcm7lwwgn5yrvuwtrpxjoyendif3v3hrztjesfoyayd.onion/post/02f0cba918b14eb0c57eb3a48cadc1cf,listed,,,,,,no
play,Integrated Technologies,,Technology,2026-06-17,http://j75o7xvvsm4lpsjhkjvb4wl2q6ajegvabe6oswthuaubbykk4xkzgpid.onion/topic.php?id=ebJzrPyFafAaz9,listed,,,,,,no
play,eurOptimum,DE,Technology,2026-06-17,http://j75o7xvvsm4lpsjhkjvb4wl2q6ajegvabe6oswthuaubbykk4xkzgpid.onion/topic.php?id=aMF8umq3LV9DKN,listed,,,,,,no
ransomhouse,Prince George County,US,Public Sector,2026-06-17,http://zohlm7ahjwegcedoz7lrdrti7bvpofymcayotp744qhx6gjmxbuo2yid.onion/r/d9994b0916a4c00702b707a2de2a28cb6d8b7a12,listed,,,,,,no
akira,Smith Filter,,Manufacturing,2026-06-17,http://akiral2iz6a7qgd3ayp3l6yub7xx2uep76idk3u2kollpj5z3z636bad.onion,listed,,,,,,no
spacebears,Chebib Control,BR,Business Services,2026-06-17,http://5butbkrljkaorg5maepuca25oma7eiwo6a2rlhvkblb4v6mf3ki2ovid.onion/companies/53/chebib-control,listed,,,,published,http://5butbkrljkaorg5maepuca25oma7eiwo6a2rlhvkblb4v6mf3ki2ovid.onion,yes
krybit,www.courdescomptes.sn,SN,Public Sector,2026-06-17,http://krybitqsdzwmhnitvwuhvsntfgf2wrhxveyxroxpc44c6gkft2cqldyd.onion/blog/aa196659865bad451cc27f7fa46a2b4f84dfb32c885bdc2397c8f8a1591ce975/,listed,,,,,,no
krybit,ersa.com.py,PY,Manufacturing,2026-06-17,http://krybitqsdzwmhnitvwuhvsntfgf2wrhxveyxroxpc44c6gkft2cqldyd.onion/blog/21d76746113e42307fe8fe34abb2cf5d6582549feab72e9293c63bedfd78b0ad/,listed,,,,,,no
silentransomgroup,He..t S..it.,,,2026-06-17,,listed,,,,,,no
spacebears,Gerencial,BR,Business Services,2026-06-17,http://5butbkrljkaorg5maepuca25oma7eiwo6a2rlhvkblb4v6mf3ki2ovid.onion/companies/52/gerencial,listed,,,,published,http://5butbkrljkaorg5maepuca25oma7eiwo6a2rlhvkblb4v6mf3ki2ovid.onion,yes
shinyhunters,Service Notice: Scheduled Maintenance and Infrastructure Upgrades,,,2026-06-17,http://toolatedhs5dtr2pv6h5kdraneak5gs3sxrecqhoufc5e45edior7mqd.onion,listed,,,,,,no
silentransomgroup,He..t S..t.,,,2026-06-16,,listed,,,,,,no
ransomhouse,Promepla,AR,Manufacturing,2026-06-16,http://zohlm7ahjwegcedoz7lrdrti7bvpofymcayotp744qhx6gjmxbuo2yid.onion/r/9bebea325544c424da8c50c4608fe50ec466fabf,listed,,,,,,no
incransom,jasperplastics.info,US,Manufacturing,2026-06-16,http://incblog6qu4y4mm4zvw5nrmue6qbwtgjsxpw6b7ixzssu36tsajldoad.onion/blog/disclosures/6a317d755ae71db30c5cc0e2,listed,,,,,,no
incransom,framesiprofessional.com,US,Business Services,2026-06-16,http://incblog6qu4y4mm4zvw5nrmue6qbwtgjsxpw6b7ixzssu36tsajldoad.onion/blog/disclosures/6a31672f5ae71db30c5a0b52,listed,,,,,,no
fulcrumsec,Novo Nordisk,DK,Healthcare,2026-06-16,http://4e3p3in2bl67hxchuwza7qvnpe7pyeloyztr5fnh257fxkovfhappjyd.onion/novo/,listed,,,,,,no
aurora,Allan Brothers Fruit,US,Agriculture and Food Production,2026-06-16,http://u6lieui2dakbctcjea2bz4r4q32r7t36nwljovqbv7mxs6o2smgxixid.onion/blog/allan-brothers-fruit-a383ba98,listed,,,,,,no
aurora,Diamond Truck Centres,CA,Transportation/Logistics,2026-06-16,http://u6lieui2dakbctcjea2bz4r4q32r7t36nwljovqbv7mxs6o2smgxixid.onion/blog/diamond-truck-centres-98cd07d1,listed,,,,,,no
aurora,Sumitomo Electric Bordnetze,DE,Manufacturing,2026-06-16,http://u6lieui2dakbctcjea2bz4r4q32r7t36nwljovqbv7mxs6o2smgxixid.onion/blog/sumitomo-electric-bordnetze-1b202d14,listed,,,,,,no
shinyhunters,Ralph Lauren,US,Consumer Services,2026-06-16,http://toolatedhs5dtr2pv6h5kdraneak5gs3sxrecqhoufc5e45edior7mqd.onion,listed,,,,,,no
dragonforce,Tecfi SpA,IT,Business Services,2026-06-16,http://z3wqggtxft7id3ibr7srivv5gjof5fwg76slewnzwwakjuf3nlhukdid.onion/blog/?post_uuid=ee80d66c-c0b2-4efd-bd78-83d3d91d7cb6,listed,,,,,,no
akira,Insite Architects,,Business Services,2026-06-16,http://akiral2iz6a7qgd3ayp3l6yub7xx2uep76idk3u2kollpj5z3z636bad.onion,listed,,,,,,no
qilin,Golfview Developmental Center,US,Healthcare,2026-06-16,http://ijzn3sicrcy7guixkzjkib4ukbiilwc3xhnmby4mcbccnsd7j2rekvqd.onion/site/blog?uuid=082cc0ec-36b4-46e9-aaf5-d97d8707252d,listed,,,,,,no
cloak,ra-*******e,,,2026-06-16,http://cloak7jpvcb73rtx2ff7kaw2kholu7bdiivxpzbhlny4ybz75dpxckqd.onion,listed,,,,,,no
cloak,d**********e,,,2026-06-16,http://cloak7jpvcb73rtx2ff7kaw2kholu7bdiivxpzbhlny4ybz75dpxckqd.onion,listed,,,,,,no
cloak,W******S*******D,,,2026-06-16,http://cloak7jpvcb73rtx2ff7kaw2kholu7bdiivxpzbhlny4ybz75dpxckqd.onion,listed,,,,,,no
nova,Sunass,PE,,2026-06-16,http://novadmrkp4vbk2padk5t6pbxolndceuc7hrcq4mjaoyed6nxsqiuzyyd.onion/sunass,listed,,,,,,no
nightspire,"Guy E******* & F*******, P.A",,Financial Services,2026-06-16,http://nspirep7orjq73k2x2fwh2mxgh74vm2now6cdbnnxjk2f5wn34bmdxad.onion,listed,,,,,,no
nightspire,Central Texas ***** *****,,,2026-06-16,http://nspirep7orjq73k2x2fwh2mxgh74vm2now6cdbnnxjk2f5wn34bmdxad.onion,listed,,,,,,no
nightspire,Ri***** Co**** Europe S.r.l.,,,2026-06-16,http://nspirep7orjq73k2x2fwh2mxgh74vm2now6cdbnnxjk2f5wn34bmdxad.onion,listed,,,,,,no
icarus,thecreditpros.com,US,Financial Services,2026-06-16,http://e6ujsppajgb756x7x5ykdryvlcjynltb52eiwi6pd4bfwo6hddd6neid.onion,listed,,,,,,no
shadowbyt3$,TINYpulse NINTENDO BREACH (nintendo.com),JP,Technology,2026-06-16,http://mfbbt65kir2drc7tuoukwibikgvxquauscnzgbeltkmidjtgqlzm2qad.onion,listed,,,,,,no
payload,SPORTON International Inc.,TW,Manufacturing,2026-06-16,http://payloadrz5yw227brtbvdqpnlhq3rdcdekdnn3rgucbcdeawq2v6vuyd.onion/posts/1e2d33b6-0cd6-4b3e-940e-a8275d5cd9b4,listed,,35 GB,,countdown,http://payloadrz5yw227brtbvdqpnlhq3rdcdekdnn3rgucbcdeawq2v6vuyd.onion,yes
spacebears,ECOVACS,CN,Consumer Services,2026-06-16,http://5butbkrljkaorg5maepuca25oma7eiwo6a2rlhvkblb4v6mf3ki2ovid.onion/companies/51/ecovacs,listed,,About 2 TB of stolen data.,,published,http://5butbkrljkaorg5maepuca25oma7eiwo6a2rlhvkblb4v6mf3ki2ovid.onion,yes
qilin,Misericórdia de Santo Tirso,PT,Healthcare,2026-06-16,http://ijzn3sicrcy7guixkzjkib4ukbiilwc3xhnmby4mcbccnsd7j2rekvqd.onion/site/blog?uuid=3975d1df-4793-476e-9c4c-a9c1e26da485,listed,,,,,,no
qilin,Q Link Wireless,US,Telecommunication,2026-06-16,http://ijzn3sicrcy7guixkzjkib4ukbiilwc3xhnmby4mcbccnsd7j2rekvqd.onion/site/blog?uuid=d800db83-c366-4f5a-8640-e3b41c7415d5,listed,,,,,,no
nova,Kedah,MY,,2026-06-16,http://novadmrkp4vbk2padk5t6pbxolndceuc7hrcq4mjaoyed6nxsqiuzyyd.onion/kedah,listed,,,,,,no
incransom,smithassociatescpa.com,US,Business Services,2026-06-15,http://incblog6qu4y4mm4zvw5nrmue6qbwtgjsxpw6b7ixzssu36tsajldoad.onion/blog/disclosures/6a3058735ae71db30c1c87a3,listed,,,,,,no
incransom,3,US,,2026-06-15,http://incblog6qu4y4mm4zvw5nrmue6qbwtgjsxpw6b7ixzssu36tsajldoad.onion/blog/disclosures/6a3058735ae71db30c1c87a3,listed,,,,,,no
shinyhunters,icc.edu,US,Education,2026-06-15,http://toolatedhs5dtr2pv6h5kdraneak5gs3sxrecqhoufc5e45edior7mqd.onion,listed,,,,,,no
shinyhunters,moody.edu,US,Education,2026-06-15,http://toolatedhs5dtr2pv6h5kdraneak5gs3sxrecqhoufc5e45edior7mqd.onion,listed,,,,,,no
shinyhunters,glendale.edu,US,Education,2026-06-15,http://toolatedhs5dtr2pv6h5kdraneak5gs3sxrecqhoufc5e45edior7mqd.onion,listed,,,,,,no
safepay,hughstirling.co.uk,DE,Business Services,2026-06-15,http://safepaypfxntwixwjrlcscft433ggemlhgkkdupi2ynhtcmvdgubmoyd.onion/blog/post/hughstirlingcouk/,listed,,,,,,no
safepay,tokyocivil.co.jp,JP,Construction,2026-06-15,http://safepaypfxntwixwjrlcscft433ggemlhgkkdupi2ynhtcmvdgubmoyd.onion/blog/post/tokyocivilcojp/,listed,,,,,,no
safepay,kawaius.com,US,,2026-06-15,http://safepaypfxntwixwjrlcscft433ggemlhgkkdupi2ynhtcmvdgubmoyd.onion/blog/post/kawaiuscom/,listed,,,,,,no
safepay,musenet.co.jp,JP,Technology,2026-06-15,http://safepaypfxntwixwjrlcscft433ggemlhgkkdupi2ynhtcmvdgubmoyd.onion/blog/post/musenetcojp/,listed,,,,,,no
safepay,bautz-maschinenbau.de,DE,Manufacturing,2026-06-15,http://safepaypfxntwixwjrlcscft433ggemlhgkkdupi2ynhtcmvdgubmoyd.onion/blog/post/bautz-maschinenbaude/,listed,,,,,,no
safepay,aquaclean.com,ES,Consumer Services,2026-06-15,http://safepaypfxntwixwjrlcscft433ggemlhgkkdupi2ynhtcmvdgubmoyd.onion/blog/post/aquacleancom/,listed,,,,,,no
safepay,hoodriversheriff.com,US,Public Sector,2026-06-15,http://safepaypfxntwixwjrlcscft433ggemlhgkkdupi2ynhtcmvdgubmoyd.onion/blog/post/hoodriversheriffcom/,listed,,,,,,no
nightspire,B****S I******t***l,,Business Services,2026-06-15,http://nspirep7orjq73k2x2fwh2mxgh74vm2now6cdbnnxjk2f5wn34bmdxad.onion,listed,,,,,,no
nightspire,Sheraton Miramar Resort El Gouna,EG,Hospitality and Tourism,2026-06-15,http://nspirep7orjq73k2x2fwh2mxgh74vm2now6cdbnnxjk2f5wn34bmdxad.onion,listed,,,,,,no
nightspire,G**** R****l*e,,,2026-06-15,http://nspirep7orjq73k2x2fwh2mxgh74vm2now6cdbnnxjk2f5wn34bmdxad.onion,listed,,,,,,no
deadlock,SECiL,TR,,2026-06-15,,listed,,,,,,no
deadlock,CAD93,IT,,2026-06-15,,listed,,,,,,no
deadlock,Fidelity Pension Managers,NG,Financial Services,2026-06-15,,listed,,,,,,no
deadlock,Nobani Co,IR,,2026-06-15,,listed,,,,,,no
deadlock,CH Paper,CN,Manufacturing,2026-06-15,,listed,,,,,,no
deadlock,donjon,SG,Business Services,2026-06-15,,listed,,,,,,no
deadlock,TeleFinity,,Telecommunication,2026-06-15,,listed,,,,,,no
deadlock,Hornavan Hotell,SE,Hospitality and Tourism,2026-06-15,,listed,,,,,,no
deadlock,Summa4,ES,,2026-06-15,,listed,,,,,,no
braincipher,alu-rex.com,AT,Manufacturing,2026-06-15,http://vkvsgl7lhipjirmz6j5ubp3w3bwvxgcdbpi3fsbqngfynetqtw4w5hyd.onion/n/alu-rex,listed,,,,published,http://vkvsgl7lhipjirmz6j5ubp3w3bwvxgcdbpi3fsbqngfynetqtw4w5hyd.onion,yes
deadlock,Zhangjiagang Fortune Chemical Co. Ltd. Singapore,SG,Manufacturing,2026-06-15,http://https://deadlock.liveblog365.com/,listed,,,,,,no
qilin,Cng Ty Cp T Vn Xd Tng Hp,VN,,2026-06-15,http://ijzn3sicrcy7guixkzjkib4ukbiilwc3xhnmby4mcbccnsd7j2rekvqd.onion/site/blog?uuid=58e310a4-96df-4b40-8f68-c672d84340d8,listed,,,,,,no
qilin,MAVA Healthcare,US,Healthcare,2026-06-15,http://ijzn3sicrcy7guixkzjkib4ukbiilwc3xhnmby4mcbccnsd7j2rekvqd.onion/site/blog?uuid=8b3c2a08-c4bd-4e1c-9540-43255f5f76a7,listed,,,,,,no
anubis,KoMiCo,,,2026-06-15,http://om6q4a6cyipxvt7ioudxt24cw4oqu4yodmqzl25mqd2hgllymrgu4aqd.onion/r/F3TB5nyWk7efxUlZ6toKtFCKcPvgXLUwyph+uvlzaWUPwLGxJxReO73XPbuPl5Y27QJHUzDNSYzUN49O3slD0NuYTI5WXBm,listed,,,,,,no
braincipher,anglomoil.com,GB,Energy,2026-06-15,http://vkvsgl7lhipjirmz6j5ubp3w3bwvxgcdbpi3fsbqngfynetqtw4w5hyd.onion/n/anglomoil,listed,,,,published,http://vkvsgl7lhipjirmz6j5ubp3w3bwvxgcdbpi3fsbqngfynetqtw4w5hyd.onion,yes
qilin,Grupo Indi,MX,Business Services,2026-06-15,http://ijzn3sicrcy7guixkzjkib4ukbiilwc3xhnmby4mcbccnsd7j2rekvqd.onion/site/blog?uuid=bc056cc8-657b-4671-8239-82ed5d55952e,listed,,,,,,no
qilin,Can Healthcare Group,TR,Healthcare,2026-06-15,http://ijzn3sicrcy7guixkzjkib4ukbiilwc3xhnmby4mcbccnsd7j2rekvqd.onion/site/blog?uuid=943cd6e8-cb55-4fc7-924e-4e9653fd438e,listed,,,,,,no
ailock,Röben Tonbaustoffe GmbH,DE,Manufacturing,2026-06-15,http://dhnsppqjaaa22lsqxl2tfhji4ca43743kubltnodvsft3hkvai77p6ad.onion,listed,,56Gb uncompressed data,,published,http://dhnsppqjaaa22lsqxl2tfhji4ca43743kubltnodvsft3hkvai77p6ad.onion,yes
shinyhunters,hccs.edu,US,Education,2026-06-15,http://toolatedhs5dtr2pv6h5kdraneak5gs3sxrecqhoufc5e45edior7mqd.onion,listed,,,,,,no
shinyhunters,kodak.com,US,Manufacturing,2026-06-15,http://toolatedhs5dtr2pv6h5kdraneak5gs3sxrecqhoufc5e45edior7mqd.onion,listed,,,,,,no
shinyhunters,Deep Well Services,,Energy,2026-06-15,http://toolatedhs5dtr2pv6h5kdraneak5gs3sxrecqhoufc5e45edior7mqd.onion,listed,,,,,,no
shinyhunters,Sysco Corporation,US,Agriculture and Food Production,2026-06-15,http://toolatedhs5dtr2pv6h5kdraneak5gs3sxrecqhoufc5e45edior7mqd.onion,listed,,,,,,no
thegentlemen,Enciso Ltda,CL,,2026-06-15,http://tezwsse5czllksjb7cwp65rvnk4oobmzti2znn42i43bjdfd2prqqkad.onion,listed,,,,,,no
thegentlemen,South Texas Spinal Clinic,US,Healthcare,2026-06-15,http://tezwsse5czllksjb7cwp65rvnk4oobmzti2znn42i43bjdfd2prqqkad.onion,listed,,,,,,no
thegentlemen,Mahajak Development,TH,Construction,2026-06-15,http://tezwsse5czllksjb7cwp65rvnk4oobmzti2znn42i43bjdfd2prqqkad.onion,listed,,,,,,no
thegentlemen,Calipage Humblet,BE,,2026-06-15,http://tezwsse5czllksjb7cwp65rvnk4oobmzti2znn42i43bjdfd2prqqkad.onion,listed,,,,,,no
thegentlemen,Ministarstvo zdravstva Republike Hrvatske,HR,Public Sector,2026-06-15,http://tezwsse5czllksjb7cwp65rvnk4oobmzti2znn42i43bjdfd2prqqkad.onion,listed,,,,,,no
thegentlemen,Palmer Sicard,,,2026-06-15,http://tezwsse5czllksjb7cwp65rvnk4oobmzti2znn42i43bjdfd2prqqkad.onion,listed,,,,,,no
thegentlemen,Linnecken Partner,DE,Business Services,2026-06-15,http://tezwsse5czllksjb7cwp65rvnk4oobmzti2znn42i43bjdfd2prqqkad.onion,listed,,,,,,no
thegentlemen,Centre Medical Crowley,CA,Healthcare,2026-06-15,http://tezwsse5czllksjb7cwp65rvnk4oobmzti2znn42i43bjdfd2prqqkad.onion,listed,,,,,,no
thegentlemen,Executive Coach,US,Business Services,2026-06-15,http://tezwsse5czllksjb7cwp65rvnk4oobmzti2znn42i43bjdfd2prqqkad.onion,listed,,,,,,no
thegentlemen,Mackay Sugar,AU,Agriculture and Food Production,2026-06-15,http://tezwsse5czllksjb7cwp65rvnk4oobmzti2znn42i43bjdfd2prqqkad.onion,listed,,,,,,no
thegentlemen,SigmaControl,NL,Technology,2026-06-15,http://tezwsse5czllksjb7cwp65rvnk4oobmzti2znn42i43bjdfd2prqqkad.onion,listed,,,,,,no
thegentlemen,Buratti,IT,Manufacturing,2026-06-15,http://tezwsse5czllksjb7cwp65rvnk4oobmzti2znn42i43bjdfd2prqqkad.onion,listed,,,,,,no
thegentlemen,National Museum,DK,Public Sector,2026-06-15,http://tezwsse5czllksjb7cwp65rvnk4oobmzti2znn42i43bjdfd2prqqkad.onion,listed,,,,,,no
thegentlemen,Times Software,SG,Technology,2026-06-15,http://tezwsse5czllksjb7cwp65rvnk4oobmzti2znn42i43bjdfd2prqqkad.onion,listed,,,,,,no
thegentlemen,Traublinger,DE,Manufacturing,2026-06-15,http://tezwsse5czllksjb7cwp65rvnk4oobmzti2znn42i43bjdfd2prqqkad.onion,listed,,,,,,no
thegentlemen,Fecovita,AR,Agriculture and Food Production,2026-06-15,http://tezwsse5czllksjb7cwp65rvnk4oobmzti2znn42i43bjdfd2prqqkad.onion,listed,,,,,,no
thegentlemen,Constructions Piraino,FR,Construction,2026-06-15,http://tezwsse5czllksjb7cwp65rvnk4oobmzti2znn42i43bjdfd2prqqkad.onion,listed,,,,,,no
thegentlemen,Kozminski University,PL,Education,2026-06-15,http://tezwsse5czllksjb7cwp65rvnk4oobmzti2znn42i43bjdfd2prqqkad.onion,listed,,,,,,no
thegentlemen,Cole Manufacturing,US,Manufacturing,2026-06-15,http://tezwsse5czllksjb7cwp65rvnk4oobmzti2znn42i43bjdfd2prqqkad.onion,listed,,,,,,no
thegentlemen,Maine Oxy,US,Energy,2026-06-15,http://tezwsse5czllksjb7cwp65rvnk4oobmzti2znn42i43bjdfd2prqqkad.onion,listed,,,,,,no
thegentlemen,Buechel Stone,US,Manufacturing,2026-06-15,http://tezwsse5czllksjb7cwp65rvnk4oobmzti2znn42i43bjdfd2prqqkad.onion,listed,,,,,,no
nova,NSW Government,AU,Public Sector,2026-06-15,http://novadmrkp4vbk2padk5t6pbxolndceuc7hrcq4mjaoyed6nxsqiuzyyd.onion/nsw-government,listed,,,,,,no
krybit,theorangeblowfish.com,,Technology,2026-06-15,http://krybitqsdzwmhnitvwuhvsntfgf2wrhxveyxroxpc44c6gkft2cqldyd.onion/blog/9be83eab0cfd13cf53caf0faf7bb1cb152f77ae06003d631cb49783b00a94f56/,listed,,,,,,no
nova,Divine IT,BD,Technology,2026-06-15,http://novadmrkp4vbk2padk5t6pbxolndceuc7hrcq4mjaoyed6nxsqiuzyyd.onion/divine-it,listed,,,,,,no
nova,Sky devices,US,Technology,2026-06-15,http://novadmrkp4vbk2padk5t6pbxolndceuc7hrcq4mjaoyed6nxsqiuzyyd.onion/sky-devices,listed,,,,,,no
auditteam,I-***YS,RU,,2026-06-14,http://6tdqqaxftvradka5d2frzgwixis7fmro7rfh4ettzcx7jfapkebe6jad.onion/entity/D1DDFB2A56855328,listed,,,,,,no
krybit,frey.com,CH,Technology,2026-06-14,http://krybitqsdzwmhnitvwuhvsntfgf2wrhxveyxroxpc44c6gkft2cqldyd.onion/blog/bea2786db52dfebfa78db93284fb6ce438ffccbf69d182abed0147505046c5bf/,listed,,,,,,no
nova,Bandung,ID,,2026-06-14,http://novadmrkp4vbk2padk5t6pbxolndceuc7hrcq4mjaoyed6nxsqiuzyyd.onion/bandung,listed,,,,,,no
nightspire,Silsbee Police Department,US,Public Sector,2026-06-14,http://nspirep7orjq73k2x2fwh2mxgh74vm2now6cdbnnxjk2f5wn34bmdxad.onion,listed,,,,,,no
nightspire,K****** County. Mi**e**ta,US,Public Sector,2026-06-14,http://nspirep7orjq73k2x2fwh2mxgh74vm2now6cdbnnxjk2f5wn34bmdxad.onion,listed,,,,,,no
nightspire,WaxWorks Inc,US,Consumer Services,2026-06-14,http://nspirep7orjq73k2x2fwh2mxgh74vm2now6cdbnnxjk2f5wn34bmdxad.onion,listed,,,,,,no
nightspire,Blue Nile Medical Center,US,Healthcare,2026-06-14,http://nspirep7orjq73k2x2fwh2mxgh74vm2now6cdbnnxjk2f5wn34bmdxad.onion,listed,,,,,,no
dragonforce,Ink,GB,,2026-06-14,http://z3wqggtxft7id3ibr7srivv5gjof5fwg76slewnzwwakjuf3nlhukdid.onion/blog/?post_uuid=168544de-7ef1-4bca-ad6d-e850fab12a5a,listed,,,,,,no
securotrop,Charisma Media,US,Technology,2026-06-14,http://securo45z554mw7rgrt7wcgv5eenj2xmxyrsdj3fcjsvindu63s4bsid.onion,listed,,,,,,no
shinyhunters,coe.int,FR,,2026-06-14,http://toolatedhs5dtr2pv6h5kdraneak5gs3sxrecqhoufc5e45edior7mqd.onion,listed,,,,,,no
black x,Daechang Solution,KR,Business Services,2026-06-13,http://blackxppq2jvqyg4slyg3sbszv7ib2avaaycvhff5qipgdoepqi57xyd.onion/target/RsSsfhdJMFFjSS,listed,,,,,,no
triple x,Bni.co.id bank of indonesia free data.,ID,Financial Services,2026-06-13,http://6qqz6m3b6htudohg2mlf5gdcalonxy3sh5g4dix4mpyirjcgelqqufad.onion/bni.co.id/,listed,,,,,,no
triple x,Law Offices US immigrationonline.com,US,Business Services,2026-06-13,http://6qqz6m3b6htudohg2mlf5gdcalonxy3sh5g4dix4mpyirjcgelqqufad.onion/immigrationonline.com/,listed,,,,,,no
lapsus$,INGKA GROUP,SE,Consumer Services,2026-06-13,https://anonfilesnew.com/s/MhMoAjUKPeJ,listed,,,,,,no
lapsus$,GITHUB INTERNAL,US,Technology,2026-06-13,http://mwojud552brg7rl3obqjvv2funhwpg6acdsuuoeytq7365kmaeoi4gqd.onion,listed,,,,,,no
krybit,www.mbt-energy.com,DE,Energy,2026-06-13,http://krybitqsdzwmhnitvwuhvsntfgf2wrhxveyxroxpc44c6gkft2cqldyd.onion/blog/4f79f41d4473a7f8988e6e4b8faad58d60cace55604e0c7b40d27f8bf55fef44/,listed,,,,,,no
payload,myipo.gov.my,MY,Public Sector,2026-06-13,http://payloadrz5yw227brtbvdqpnlhq3rdcdekdnn3rgucbcdeawq2v6vuyd.onion/posts/60d121ff-653a-4d9c-8e56-5381c4047607,listed,,2 GB,,countdown,http://payloadrz5yw227brtbvdqpnlhq3rdcdekdnn3rgucbcdeawq2v6vuyd.onion,yes
stormous,mlit.com.my,MY,Public Sector,2026-06-12,http://stmxylixiz4atpmkspvhkym4xccjvpcv3v67uh3dze7xwwhtnz4faxid.onion,listed,,,,,,no
threeam,jetmachprod.com,,Manufacturing,2026-06-12,http://threeamkelxicjsaf2czjyz2lc4q3ngqkxhhlexyfcp2o6raw4rphyad.onion/detail/sn4jgn4a8h6tor8jcw4holx08szr1v,listed,,,,,,no
threeam,jastrebarsko.hr,HR,,2026-06-12,http://threeamkelxicjsaf2czjyz2lc4q3ngqkxhhlexyfcp2o6raw4rphyad.onion/detail/3zsu4z1agckf9guzt2cqj5e0xyas4l,listed,,,,,,no
threeam,palmero.com,,,2026-06-12,http://threeamkelxicjsaf2czjyz2lc4q3ngqkxhhlexyfcp2o6raw4rphyad.onion/detail/0zq8hrbrhv034otwl4v84w50ebua7k,listed,,,,,,no
threeam,insamani.com.ar,AR,,2026-06-12,http://threeamkelxicjsaf2czjyz2lc4q3ngqkxhhlexyfcp2o6raw4rphyad.onion/detail/yps8ur0sb28i2v2almvvnch8eniqpd,listed,,,,,,no
threeam,bsynchro.com,DE,Technology,2026-06-12,http://threeamkelxicjsaf2czjyz2lc4q3ngqkxhhlexyfcp2o6raw4rphyad.onion/detail/088qfsyelb8b90q2zrgferiovsb7x6,listed,,,,,,no
threeam,molinoscabodi.com.ar,AR,Agriculture and Food Production,2026-06-12,http://threeamkelxicjsaf2czjyz2lc4q3ngqkxhhlexyfcp2o6raw4rphyad.onion/detail/5hyouhzkcbkfrsrjvmbef9x9psq88o,listed,,,,,,no
threeam,ws.com.br,BR,Business Services,2026-06-12,http://threeamkelxicjsaf2czjyz2lc4q3ngqkxhhlexyfcp2o6raw4rphyad.onion/detail/87saj8y4w6unocty1j0h3ecdv0afsk,listed,,,,,,no
threeam,consultic.be,BE,Business Services,2026-06-12,http://threeamkelxicjsaf2czjyz2lc4q3ngqkxhhlexyfcp2o6raw4rphyad.onion/detail/hvugylht1vjli5a5kddlemua4k5euy,listed,,,,,,no
threeam,amc.org.au,AU,,2026-06-12,http://threeamkelxicjsaf2czjyz2lc4q3ngqkxhhlexyfcp2o6raw4rphyad.onion/detail/0v3n50c2mkbq7yuw4j0pofd23pe8f7,listed,,,,,,no
threeam,agroexportavocados.com,MX,Agriculture and Food Production,2026-06-12,http://threeamkelxicjsaf2czjyz2lc4q3ngqkxhhlexyfcp2o6raw4rphyad.onion/detail/mhgp5in49ncj9djli4e8aevzeak7jm,listed,,,,,,no
threeam,hoplongtech.com,VN,Technology,2026-06-12,http://threeamkelxicjsaf2czjyz2lc4q3ngqkxhhlexyfcp2o6raw4rphyad.onion/detail/nu7t5rae7975sui715mtv5bpbddb2f,listed,,,,,,no
threeam,mgrlaw.com,US,Business Services,2026-06-12,http://threeamkelxicjsaf2czjyz2lc4q3ngqkxhhlexyfcp2o6raw4rphyad.onion/detail/u0dobx57fop2jboz33yuxnyalqzimi,listed,,,,,,no
coinbasecartel,Demand.io,US,Technology,2026-06-12,http://fjg4zi4opkxkvdz7mvwp7h6goe4tcby3hhkrz43pht4j3vakhy75znyd.onion/companies/demand,listed,,,,,,no
coinbasecartel,Cambridge Mobile Telematics,US,Technology,2026-06-12,http://fjg4zi4opkxkvdz7mvwp7h6goe4tcby3hhkrz43pht4j3vakhy75znyd.onion/companies/cmtele,listed,,,,,,no
shadowbyt3$,Nintendo Company (Nintendo.com),JP,Technology,2026-06-12,http://mfbbt65kir2drc7tuoukwibikgvxquauscnzgbeltkmidjtgqlzm2qad.onion,listed,,,,,,no
dragonforce,Cheoy Lee Shipyards,HK,Manufacturing,2026-06-12,http://z3wqggtxft7id3ibr7srivv5gjof5fwg76slewnzwwakjuf3nlhukdid.onion/blog/?post_uuid=35fcc6bd-3ac2-4175-b2ad-9c58dc4bc4f5,listed,,,,,,no
dragonforce,Al Ishrak Contracting,AE,Construction,2026-06-12,http://z3wqggtxft7id3ibr7srivv5gjof5fwg76slewnzwwakjuf3nlhukdid.onion/blog/?post_uuid=5afe6fa8-d4ee-4680-80b1-49f6266d2b1b,listed,,,,,,no
qilin,DISTINET MURCIA SL,ES,Business Services,2026-06-12,http://ijzn3sicrcy7guixkzjkib4ukbiilwc3xhnmby4mcbccnsd7j2rekvqd.onion/site/blog?uuid=1207ed2f-999e-484e-9818-36c88c5b4ec4,listed,,,,,,no
gunra,MHE9 Logística Ltda,BR,Transportation/Logistics,2026-06-12,http://gunrabxbig445sjqa535uaymzerj6fp4nwc6ngc2xughf2pedjdhk4ad.onion,listed,,,,,,no
gunra,Suárez&Clavera,UY,Business Services,2026-06-12,http://gunrabxbig445sjqa535uaymzerj6fp4nwc6ngc2xughf2pedjdhk4ad.onion,listed,,,,,,no
dragonforce,Corniche Hotel Abu Dhabi,AE,Hospitality and Tourism,2026-06-12,http://z3wqggtxft7id3ibr7srivv5gjof5fwg76slewnzwwakjuf3nlhukdid.onion/blog/?post_uuid=e08d24da-219a-4529-a8f2-d3ca264e5168,listed,,,,,,no
akira,DDC Domus Design Collection,,Consumer Services,2026-06-12,http://akiral2iz6a7qgd3ayp3l6yub7xx2uep76idk3u2kollpj5z3z636bad.onion,listed,,,,,,no
dragonforce,A. Liberty Engineering Co. Ltd,HK,Manufacturing,2026-06-12,http://z3wqggtxft7id3ibr7srivv5gjof5fwg76slewnzwwakjuf3nlhukdid.onion/blog/?post_uuid=6cdc6f0c-3083-4f25-b358-a37a5e463d54,listed,,,,,,no
dragonforce,Al Shafar GRC,AE,Business Services,2026-06-12,http://z3wqggtxft7id3ibr7srivv5gjof5fwg76slewnzwwakjuf3nlhukdid.onion/blog/?post_uuid=b7d53a52-8293-4d08-b9b8-9daa74f0db0c,listed,,,,,,no
dragonforce,The DRM,BH,,2026-06-12,http://z3wqggtxft7id3ibr7srivv5gjof5fwg76slewnzwwakjuf3nlhukdid.onion/blog/?post_uuid=809847a5-1a4e-4061-b622-fd9f83403823,listed,,,,,,no
shinyhunters,Madison Square Garden Sports Corp.,US,Consumer Services,2026-06-12,http://toolatedhs5dtr2pv6h5kdraneak5gs3sxrecqhoufc5e45edior7mqd.onion,listed,,,,,,no
shinyhunters,JCPenney & several other subsdiaries under Catalyst Brands & Authentic Brands Group,US,Consumer Services,2026-06-12,http://toolatedhs5dtr2pv6h5kdraneak5gs3sxrecqhoufc5e45edior7mqd.onion,listed,,,,,,no
shinyhunters,American Tower Corporation,US,Telecommunication,2026-06-12,http://toolatedhs5dtr2pv6h5kdraneak5gs3sxrecqhoufc5e45edior7mqd.onion,listed,,,,,,no
shinyhunters,Zayo.com & Allstream.com,US,Telecommunication,2026-06-12,http://toolatedhs5dtr2pv6h5kdraneak5gs3sxrecqhoufc5e45edior7mqd.onion,listed,,,,,,no
krybit,aisem.gob.bo,BO,Public Sector,2026-06-12,http://krybitqsdzwmhnitvwuhvsntfgf2wrhxveyxroxpc44c6gkft2cqldyd.onion/blog/c67e84903e2846c4ee156159fe8d168786be2d7d2c0c624739aaa9ded8bba542/,listed,,,,,,no
krybit,www.progress-security.com,DE,Technology,2026-06-12,http://krybitqsdzwmhnitvwuhvsntfgf2wrhxveyxroxpc44c6gkft2cqldyd.onion/blog/0631acce32e1e6aea1cf162256c9e33ac91992606e9e2551053f25837fea805c/,listed,,,,,,no
insomnia,The Vant Group,US,Business Services,2026-06-12,http://i62huw7ve22rpyw6lnq3kmfump2dmsg4xpveec3ere73njwatrz74gad.onion/Company/TVG/,listed,,,,published,http://i62huw7ve22rpyw6lnq3kmfump2dmsg4xpveec3ere73njwatrz74gad.onion,yes
bravox,CCS GLOBAL TECH,US,Technology,2026-06-12,http://bravoxxwcfz5qk43ychgveprpd5mw5hvxfs4a2uz2okx7mumiht4fzyd.onion/blog/57e87409-0a66-4489-9554-4f84195ca31c,listed,,,,,,no
nightspire,Pattono S.r.l,IT,Business Services,2026-06-12,http://nspirep7orjq73k2x2fwh2mxgh74vm2now6cdbnnxjk2f5wn34bmdxad.onion,listed,,,,,,no
nightspire,Sierra West Jewelers,US,Consumer Services,2026-06-12,http://nspirep7orjq73k2x2fwh2mxgh74vm2now6cdbnnxjk2f5wn34bmdxad.onion,listed,,,,,,no
direwolf,Jewelex,CY,Consumer Services,2026-06-12,http://direwolfcdkv5whaz2spehizdg22jsuf5aeje4asmetpbt6ri4jnd4qd.onion/api/public/articles/67,listed,,,,,,no
direwolf,Clínica Vida,BR,Healthcare,2026-06-12,http://direwolfcdkv5whaz2spehizdg22jsuf5aeje4asmetpbt6ri4jnd4qd.onion/api/public/articles/68,listed,,,,,,no
direwolf,Did Asia,TH,,2026-06-12,http://direwolfcdkv5whaz2spehizdg22jsuf5aeje4asmetpbt6ri4jnd4qd.onion/api/public/articles/69,listed,,,,,,no
direwolf,Nueva Pescanova Group,ES,Agriculture and Food Production,2026-06-12,http://direwolfcdkv5whaz2spehizdg22jsuf5aeje4asmetpbt6ri4jnd4qd.onion/api/public/articles/70,listed,,,,,,no
anubis,FÉTIS Group & SECOM Engineering,FR,Business Services,2026-06-11,http://om6q4a6cyipxvt7ioudxt24cw4oqu4yodmqzl25mqd2hgllymrgu4aqd.onion/r/WL4ccwT0SkTLKAC34vbkHjv+rbrTBXJTcpcP2mAOU7bWslm3ScUpTFRN+Rx9eCrB6peb2gS8K3v6q5ESG2ThWSFRZa2Y4,listed,,,,,,no
incransom,Kewaunee Scientific,US,Manufacturing,2026-06-11,http://incblog6qu4y4mm4zvw5nrmue6qbwtgjsxpw6b7ixzssu36tsajldoad.onion/blog/disclosures/6a2b072c5ae71db30c2b2723,listed,,,,,,no
incransom,Signazon_USA,US,Technology,2026-06-11,http://incblog6qu4y4mm4zvw5nrmue6qbwtgjsxpw6b7ixzssu36tsajldoad.onion/blog/disclosures/6a2afb385ae71db30c29d014,listed,,,,,,no
m3rx,maringoodman.com,US,Consumer Services,2026-06-11,http://4k6plf4h2cm2nco6ae3inrsxnmqgl6lllmwefydhnlcq4tuhwbj4qpad.onion#maringoodman.com,listed,,2.33 TB,,published,http://4k6plf4h2cm2nco6ae3inrsxnmqgl6lllmwefydhnlcq4tuhwbj4qpad.onion,yes
m3rx,suppcenter.global / suppcentersa.com,AR,Business Services,2026-06-11,http://4k6plf4h2cm2nco6ae3inrsxnmqgl6lllmwefydhnlcq4tuhwbj4qpad.onion#suppcenter.global / suppcentersa.com,listed,,,,,,no
m3rx,hbexperts-conseils.ca,CA,Business Services,2026-06-11,http://4k6plf4h2cm2nco6ae3inrsxnmqgl6lllmwefydhnlcq4tuhwbj4qpad.onion#hbexperts-conseils.ca,listed,,105gb,,published,http://4k6plf4h2cm2nco6ae3inrsxnmqgl6lllmwefydhnlcq4tuhwbj4qpad.onion,yes
m3rx,werkstoff-service.de,DE,Manufacturing,2026-06-11,http://4k6plf4h2cm2nco6ae3inrsxnmqgl6lllmwefydhnlcq4tuhwbj4qpad.onion#werkstoff-service.de,listed,,1.82 TB.,,published,http://4k6plf4h2cm2nco6ae3inrsxnmqgl6lllmwefydhnlcq4tuhwbj4qpad.onion,yes
m3rx,fasadeconsult.no,NO,Business Services,2026-06-11,http://4k6plf4h2cm2nco6ae3inrsxnmqgl6lllmwefydhnlcq4tuhwbj4qpad.onion#fasadeconsult.no,listed,,84gb,,published,http://4k6plf4h2cm2nco6ae3inrsxnmqgl6lllmwefydhnlcq4tuhwbj4qpad.onion,yes
m3rx,ktwhs.com,CA,,2026-06-11,http://4k6plf4h2cm2nco6ae3inrsxnmqgl6lllmwefydhnlcq4tuhwbj4qpad.onion#ktwhs.com,listed,,,,published,http://4k6plf4h2cm2nco6ae3inrsxnmqgl6lllmwefydhnlcq4tuhwbj4qpad.onion,yes
dragonforce,Areco,SE,,2026-06-11,http://z3wqggtxft7id3ibr7srivv5gjof5fwg76slewnzwwakjuf3nlhukdid.onion/blog/?post_uuid=7c280f4f-e99b-4895-b1a0-bf6b276d762e,listed,,,,,,no
thegentlemen,UiTM Holdings,MY,Education,2026-06-11,http://tezwsse5czllksjb7cwp65rvnk4oobmzti2znn42i43bjdfd2prqqkad.onion,listed,,,,,,no
thegentlemen,Scenic Hudson,US,Public Sector,2026-06-11,http://tezwsse5czllksjb7cwp65rvnk4oobmzti2znn42i43bjdfd2prqqkad.onion,listed,,,,,,no
thegentlemen,Silmquinas e Equipamentos,BR,Manufacturing,2026-06-11,http://tezwsse5czllksjb7cwp65rvnk4oobmzti2znn42i43bjdfd2prqqkad.onion,listed,,,,,,no
thegentlemen,Tokabei Japan,JP,Consumer Services,2026-06-11,http://tezwsse5czllksjb7cwp65rvnk4oobmzti2znn42i43bjdfd2prqqkad.onion,listed,,,,,,no
thegentlemen,Allensbach Volunteer,DE,,2026-06-11,http://tezwsse5czllksjb7cwp65rvnk4oobmzti2znn42i43bjdfd2prqqkad.onion,listed,,,,,,no
incransom,DISCOLABINDU,FR,,2026-06-11,http://incblog6qu4y4mm4zvw5nrmue6qbwtgjsxpw6b7ixzssu36tsajldoad.onion/blog/disclosures/6a2a7bbf5ae71db30c1d4136,listed,,,,,,no
lynx,www.commonwealth-partners.com,GB,Business Services,2026-06-11,http://lynxchatly4zludmhmi75jrwhycnoqvkxb4prohxmyzf4euf5gjxroad.onion/leaks/6a2ad92cc192cbbf2f0d1d0d,listed,,,,,,no
dragonforce,Hong Kong Parkview,HK,Hospitality and Tourism,2026-06-11,http://z3wqggtxft7id3ibr7srivv5gjof5fwg76slewnzwwakjuf3nlhukdid.onion/blog/?post_uuid=65a2b582-2f38-4537-b839-5a250f406c97,listed,,,,,,no
dragonforce,Astec Valves & Fittings Pvt,IN,Manufacturing,2026-06-11,http://z3wqggtxft7id3ibr7srivv5gjof5fwg76slewnzwwakjuf3nlhukdid.onion/blog/?post_uuid=f92435ee-e67b-4091-8940-e5eba4daf3f4,listed,,,,,,no
dragonforce,Cekok,TR,,2026-06-11,http://z3wqggtxft7id3ibr7srivv5gjof5fwg76slewnzwwakjuf3nlhukdid.onion/blog/?post_uuid=bdf68eee-49ed-489a-aa9b-7faac51510a6,listed,,,,,,no
dragonforce,Brian Cox,GB,,2026-06-11,http://z3wqggtxft7id3ibr7srivv5gjof5fwg76slewnzwwakjuf3nlhukdid.onion/blog/?post_uuid=053ff566-6e37-43aa-ac8c-fa181e9a9104,listed,,,,,,no
cmdorganization,"New FACOM Co., Ltd.",JP,Manufacturing,2026-06-11,http://cmdnkiqjije2tllr3biee2sjgj3i4robg2cbtilbnytdhh2wy3syrlyd.onion,listed,,,,,,no
qilin,Maui Divers Jewelry,US,Consumer Services,2026-06-11,http://ijzn3sicrcy7guixkzjkib4ukbiilwc3xhnmby4mcbccnsd7j2rekvqd.onion/site/blog?uuid=65aed0f9-1b58-4539-a84a-c167a0e7cf87,listed,,,,,,no
incransom,fineconsulting,RO,Business Services,2026-06-11,http://incblog6qu4y4mm4zvw5nrmue6qbwtgjsxpw6b7ixzssu36tsajldoad.onion/blog/disclosures/6a2a81c95ae71db30c1dd7e0,listed,,,,,,no
shinyhunters,Nexstar.tv,US,Technology,2026-06-11,http://toolatedhs5dtr2pv6h5kdraneak5gs3sxrecqhoufc5e45edior7mqd.onion,listed,,,,,,no
shinyhunters,Ralph Lauren Corporation,US,Consumer Services,2026-06-11,http://toolatedhs5dtr2pv6h5kdraneak5gs3sxrecqhoufc5e45edior7mqd.onion,listed,,,,,,no
worldleaks,Reliance Group,IN,,2026-06-11,https://worldleaksartrjm3c6vasllvgacbi5u3mgzkluehrzhk2jz4taufuid.onion/companies/0696449153,listed,,,,,,no
lockbit5,centralromana.com.do,DO,Agriculture and Food Production,2026-06-11,http://lockbitapt67g6rwzjbcxnww5efpg4qok6vpfeth7wx3okj52ks4wtad.onion/post/ae4b58d9d3620769eceb76cb2fb85d06,listed,,,,,,no
lockbit5,shougang.com.pe,PE,Manufacturing,2026-06-11,http://lockbitapt67g6rwzjbcxnww5efpg4qok6vpfeth7wx3okj52ks4wtad.onion/post/ff9476f3d1c44d05f0e12f0818c970cd,listed,,,,,,no
lockbit5,stahlwille.nl,NL,Manufacturing,2026-06-11,http://lockbitapt67g6rwzjbcxnww5efpg4qok6vpfeth7wx3okj52ks4wtad.onion/post/fdeba567b58be79ffaf03e44ac626587,listed,,,,,,no
lockbit5,lbreng.com.br,BR,Business Services,2026-06-11,http://lockbitapt67g6rwzjbcxnww5efpg4qok6vpfeth7wx3okj52ks4wtad.onion/post/1dc62194374e728a2eec9b7dbd4e7719,listed,,,,,,no
lockbit5,santoinacio-rio.com.br,BR,Business Services,2026-06-11,http://lockbitapt67g6rwzjbcxnww5efpg4qok6vpfeth7wx3okj52ks4wtad.onion/post/1eb9565e742bf657f69d8130574d9706,listed,,,,,,no
lockbit5,jec.co.id,ID,,2026-06-11,http://lockbitapt67g6rwzjbcxnww5efpg4qok6vpfeth7wx3okj52ks4wtad.onion/post/536bb0019c2d9a86c06a95db550a232d,listed,,,,,,no
lockbit5,shottermill-jun.surrey.sch.uk,GB,Education,2026-06-11,http://lockbitapt67g6rwzjbcxnww5efpg4qok6vpfeth7wx3okj52ks4wtad.onion/post/7c1c445817ea168bb62443e7998c6a63,listed,,,,,,no
lockbit5,columbiaorthogroup.com,US,Healthcare,2026-06-11,http://lockbitapt67g6rwzjbcxnww5efpg4qok6vpfeth7wx3okj52ks4wtad.onion/post/ebf1dce4e59f50b8f4ce76fc89f6c5be,listed,,,,,,no
lockbit5,vth.nl,NL,,2026-06-11,http://lockbitapt67g6rwzjbcxnww5efpg4qok6vpfeth7wx3okj52ks4wtad.onion/post/c06b94a7e74a285f80854e528b5e9bdc,listed,,,,,,no
lockbit5,implosa.com,MX,,2026-06-11,http://lockbitapt67g6rwzjbcxnww5efpg4qok6vpfeth7wx3okj52ks4wtad.onion/post/e7bea25bb7d9ada1aa74a2cc65f479a9,listed,,,,,,no
lockbit5,groupe-mbm.com,FR,Manufacturing,2026-06-11,http://lockbitapt67g6rwzjbcxnww5efpg4qok6vpfeth7wx3okj52ks4wtad.onion/post/36ed21499df74af2695389b5c2f3c053,listed,,,,,,no
lockbit5,scbgroup.com.sg,SG,Business Services,2026-06-11,http://lockbitapt67g6rwzjbcxnww5efpg4qok6vpfeth7wx3okj52ks4wtad.onion/post/6d670c0fff88ca0a53bc6bcad6d146bd,listed,,,,,,no
lockbit5,sumerfaktoring.com,RU,Financial Services,2026-06-11,http://lockbitapt67g6rwzjbcxnww5efpg4qok6vpfeth7wx3okj52ks4wtad.onion/post/c1db428086ed429c863a8bc8e85331fb,listed,,,,,,no
lockbit5,hgs-wt.at,AT,,2026-06-11,http://lockbitapt67g6rwzjbcxnww5efpg4qok6vpfeth7wx3okj52ks4wtad.onion/post/38deb808dc6b87b3e82f84fedd0e61ab,listed,,,,,,no
lockbit5,grupodetoni.com.br,BR,Business Services,2026-06-11,http://lockbitapt67g6rwzjbcxnww5efpg4qok6vpfeth7wx3okj52ks4wtad.onion/post/c264c6db1092d3c9ae6f61751bac6df6,listed,,,,,,no
lockbit5,hollandbulbfarms.com,US,Agriculture and Food Production,2026-06-11,http://lockbitapt67g6rwzjbcxnww5efpg4qok6vpfeth7wx3okj52ks4wtad.onion/post/98972a04c767fe9b7560ef4046d6d8ce,listed,,,,,,no
lockbit5,dobarro.com.uy,UY,Consumer Services,2026-06-11,http://lockbitapt67g6rwzjbcxnww5efpg4qok6vpfeth7wx3okj52ks4wtad.onion/post/eac517f88f45cb49805b6c0cce7ade2a,listed,,,,,,no
lockbit5,helios.com.bo,BO,,2026-06-11,http://lockbitapt67g6rwzjbcxnww5efpg4qok6vpfeth7wx3okj52ks4wtad.onion/post/0f35a15d8ac3deaa9018d725ed1e4e10,listed,,,,,,no
lockbit5,wessels.group,DE,Business Services,2026-06-11,http://lockbitapt67g6rwzjbcxnww5efpg4qok6vpfeth7wx3okj52ks4wtad.onion/post/1863c2d62cdb4188998ec4c2d08d87b8,listed,,,,,,no
lockbit5,sierravistahospital.com,US,Healthcare,2026-06-11,http://lockbitapt67g6rwzjbcxnww5efpg4qok6vpfeth7wx3okj52ks4wtad.onion/post/afa8b3eab9c0ed2e88d2dc664d759f5e,listed,,,,,,no
lockbit5,patta.com,NL,Consumer Services,2026-06-11,http://lockbitapt67g6rwzjbcxnww5efpg4qok6vpfeth7wx3okj52ks4wtad.onion/post/de406c02a7d03bd41cefc09e637fdaa7,listed,,,,,,no
lockbit5,probat.com,DE,Manufacturing,2026-06-11,http://lockbitapt67g6rwzjbcxnww5efpg4qok6vpfeth7wx3okj52ks4wtad.onion/post/e8efcb117f49a4e544324d3bc06e7bbc,listed,,,,,,no
lockbit5,delano.k12.mn.us,US,Education,2026-06-11,http://lockbitapt67g6rwzjbcxnww5efpg4qok6vpfeth7wx3okj52ks4wtad.onion/post/a84860ae45ef1887ba072d1c631515a3,listed,,,,,,no
lockbit5,elumax.com,DE,,2026-06-11,http://lockbitapt67g6rwzjbcxnww5efpg4qok6vpfeth7wx3okj52ks4wtad.onion/post/8343d4d131e6f888806c7133f7720a41,listed,,,,,,no
lockbit5,uni-china.com,CN,Business Services,2026-06-11,http://lockbitapt67g6rwzjbcxnww5efpg4qok6vpfeth7wx3okj52ks4wtad.onion/post/f1bf84b998adcd22f9268718a09d9e88,listed,,,,,,no
lockbit5,sweetome.com,BR,Consumer Services,2026-06-11,http://lockbitapt67g6rwzjbcxnww5efpg4qok6vpfeth7wx3okj52ks4wtad.onion/post/317c02f671e43057a61c9f97b993c74a,listed,,,,,,no
qilin,Bitek System,KR,Technology,2026-06-11,http://ijzn3sicrcy7guixkzjkib4ukbiilwc3xhnmby4mcbccnsd7j2rekvqd.onion/site/blog?uuid=1bf9d880-109f-4804-a623-d7164ff437f8,listed,,,,,,no
shinyhunters,Notice,,,2026-06-11,http://toolatedhs5dtr2pv6h5kdraneak5gs3sxrecqhoufc5e45edior7mqd.onion,listed,,,,,,no
qilin,AltaVista Strategic Partners,MX,Business Services,2026-06-10,http://ijzn3sicrcy7guixkzjkib4ukbiilwc3xhnmby4mcbccnsd7j2rekvqd.onion/site/blog?uuid=d5982988-74d9-44ba-9efb-5dd13361ea10,listed,,,,,,no
qilin,Plaxen & Adler,DE,,2026-06-10,http://ijzn3sicrcy7guixkzjkib4ukbiilwc3xhnmby4mcbccnsd7j2rekvqd.onion/site/blog?uuid=ebd099f9-e001-4d35-9dd1-748609454217,listed,,,,,,no
lamashtu,PatayaFood,TH,Agriculture and Food Production,2026-06-10,http://lamashtux5j74mcm7lwwgn5yrvuwtrpxjoyendif3v3hrztjesfoyayd.onion/post/5be90be12d871d5b27cc0ac200fa2df2,listed,,,,,,no
qilin,Miller & Zois,US,Business Services,2026-06-10,http://ijzn3sicrcy7guixkzjkib4ukbiilwc3xhnmby4mcbccnsd7j2rekvqd.onion/site/blog?uuid=9b85113f-0369-48fb-b01b-6354f3940b89,listed,,,,,,no
qilin,Iliff,US,,2026-06-10,http://ijzn3sicrcy7guixkzjkib4ukbiilwc3xhnmby4mcbccnsd7j2rekvqd.onion/site/blog?uuid=806380d5-78f0-439d-ab13-02b17a0608b2,listed,,,,,,no
qilin,Efficient Home,US,Consumer Services,2026-06-10,http://ijzn3sicrcy7guixkzjkib4ukbiilwc3xhnmby4mcbccnsd7j2rekvqd.onion/site/blog?uuid=47d81bc0-e720-4062-9a2e-9eb0af9b3ae3,listed,,,,,,no
qilin,Bekman Marder Hopper Malarkey & Perlin,MD,Business Services,2026-06-10,http://ijzn3sicrcy7guixkzjkib4ukbiilwc3xhnmby4mcbccnsd7j2rekvqd.onion/site/blog?uuid=d766fdd6-3d5a-499b-8c80-ced92964f142,listed,,,,,,no
qilin,Dulany Leahy Curtis & Brophy,US,Business Services,2026-06-10,http://ijzn3sicrcy7guixkzjkib4ukbiilwc3xhnmby4mcbccnsd7j2rekvqd.onion/site/blog?uuid=f5510c0e-918b-42ad-b48e-31e102d8659f,listed,,,,,,no
qilin,dbHMS,DE,Healthcare,2026-06-10,http://ijzn3sicrcy7guixkzjkib4ukbiilwc3xhnmby4mcbccnsd7j2rekvqd.onion/site/blog?uuid=6f7dbe22-f16a-4ce4-8084-ed27cbf068e4,listed,,,,,,no
qilin,Teserra Outdoors,US,Consumer Services,2026-06-10,http://ijzn3sicrcy7guixkzjkib4ukbiilwc3xhnmby4mcbccnsd7j2rekvqd.onion/site/blog?uuid=d5c12bf5-1429-44eb-a535-d5cb0f9ccf8b,listed,,,,,,no
qilin,Wright Constable & Skeen,US,Business Services,2026-06-10,http://ijzn3sicrcy7guixkzjkib4ukbiilwc3xhnmby4mcbccnsd7j2rekvqd.onion/site/blog?uuid=87496ad5-3fa6-435b-8ab2-6a412010225d,listed,,,,,,no
qilin,Milstein Siegel,US,Financial Services,2026-06-10,http://ijzn3sicrcy7guixkzjkib4ukbiilwc3xhnmby4mcbccnsd7j2rekvqd.onion/site/blog?uuid=b939b9fa-7603-4bef-86c3-fc1009fbcab4,listed,,,,,,no
qilin,JV Equipment,US,Manufacturing,2026-06-10,http://ijzn3sicrcy7guixkzjkib4ukbiilwc3xhnmby4mcbccnsd7j2rekvqd.onion/site/blog?uuid=015ae224-29dd-4ec6-a013-4def278281be,listed,,,,,,no
qilin,SAMES,US,,2026-06-10,http://ijzn3sicrcy7guixkzjkib4ukbiilwc3xhnmby4mcbccnsd7j2rekvqd.onion/site/blog?uuid=92392bee-2ff3-4254-b679-08288920abc5,listed,,,,,,no
qilin,C.C. Creations,US,Consumer Services,2026-06-10,http://ijzn3sicrcy7guixkzjkib4ukbiilwc3xhnmby4mcbccnsd7j2rekvqd.onion/site/blog?uuid=6471e3bc-fcbb-4fc9-ba47-f23aa94e071d,listed,,,,,,no
qilin,TagleRock Technologies,,Technology,2026-06-10,http://ijzn3sicrcy7guixkzjkib4ukbiilwc3xhnmby4mcbccnsd7j2rekvqd.onion/site/blog?uuid=b0c8ebe3-5483-46aa-ad11-ef414e710de8,listed,,,,,,no
qilin,Metro Electric,US,Energy,2026-06-10,http://ijzn3sicrcy7guixkzjkib4ukbiilwc3xhnmby4mcbccnsd7j2rekvqd.onion/site/blog?uuid=b9f4a980-ccf8-4631-9104-c1300d3d427b,listed,,,,,,no
krybit,libertyinsurance.com.ph,PH,Financial Services,2026-06-10,http://krybitqsdzwmhnitvwuhvsntfgf2wrhxveyxroxpc44c6gkft2cqldyd.onion/blog/720acf2ad8b733584750bc37aad17dfbd6accf6634e9ac4ca5348ae0e55f986c/,listed,,,,,,no
krybit,"PROBE, S.A. DE C.V",MX,,2026-06-10,http://krybitqsdzwmhnitvwuhvsntfgf2wrhxveyxroxpc44c6gkft2cqldyd.onion/blog/99b5f21e6809fa3b3992cf6ba1ef0b3cd8850ff3910cbdd76f9dd2ecd5e68dc9/,listed,,,,published,http://krybieodq754vlwufrsuxaswxb5zpxyibaawmed2jaduoz2e5m56hmid.onion,yes
play,Mundt and Associates,US,Business Services,2026-06-10,http://j75o7xvvsm4lpsjhkjvb4wl2q6ajegvabe6oswthuaubbykk4xkzgpid.onion/topic.php?id=wrqd9pVkMyJt2T,listed,,,,,,no
play,Rainbow Distributors USA,US,Consumer Services,2026-06-10,http://j75o7xvvsm4lpsjhkjvb4wl2q6ajegvabe6oswthuaubbykk4xkzgpid.onion/topic.php?id=B2HWTdJKr3ivzf,listed,,,,,,no
akira,Port Air Express,,Transportation/Logistics,2026-06-10,http://akiral2iz6a7qgd3ayp3l6yub7xx2uep76idk3u2kollpj5z3z636bad.onion,listed,,,,,,no
spacebears,Cattani,IT,,2026-06-10,http://5butbkrljkaorg5maepuca25oma7eiwo6a2rlhvkblb4v6mf3ki2ovid.onion/companies/50/cattani,listed,,,,published,http://5butbkrljkaorg5maepuca25oma7eiwo6a2rlhvkblb4v6mf3ki2ovid.onion,yes
incransom,FIZA,CZ,,2026-06-10,http://incblog6qu4y4mm4zvw5nrmue6qbwtgjsxpw6b7ixzssu36tsajldoad.onion/blog/disclosures/6a270bf95ae71db30cb8589e,listed,,,,,,no
akira,The Midland Theatre,GB,Hospitality and Tourism,2026-06-10,http://akiral2iz6a7qgd3ayp3l6yub7xx2uep76idk3u2kollpj5z3z636bad.onion,listed,,,,,,no
akira,Associated Investor Services,,Financial Services,2026-06-10,http://akiral2iz6a7qgd3ayp3l6yub7xx2uep76idk3u2kollpj5z3z636bad.onion,listed,,,,,,no
worldleaks,Tata Electronics,IN,Manufacturing,2026-06-10,https://worldleaksartrjm3c6vasllvgacbi5u3mgzkluehrzhk2jz4taufuid.onion/companies/8541753929,listed,,,,,,no
worldleaks,First Federal Savings & Loan,US,Financial Services,2026-06-10,https://worldleaksartrjm3c6vasllvgacbi5u3mgzkluehrzhk2jz4taufuid.onion/companies/2508947949,listed,,,,,,no
worldleaks,Centra Sota Cooperative,US,Agriculture and Food Production,2026-06-10,https://worldleaksartrjm3c6vasllvgacbi5u3mgzkluehrzhk2jz4taufuid.onion/companies/0489368312,listed,,,,,,no
morpheus,HDFC FUND,IN,Financial Services,2026-06-10,http://izsp6ipui4ctgxfugbgtu65kzefrucltyfpbxplmfybl5swiadpljmyd.onion,listed,,,,,,no
pear,K & E Distributing,US,Transportation/Logistics,2026-06-10,http://pearsmob5sn44ismokiusuld34pnfwi6ctgin3qbvonpoob4lh3rmtqd.onion/Companies/kedistributing,listed,,682 Gb,,published,http://peargxn3oki34c4savcbcfqofjjwjnnyrlrbszfv6ujlx36mhrh57did.onion,yes
pear,Bayou Electrical Services,US,Construction,2026-06-10,http://pearsmob5sn44ismokiusuld34pnfwi6ctgin3qbvonpoob4lh3rmtqd.onion/Companies/bayouelectrical,listed,,2.4 Tb,,published,http://peargxn3oki34c4savcbcfqofjjwjnnyrlrbszfv6ujlx36mhrh57did.onion,yes
pear,National Health Fund,JM,Healthcare,2026-06-10,http://pearsmob5sn44ismokiusuld34pnfwi6ctgin3qbvonpoob4lh3rmtqd.onion/Companies/nhf,listed,,2.9 Tb,,published,http://peargxn3oki34c4savcbcfqofjjwjnnyrlrbszfv6ujlx36mhrh57did.onion,yes
pear,Alpha IT,NO,Technology,2026-06-10,http://pearsmob5sn44ismokiusuld34pnfwi6ctgin3qbvonpoob4lh3rmtqd.onion/Companies/alphait,listed,,21 Tb,,published,http://peargxn3oki34c4savcbcfqofjjwjnnyrlrbszfv6ujlx36mhrh57did.onion,yes
dragonforce,Sayre Associates,US,Business Services,2026-06-10,http://z3wqggtxft7id3ibr7srivv5gjof5fwg76slewnzwwakjuf3nlhukdid.onion/blog/?post_uuid=7bdce603-5d2a-4f3a-a973-a8fb133483bd,listed,,,,,,no
fulcrumsec,Global Schools Foundation,,Education,2026-06-10,http://4e3p3in2bl67hxchuwza7qvnpe7pyeloyztr5fnh257fxkovfhappjyd.onion/gsg/,listed,,,,,,no
spacebears,Lösing Filtertechnik,DE,Manufacturing,2026-06-10,http://5butbkrljkaorg5maepuca25oma7eiwo6a2rlhvkblb4v6mf3ki2ovid.onion/companies/48/losing-filtertechnik,listed,,,,,,no
termite,Cal Fresh,CA,Agriculture and Food Production,2026-06-09,http://termiteuslbumdge2zmfmfcsrvmvsfe4gvyudc5j6cdnisnhtftvokid.onion/post/6a27543ec684b738d525bc1d,listed,,,,published,http://termiteuslbumdge2zmfmfcsrvmvsfe4gvyudc5j6cdnisnhtftvokid.onion,yes
insomnia,Mid-Cumberland Human Resource Agency,US,Business Services,2026-06-09,http://i62huw7ve22rpyw6lnq3kmfump2dmsg4xpveec3ere73njwatrz74gad.onion/Company/MCHRA/,listed,,,,published,http://i62huw7ve22rpyw6lnq3kmfump2dmsg4xpveec3ere73njwatrz74gad.onion,yes
prinzeugen,Spratley's of Mortimer,,Consumer Services,2026-06-09,http://prinzfkbjiazbrur4mjje6mntjc4vydx3iatkkzycufoylqcoo4y7pqd.onion/spratley-s-of-mortimer,listed,,,,,,no
shinyhunters,nottingham.ac.uk,GB,Education,2026-06-09,http://toolatedhs5dtr2pv6h5kdraneak5gs3sxrecqhoufc5e45edior7mqd.onion,listed,,,,,,no
prinzeugen,Spratley's,,Consumer Services,2026-06-09,http://prinzfkbjiazbrur4mjje6mntjc4vydx3iatkkzycufoylqcoo4y7pqd.onion/spratleys,listed,,,,,,no
embargo,Auburn Electrical Construction Company,US,Construction,2026-06-09,http://embargobe3n5okxyzqphpmk3moinoap2snz5k6765mvtkk7hhi544jid.onion/#/post/171f9184-aa30-48cb-bae9-ef48ca89cec5,listed,,,,published,http://embargobe3n5okxyzqphpmk3moinoap2snz5k6765mvtkk7hhi544jid.onion,yes
worldleaks,Apollo Pipes,IN,Manufacturing,2026-06-09,https://worldleaksartrjm3c6vasllvgacbi5u3mgzkluehrzhk2jz4taufuid.onion/companies/0396596962,listed,,,,,,no
worldleaks,GDL Transport,SE,Transportation/Logistics,2026-06-09,https://worldleaksartrjm3c6vasllvgacbi5u3mgzkluehrzhk2jz4taufuid.onion/companies/5240490207,listed,,,,,,no
worldleaks,M1xchange,IN,Technology,2026-06-09,https://worldleaksartrjm3c6vasllvgacbi5u3mgzkluehrzhk2jz4taufuid.onion/companies/6435609060,listed,,,,,,no
chaos,airespring.com,US,Technology,2026-06-09,http://hptqq2o2qjva7lcaaq67w36jihzivkaitkexorauw7b2yul2z6zozpqd.onion/post/oMJZD5nwXI71QbElAkvd2L28Fb4xbKRk,listed,,,,,,no
akira,Spray Equipment & Service Center,,Business Services,2026-06-09,http://akiral2iz6a7qgd3ayp3l6yub7xx2uep76idk3u2kollpj5z3z636bad.onion,listed,,,,,,no
akira,Rockaway River Country Club,NJ,Hospitality and Tourism,2026-06-09,http://akiral2iz6a7qgd3ayp3l6yub7xx2uep76idk3u2kollpj5z3z636bad.onion,listed,,,,,,no
akira,SMPC Architects,,Construction,2026-06-09,http://akiral2iz6a7qgd3ayp3l6yub7xx2uep76idk3u2kollpj5z3z636bad.onion,listed,,,,,,no
akira,Centre Ellipse,,,2026-06-09,http://akiral2iz6a7qgd3ayp3l6yub7xx2uep76idk3u2kollpj5z3z636bad.onion,listed,,,,,,no
stormous,katholiekamersfoort.nl UPDATE-FOR SALE,NL,,2026-06-09,http://stmxylixiz4atpmkspvhkym4xccjvpcv3v67uh3dze7xwwhtnz4faxid.onion,listed,,,,,,no
stormous,sa2000.com UPDATE-FULL DATA DUMP,,,2026-06-09,http://stmxylixiz4atpmkspvhkym4xccjvpcv3v67uh3dze7xwwhtnz4faxid.onion,listed,,,,,,no
nova,Trevi,IT,Construction,2026-06-09,http://novadmrkp4vbk2padk5t6pbxolndceuc7hrcq4mjaoyed6nxsqiuzyyd.onion/trevi,listed,,,,,,no
gunra,Cambridge Law Chambers,BS,Business Services,2026-06-09,http://gunrabxbig445sjqa535uaymzerj6fp4nwc6ngc2xughf2pedjdhk4ad.onion,listed,,,,,,no
termite,Wiese USA,US,Manufacturing,2026-06-08,http://termiteuslbumdge2zmfmfcsrvmvsfe4gvyudc5j6cdnisnhtftvokid.onion/post/6a20afa8c684b738d525af92,listed,,,,published,http://termiteuslbumdge2zmfmfcsrvmvsfe4gvyudc5j6cdnisnhtftvokid.onion,yes
termite,Roland Machinery,AU,Manufacturing,2026-06-08,http://termiteuslbumdge2zmfmfcsrvmvsfe4gvyudc5j6cdnisnhtftvokid.onion/post/6a20b001c684b738d525b058,listed,,,,published,http://termiteuslbumdge2zmfmfcsrvmvsfe4gvyudc5j6cdnisnhtftvokid.onion,yes
qilin,The Banyans Health and Wellness,AU,Healthcare,2026-06-08,http://ijzn3sicrcy7guixkzjkib4ukbiilwc3xhnmby4mcbccnsd7j2rekvqd.onion/site/blog?uuid=ef60ef22-903f-4645-95eb-68ec523e25c9,listed,,,,,,no
ransomhouse,Aegle Aviation,IN,Transportation/Logistics,2026-06-08,http://zohlm7ahjwegcedoz7lrdrti7bvpofymcayotp744qhx6gjmxbuo2yid.onion/r/5d7d8a5a8918d5bf59df160162142a7e96b42cc2,listed,,,,,,no
qilin,Kinetic Education,AU,Education,2026-06-08,http://ijzn3sicrcy7guixkzjkib4ukbiilwc3xhnmby4mcbccnsd7j2rekvqd.onion/site/blog?uuid=048ffcd7-1174-4fb2-986b-fefa9ed83935,listed,,,,,,no
ransomhouse,Ma Pak Leung Company Limited,HK,Agriculture and Food Production,2026-06-08,http://zohlm7ahjwegcedoz7lrdrti7bvpofymcayotp744qhx6gjmxbuo2yid.onion/r/08394e9fad8016695748ec838b6874bc2d0a8824,listed,,,,,,no
qilin,SatCom CX,US,Telecommunication,2026-06-08,http://ijzn3sicrcy7guixkzjkib4ukbiilwc3xhnmby4mcbccnsd7j2rekvqd.onion/site/blog?uuid=3028fcdd-559c-483a-a7e6-3a34914e7096,listed,,,,,,no
qilin,Isuzu Motors,TH,Manufacturing,2026-06-08,http://ijzn3sicrcy7guixkzjkib4ukbiilwc3xhnmby4mcbccnsd7j2rekvqd.onion/site/blog?uuid=d8f1fcdc-8f3f-4a6c-b81c-429c0fca2757,listed,,,,,,no
qilin,Opera Comique,FR,Hospitality and Tourism,2026-06-08,http://ijzn3sicrcy7guixkzjkib4ukbiilwc3xhnmby4mcbccnsd7j2rekvqd.onion/site/blog?uuid=3dd2edca-3ce3-4245-97d4-79dd78b7347b,listed,,,,,,no
qilin,Shipping Association of NY and NJ,US,Transportation/Logistics,2026-06-08,http://ijzn3sicrcy7guixkzjkib4ukbiilwc3xhnmby4mcbccnsd7j2rekvqd.onion/site/blog?uuid=761a1079-02a3-4b6b-928d-d3358b93ad94,listed,,,,,,no
akira,HRC Sicherheitsdienste,DE,Business Services,2026-06-08,http://akiral2iz6a7qgd3ayp3l6yub7xx2uep76idk3u2kollpj5z3z636bad.onion,listed,,,,,,no
nightspire,GRIP Outreach For Youth,US,Education,2026-06-08,http://nspirep7orjq73k2x2fwh2mxgh74vm2now6cdbnnxjk2f5wn34bmdxad.onion,listed,,,,,,no
nightspire,"Unique Litho, Inc",US,Manufacturing,2026-06-08,http://nspirep7orjq73k2x2fwh2mxgh74vm2now6cdbnnxjk2f5wn34bmdxad.onion,listed,,,,,,no
nightspire,A*** G*** A*S*,,,2026-06-08,http://nspirep7orjq73k2x2fwh2mxgh74vm2now6cdbnnxjk2f5wn34bmdxad.onion,listed,,,,,,no
nightspire,ASIA STRATEGIC,,Business Services,2026-06-08,http://nspirep7orjq73k2x2fwh2mxgh74vm2now6cdbnnxjk2f5wn34bmdxad.onion,listed,,,,,,no
morpheus,3I INFOTECH,IN,Technology,2026-06-08,http://izsp6ipui4ctgxfugbgtu65kzefrucltyfpbxplmfybl5swiadpljmyd.onion,listed,,,,,,no
thegentlemen,IP Rings,IE,Technology,2026-06-08,http://tezwsse5czllksjb7cwp65rvnk4oobmzti2znn42i43bjdfd2prqqkad.onion,listed,,,,,,no
thegentlemen,Central Arkansas Pediatrics,US,Healthcare,2026-06-08,http://tezwsse5czllksjb7cwp65rvnk4oobmzti2znn42i43bjdfd2prqqkad.onion,listed,,,,,,no
thegentlemen,Metroply,,,2026-06-08,http://tezwsse5czllksjb7cwp65rvnk4oobmzti2znn42i43bjdfd2prqqkad.onion,listed,,,,,,no
thegentlemen,Tress,US,,2026-06-08,http://tezwsse5czllksjb7cwp65rvnk4oobmzti2znn42i43bjdfd2prqqkad.onion,listed,,,,,,no
thegentlemen,Institucion Cervantes,AR,Education,2026-06-08,http://tezwsse5czllksjb7cwp65rvnk4oobmzti2znn42i43bjdfd2prqqkad.onion,listed,,,,,,no
thegentlemen,Empty,ES,,2026-06-08,http://tezwsse5czllksjb7cwp65rvnk4oobmzti2znn42i43bjdfd2prqqkad.onion,listed,,,,,,no
thegentlemen,Jyharn Electronic,TW,Manufacturing,2026-06-08,http://tezwsse5czllksjb7cwp65rvnk4oobmzti2znn42i43bjdfd2prqqkad.onion,listed,,,,,,no
thegentlemen,Trigon America,US,,2026-06-08,http://tezwsse5czllksjb7cwp65rvnk4oobmzti2znn42i43bjdfd2prqqkad.onion,listed,,,,,,no
thegentlemen,FESCO Adecco,RU,Business Services,2026-06-08,http://tezwsse5czllksjb7cwp65rvnk4oobmzti2znn42i43bjdfd2prqqkad.onion,listed,,,,,,no
thegentlemen,The Clinic,GB,Healthcare,2026-06-08,http://tezwsse5czllksjb7cwp65rvnk4oobmzti2znn42i43bjdfd2prqqkad.onion,listed,,,,,,no
thegentlemen,Integrated Distribution,GB,Transportation/Logistics,2026-06-08,http://tezwsse5czllksjb7cwp65rvnk4oobmzti2znn42i43bjdfd2prqqkad.onion,listed,,,,,,no
thegentlemen,Yao Yuan Technology,TW,Technology,2026-06-08,http://tezwsse5czllksjb7cwp65rvnk4oobmzti2znn42i43bjdfd2prqqkad.onion,listed,,,,,,no
thegentlemen,Goldlion,HK,Consumer Services,2026-06-08,http://tezwsse5czllksjb7cwp65rvnk4oobmzti2znn42i43bjdfd2prqqkad.onion,listed,,,,,,no
thegentlemen,Danzo Group,JP,,2026-06-08,http://tezwsse5czllksjb7cwp65rvnk4oobmzti2znn42i43bjdfd2prqqkad.onion,listed,,,,,,no
thegentlemen,WCM Remedium,PL,Healthcare,2026-06-08,http://tezwsse5czllksjb7cwp65rvnk4oobmzti2znn42i43bjdfd2prqqkad.onion,listed,,,,,,no
payload,Plaza Lama,DO,Hospitality and Tourism,2026-06-08,http://payloadrz5yw227brtbvdqpnlhq3rdcdekdnn3rgucbcdeawq2v6vuyd.onion/posts/ae4b423a-d339-450c-b3fe-dbfd6d46c601,listed,,1 GB,,countdown,http://payloadrz5yw227brtbvdqpnlhq3rdcdekdnn3rgucbcdeawq2v6vuyd.onion,yes
payload,Hansoll Textile in Vietnam,VN,Manufacturing,2026-06-08,http://payloadrz5yw227brtbvdqpnlhq3rdcdekdnn3rgucbcdeawq2v6vuyd.onion/posts/8103c710-bffc-458d-9b3a-9cb2fe9d8817,listed,,200 GB,,countdown,http://payloadrz5yw227brtbvdqpnlhq3rdcdekdnn3rgucbcdeawq2v6vuyd.onion,yes
payload,Villea Hotels in AttanaHotels,,Hospitality and Tourism,2026-06-08,http://payloadrz5yw227brtbvdqpnlhq3rdcdekdnn3rgucbcdeawq2v6vuyd.onion/posts/4b9503f3-44bc-4c7a-bfac-68ca31acaa75,listed,,560 GB,,countdown,http://payloadrz5yw227brtbvdqpnlhq3rdcdekdnn3rgucbcdeawq2v6vuyd.onion,yes
blackwater,www.utourworld.com,,Hospitality and Tourism,2026-06-06,http://ejzl7cjxmkx7lzhiqwidmrwtfjv45pkczbc4fnyaut3t7gll3yaiq5id.onion/blog?uuid=908e35ca-0693-37f1-9b4d-05b2e59a59f1,listed,,,,,,no
play,Pearson Ford,GB,Transportation/Logistics,2026-06-06,http://j75o7xvvsm4lpsjhkjvb4wl2q6ajegvabe6oswthuaubbykk4xkzgpid.onion/topic.php?id=64thX5rrKSMtGp,listed,,,,,,no
incransom,kelmreuter.com,US,Business Services,2026-06-06,http://incblog6qu4y4mm4zvw5nrmue6qbwtgjsxpw6b7ixzssu36tsajldoad.onion/blog/disclosures/6a1ecd41d152110a6aed661c,listed,,,,,,no
genesis,*B*,US,,2026-06-06,http://genesis6ixpb5mcy4kudybtw5op2wqlrkocfogbnenz3c647ibqixiad.onion/13a83c68b809e44e7791/,listed,,,,,,no
nova,Universitas Nasional,ID,Education,2026-06-06,http://novadmrkp4vbk2padk5t6pbxolndceuc7hrcq4mjaoyed6nxsqiuzyyd.onion/universitas-nasional,listed,,,,,,no
krybit,huashan.com.cn,CN,,2026-06-06,http://krybitqsdzwmhnitvwuhvsntfgf2wrhxveyxroxpc44c6gkft2cqldyd.onion/blog/040c040c85339ebb4b2a8f8d865b4d2c5c83121b48c8dfde5436a78b113919fa/,listed,,,,,,no
anubis,Jeffrey Burr,US,Consumer Services,2026-06-05,http://om6q4a6cyipxvt7ioudxt24cw4oqu4yodmqzl25mqd2hgllymrgu4aqd.onion/r/zSH1aP0WJLX2Ip8dc202inJgQwZwsSKY4aNybqek6jqJzwa+DwYjVG2m9yEf9HnNh9ABxov52rJ0XPhiXxw1lWFISTI2ZzR6,listed,,,,,,no
nova,Aspire hospital,IN,Healthcare,2026-06-05,http://novadmrkp4vbk2padk5t6pbxolndceuc7hrcq4mjaoyed6nxsqiuzyyd.onion/aspire-hospital,listed,,,,,,no
krybit,schultz.com.br,BR,Business Services,2026-06-05,http://krybitqsdzwmhnitvwuhvsntfgf2wrhxveyxroxpc44c6gkft2cqldyd.onion/blog/f48b1e6bde5227d8950b8c30a544e9ba2a6694f6b9f19d8bec21f699ea1abbe8/,listed,,,,,,no
anubis,D&M Contractors,GB,Construction,2026-06-05,http://om6q4a6cyipxvt7ioudxt24cw4oqu4yodmqzl25mqd2hgllymrgu4aqd.onion/r/7ennLNxUKQ+HQYzWqdXuLdC6C5QrL0wfb8M5AZCTds3hzzunjNKym2DApCALNYMhfVLoA49bBTZQ2wEE3O4zd6bXpGSFJq,listed,,,,,,no
incransom,obrieneng.com,US,Construction,2026-06-05,http://incblog6qu4y4mm4zvw5nrmue6qbwtgjsxpw6b7ixzssu36tsajldoad.onion/blog/disclosures/6a232c515ae71db30c46b0a3,listed,,,,,,no
coinbasecartel,Demand.ioNEW,,Technology,2026-06-05,http://fjg4zi4opkxkvdz7mvwp7h6goe4tcby3hhkrz43pht4j3vakhy75znyd.onion/companies/demand,listed,,,,,,no
coinbasecartel,Cambridge Mobile TelematicNEW,US,Technology,2026-06-05,http://fjg4zi4opkxkvdz7mvwp7h6goe4tcby3hhkrz43pht4j3vakhy75znyd.onion/companies/cmtele,listed,,,,,,no
securotrop,Kriete Truck Centers,US,Transportation/Logistics,2026-06-05,http://securo45z554mw7rgrt7wcgv5eenj2xmxyrsdj3fcjsvindu63s4bsid.onion,listed,,151 GB,,published,http://securo45z554mw7rgrt7wcgv5eenj2xmxyrsdj3fcjsvindu63s4bsid.onion,yes
akira,Kennon Worldwide,,Business Services,2026-06-05,http://akiral2iz6a7qgd3ayp3l6yub7xx2uep76idk3u2kollpj5z3z636bad.onion,listed,,,,,,no
akira,Oaks Park,US,Consumer Services,2026-06-05,http://akiral2iz6a7qgd3ayp3l6yub7xx2uep76idk3u2kollpj5z3z636bad.onion,listed,,,,,,no
worldleaks,Access Dental,US,Healthcare,2026-06-05,https://worldleaksartrjm3c6vasllvgacbi5u3mgzkluehrzhk2jz4taufuid.onion/companies/1179219653,listed,,,,,,no
nightspire,First Mutual Holdings,ZW,Financial Services,2026-06-05,http://nspirep7orjq73k2x2fwh2mxgh74vm2now6cdbnnxjk2f5wn34bmdxad.onion,listed,,,,,,no
akira,T/CCI Manufacturing,,Manufacturing,2026-06-05,http://akiral2iz6a7qgd3ayp3l6yub7xx2uep76idk3u2kollpj5z3z636bad.onion,listed,,,,,,no
nightspire,Krum Public Library,US,Public Sector,2026-06-05,http://nspirep7orjq73k2x2fwh2mxgh74vm2now6cdbnnxjk2f5wn34bmdxad.onion,listed,,,,,,no
qilin,Central Florida Cosmetic & Family Dentistry,US,Healthcare,2026-06-05,http://ijzn3sicrcy7guixkzjkib4ukbiilwc3xhnmby4mcbccnsd7j2rekvqd.onion/site/blog?uuid=3e8ebaa2-d244-410b-947a-c04aeded27f9,listed,,,,,,no
dragonforce,REHA-ACTIV,DE,Healthcare,2026-06-05,http://z3wqggtxft7id3ibr7srivv5gjof5fwg76slewnzwwakjuf3nlhukdid.onion/blog/?post_uuid=346c0da9-56e1-4186-a56e-e9a9a88c2c73,listed,,,,,,no
qilin,Pro-MEC Engineering Services,,Business Services,2026-06-05,http://ijzn3sicrcy7guixkzjkib4ukbiilwc3xhnmby4mcbccnsd7j2rekvqd.onion/site/blog?uuid=65539539-1cc5-4859-8765-720d2be899e2,listed,,,,,,no
qilin,Jay's Catering,US,Hospitality and Tourism,2026-06-05,http://ijzn3sicrcy7guixkzjkib4ukbiilwc3xhnmby4mcbccnsd7j2rekvqd.onion/site/blog?uuid=3b1d5a52-c0e5-4b60-8a62-914ac986e3db,listed,,,,,,no
qilin,Ontario Home Builders' Association,CA,Construction,2026-06-05,http://ijzn3sicrcy7guixkzjkib4ukbiilwc3xhnmby4mcbccnsd7j2rekvqd.onion/site/blog?uuid=889c0174-5e2d-4529-b3d8-573c3e53bc5a,listed,,,,,,no
qilin,Swim-Mor Pools,US,Consumer Services,2026-06-05,http://ijzn3sicrcy7guixkzjkib4ukbiilwc3xhnmby4mcbccnsd7j2rekvqd.onion/site/blog?uuid=33ba9ef2-4761-4501-a216-a4bca21f4382,listed,,,,,,no
qilin,INTERSPA Betriebsverwaltungsgesellschaft,DE,Business Services,2026-06-05,http://ijzn3sicrcy7guixkzjkib4ukbiilwc3xhnmby4mcbccnsd7j2rekvqd.onion/site/blog?uuid=4c2c08a7-f2e1-4160-9735-6cca9b6bf7ff,listed,,,,,,no
